idx,farm_id,cycle_id,outer_fold,selected_config,actual_harvest_health,severe_event,forecast_harvest_health,phri_day60,pi_1,mu_1,sigma_1,pi_2,mu_2,sigma_2,pi_3,mu_3,sigma_3
0,FARM_01,FARM_01_C001,5,H64_K2_D10,0.7130773067474365,1,0.761937141418457,0.7418966556402611,0.6649177670478821,0.7655746340751648,0.033731672912836075,0.33508217334747314,0.7547191381454468,0.04478348419070244,,,
1,FARM_01,FARM_01_C002,5,H64_K2_D10,0.735551655292511,1,0.7524508833885193,0.8169787608493386,0.683327317237854,0.7555157542228699,0.033993758261203766,0.31667274236679077,0.7458372116088867,0.04572564736008644,,,
2,FARM_01,FARM_01_C003,5,H64_K2_D10,0.7617990374565125,1,0.7596802711486816,0.7612415238200653,0.6672695279121399,0.7635224461555481,0.033471427857875824,0.3327304720878601,0.7519748210906982,0.04537668824195862,,,
3,FARM_01,FARM_01_C004,5,H64_K2_D10,0.7171759605407715,1,0.7476005554199219,0.8435062861504943,0.6752455234527588,0.751135528087616,0.0347961001098156,0.3247544765472412,0.7402504086494446,0.046469442546367645,,,
4,FARM_01,FARM_01_C005,5,H64_K2_D10,0.7077764272689819,1,0.7702507376670837,0.6590920781067595,0.6021668910980225,0.7765145897865295,0.03445543348789215,0.39783310890197754,0.7607696652412415,0.042456261813640594,,,
5,FARM_01,FARM_01_C006,5,H64_K2_D10,0.7388002872467041,1,0.761727511882782,0.7464460097265307,0.6749565005302429,0.7650590538978577,0.033261511474847794,0.3250434994697571,0.754809558391571,0.04497864097356796,,,
6,FARM_01,FARM_01_C007,5,H64_K2_D10,0.7030007839202881,1,0.7649871110916138,0.7177565296075008,0.6626216173171997,0.7685683369636536,0.03289185091853142,0.3373784124851227,0.7579532265663147,0.04458101466298103,,,
7,FARM_01,FARM_01_C008,5,H64_K2_D10,0.7727922201156616,1,0.7798511981964111,0.570812579894028,0.634101927280426,0.7827584743499756,0.031124688684940338,0.36589810252189636,0.7748128175735474,0.041385799646377563,,,
8,FARM_01,FARM_01_C009,5,H64_K2_D10,0.7289352416992188,1,0.7702722549438477,0.6705397001387247,0.6396821737289429,0.7734944820404053,0.032604921609163284,0.36031782627105713,0.7645516395568848,0.04217397794127464,,,
9,FARM_01,FARM_01_C010,5,H64_K2_D10,0.733232855796814,1,0.7649376392364502,0.7155820462639073,0.6617370843887329,0.7695976495742798,0.033080365508794785,0.3382628858089447,0.7558212876319885,0.044290121644735336,,,
10,FARM_01,FARM_01_C011,5,H64_K2_D10,0.7504218816757202,1,0.7741111516952515,0.6328308267088666,0.6398800611495972,0.7776353359222412,0.031422410160303116,0.36011990904808044,0.7678492069244385,0.041861046105623245,,,
11,FARM_01,FARM_01_C012,5,H64_K2_D10,0.7857198715209961,1,0.7754926085472107,0.6170153067386768,0.642039954662323,0.7793816924095154,0.03152214363217354,0.3579600751399994,0.7685170769691467,0.04160179942846298,,,
12,FARM_01,FARM_01_C013,5,H64_K2_D10,0.7728557586669922,1,0.7822184562683105,0.5450223606587541,0.6277305483818054,0.7848185300827026,0.030666593462228775,0.3722693920135498,0.7778342366218567,0.040537744760513306,,,
13,FARM_01,FARM_01_C014,5,H64_K2_D10,0.7884801626205444,0,0.795002281665802,0.392581824601952,0.5914528965950012,0.7991570830345154,0.03002477064728737,0.40854716300964355,0.7889872789382935,0.03816485404968262,,,
14,FARM_01,FARM_01_C015,5,H64_K2_D10,0.7560093998908997,1,0.7933124303817749,0.4123016112150183,0.5873973369598389,0.7960205674171448,0.02927512302994728,0.4126026928424835,0.7894569635391235,0.03859112411737442,,,
15,FARM_01,FARM_01_C016,5,H64_K2_D10,0.7654447555541992,1,0.7841041088104248,0.5211155579361075,0.6132422089576721,0.7877871990203857,0.030612986534833908,0.3867577910423279,0.7782641649246216,0.0399177186191082,,,
16,FARM_01,FARM_01_C017,5,H64_K2_D10,0.7448345422744751,1,0.7951489686965942,0.3915432813482458,0.58879154920578,0.7993370294570923,0.03025105595588684,0.41120845079421997,0.789152204990387,0.03784240782260895,,,
17,FARM_01,FARM_01_C018,5,H64_K2_D10,0.7629112601280212,1,0.7850832939147949,0.5098926269552702,0.5938757061958313,0.7891829013824463,0.03115474432706833,0.4061243236064911,0.7790883779525757,0.039166130125522614,,,
18,FARM_01,FARM_01_C019,5,H64_K2_D10,0.7323939800262451,1,0.7679460048675537,0.6888111167833323,0.6354519128799438,0.7727304697036743,0.03327905759215355,0.36454805731773376,0.7596062421798706,0.04206765443086624,,,
19,FARM_01,FARM_01_C020,5,H64_K2_D10,0.791429340839386,0,0.7665454149246216,0.7028889807353478,0.6578677296638489,0.7707266211509705,0.033085424453020096,0.3421323299407959,0.758505642414093,0.04326556995511055,,,
20,FARM_01,FARM_01_C021,5,H64_K2_D10,0.6891258955001831,1,0.7645149230957031,0.7261793481229523,0.6637128591537476,0.7676052451133728,0.0325329564511776,0.3362872004508972,0.7584155797958374,0.043603938072919846,,,
21,FARM_01,FARM_01_C022,5,H64_K2_D10,0.7501577734947205,1,0.7692149877548218,0.6795013693884447,0.6540828943252563,0.7728777527809143,0.03267795220017433,0.34591710567474365,0.7622891664505005,0.04287635535001755,,,
22,FARM_01,FARM_01_C023,5,H64_K2_D10,0.7488152384757996,1,0.7526837587356567,0.810863083052578,0.679007351398468,0.7566344738006592,0.03446382284164429,0.3209925889968872,0.7443267107009888,0.046145305037498474,,,
23,FARM_01,FARM_01_C024,5,H64_K2_D10,0.7144836187362671,1,0.7744412422180176,0.6285630222228258,0.6244838833808899,0.7781679034233093,0.03182206302881241,0.3755161166191101,0.7682438492774963,0.041206132620573044,,,
24,FARM_01,FARM_01_C025,5,H64_K2_D10,0.7603767514228821,1,0.7545415163040161,0.792332855224272,0.6743089556694031,0.7592066526412964,0.03513301908969879,0.32569101452827454,0.7448828816413879,0.04634059593081474,,,
25,FARM_01,FARM_01_C026,5,H64_K2_D10,0.7884414792060852,0,0.7701169848442078,0.6677311751934161,0.6289922595024109,0.7745968103408813,0.03278488293290138,0.3710077106952667,0.7625221014022827,0.042806316167116165,,,
26,FARM_01,FARM_01_C027,5,H64_K2_D10,0.7573798894882202,1,0.778579831123352,0.5812002241047222,0.5998506546020508,0.7832237482070923,0.03253931552171707,0.4001493752002716,0.7716183066368103,0.040516261011362076,,,
27,FARM_01,FARM_01_C028,5,H64_K2_D10,0.7426350712776184,1,0.7756531238555908,0.6107040397246305,0.6142790913581848,0.7807429432868958,0.03335466608405113,0.3857209086418152,0.7675474882125854,0.04091889411211014,,,
28,FARM_01,FARM_01_C029,5,H64_K2_D10,0.7553806304931641,1,0.7717869281768799,0.6590212067392007,0.6369256973266602,0.7748351693153381,0.031331758946180344,0.3630743622779846,0.7664393186569214,0.04192441329360008,,,
29,FARM_01,FARM_01_C030,5,H64_K2_D10,0.7534093260765076,1,0.7651344537734985,0.715955972111871,0.6621659994125366,0.7685014009475708,0.033400192856788635,0.3378339409828186,0.7585353255271912,0.043909259140491486,,,
30,FARM_01,FARM_01_C031,5,H64_K2_D10,0.7633728384971619,1,0.7609029412269592,0.7525756327168031,0.6699334383010864,0.7645812630653381,0.03350419923663139,0.3300665616989136,0.7534371614456177,0.044462647289037704,,,
31,FARM_01,FARM_01_C032,5,H64_K2_D10,0.7850949168205261,1,0.7670527100563049,0.7050273430931033,0.6650210022926331,0.7694240212440491,0.032256629317998886,0.33497896790504456,0.7623451948165894,0.04317013546824455,,,
32,FARM_01,FARM_01_C033,5,H64_K2_D10,0.7548366189002991,1,0.803352415561676,0.2991760526628269,0.5439477562904358,0.806972324848175,0.029566030949354172,0.4560522437095642,0.799034833908081,0.03631913661956787,,,
33,FARM_01,FARM_01_C034,5,H64_K2_D10,0.7522144317626953,1,0.7989716529846191,0.3478520935757189,0.5662084817886353,0.803453266620636,0.029986221343278885,0.43379148840904236,0.7931219935417175,0.0370919294655323,,,
34,FARM_01,FARM_01_C035,5,H64_K2_D10,0.7371407151222229,1,0.8106626272201538,0.22535044031592547,0.5278971195220947,0.8141152858734131,0.029249053448438644,0.4721028804779053,0.806801974773407,0.035690996795892715,,,
35,FARM_01,FARM_01_C036,5,H64_K2_D10,0.7491334676742554,1,0.7804440855979919,0.560272303758317,0.6327128410339355,0.7850930690765381,0.03165300935506821,0.36728718876838684,0.7724354267120361,0.04103170707821846,,,
36,FARM_01,FARM_01_C037,5,H64_K2_D10,0.7781744599342346,1,0.7763388156890869,0.6078807069259698,0.6364113092422485,0.7802250385284424,0.03119547665119171,0.36358869075775146,0.7695364952087402,0.04175090044736862,,,
37,FARM_01,FARM_01_C038,5,H64_K2_D10,0.7494054436683655,1,0.7752090692520142,0.6163459905239143,0.6251344680786133,0.7803587317466736,0.032267145812511444,0.3748655617237091,0.7666212320327759,0.04126032441854477,,,
38,FARM_01,FARM_01_C039,5,H64_K2_D10,0.7410966157913208,1,0.7984504699707031,0.355590200663883,0.5615888833999634,0.8017717003822327,0.030353549867868423,0.4384111166000366,0.7941961884498596,0.0370514951646328,,,
39,FARM_01,FARM_01_C040,5,H64_K2_D10,0.7360712289810181,1,0.7608150243759155,0.7591624175183163,0.6711270809173584,0.7627071142196655,0.032995909452438354,0.3288729190826416,0.7569538354873657,0.0440942719578743,,,
40,FARM_01,FARM_01_C041,5,H64_K2_D10,0.7143310904502869,1,0.7882327437400818,0.474492389566331,0.5983878970146179,0.7912270426750183,0.030644118785858154,0.4016120731830597,0.7837713956832886,0.03837336599826813,,,
41,FARM_01,FARM_01_C042,5,H64_K2_D10,0.7854955196380615,1,0.7489379644393921,0.8369779047783026,0.6971163153648376,0.7519885897636414,0.03438980504870415,0.3028836250305176,0.741916835308075,0.047634951770305634,,,
42,FARM_01,FARM_01_C043,5,H64_K2_D10,0.7382405400276184,1,0.768220067024231,0.6888803891866253,0.6469144225120544,0.7716645002365112,0.03307320922613144,0.35308560729026794,0.7619091272354126,0.04257241636514664,,,
43,FARM_01,FARM_01_C044,5,H64_K2_D10,0.7608353495597839,1,0.7746445536613464,0.6228693564611295,0.622521698474884,0.7790273427963257,0.032499413937330246,0.37747833132743835,0.7674165964126587,0.041786618530750275,,,
44,FARM_01,FARM_01_C045,5,H64_K2_D10,0.7516485452651978,1,0.7641298770904541,0.720632796916465,0.6572376489639282,0.7686074376106262,0.034044649451971054,0.34276238083839417,0.7555442452430725,0.04384826868772507,,,
45,FARM_01,FARM_01_C046,5,H64_K2_D10,0.7481557726860046,1,0.7748987078666687,0.6183895687402946,0.6142742037773132,0.779323160648346,0.033246155828237534,0.3857257664203644,0.767852783203125,0.04203850030899048,,,
46,FARM_01,FARM_01_C047,5,H64_K2_D10,0.7271860837936401,1,0.7586961984634399,0.7618125038771354,0.6595226526260376,0.7634440064430237,0.035245656967163086,0.3404773473739624,0.749499499797821,0.044389884918928146,,,
47,FARM_01,FARM_01_C048,5,H64_K2_D10,0.7427886128425598,1,0.7569480538368225,0.7816615274560801,0.6759044528007507,0.7612210512161255,0.03369031101465225,0.3240955173969269,0.7480367422103882,0.04586052894592285,,,
48,FARM_01,FARM_01_C049,5,H64_K2_D10,0.7437165975570679,1,0.7633745670318604,0.7339767768429057,0.6612260341644287,0.7665072083473206,0.03279873728752136,0.33877402544021606,0.7572602033615112,0.04452359676361084,,,
49,FARM_01,FARM_01_C050,5,H64_K2_D10,0.7373536229133606,1,0.7477015852928162,0.843853634703321,0.6785818338394165,0.7515316009521484,0.03430076315999031,0.3214181661605835,0.7396156787872314,0.04721248894929886,,,
50,FARM_01,FARM_01_C051,5,H64_K2_D10,0.7890520095825195,0,0.7715413570404053,0.6500119895200958,0.6487264633178711,0.7769378423690796,0.03315633535385132,0.3512735366821289,0.7615750432014465,0.043203677982091904,,,
51,FARM_01,FARM_01_C052,5,H64_K2_D10,0.7478440403938293,1,0.7747262120246887,0.6264261697352231,0.6521986722946167,0.7772843241691589,0.03199441358447075,0.3478013575077057,0.7699291110038757,0.042552657425403595,,,
52,FARM_01,FARM_01_C053,5,H64_K2_D10,0.7781656384468079,1,0.7863318920135498,0.492985274808107,0.6080566048622131,0.7913880944252014,0.03148419409990311,0.39194342494010925,0.7784875631332397,0.040545523166656494,,,
53,FARM_01,FARM_01_C054,5,H64_K2_D10,0.7527291774749756,1,0.7784403562545776,0.5843433464474933,0.6361883878707886,0.782413125038147,0.0316673219203949,0.3638116121292114,0.7714933156967163,0.04106670990586281,,,
54,FARM_01,FARM_01_C055,5,H64_K2_D10,0.7634459733963013,1,0.7751634120941162,0.6227697119105576,0.6344019174575806,0.778160810470581,0.031285885721445084,0.3655981123447418,0.7699622511863708,0.04175123572349548,,,
55,FARM_01,FARM_01_C056,5,H64_K2_D10,0.7661283612251282,1,0.7950201630592346,0.3920062787742284,0.5837612748146057,0.7990110516548157,0.029782108962535858,0.4162387251853943,0.7894231081008911,0.038008153438568115,,,
56,FARM_01,FARM_01_C057,5,H64_K2_D10,0.7954355478286743,0,0.792526125907898,0.4236503641664454,0.5732000470161438,0.7982490658760071,0.03139482066035271,0.4267999529838562,0.7848401665687561,0.03780313581228256,,,
57,FARM_01,FARM_01_C058,5,H64_K2_D10,0.7660295367240906,1,0.7868647575378418,0.4889692038998382,0.5994318127632141,0.7906956672668457,0.03055701032280922,0.40056824684143066,0.7811318635940552,0.03902578353881836,,,
58,FARM_01,FARM_01_C059,5,H64_K2_D10,0.7795140743255615,1,0.7759639024734497,0.6099439015044622,0.6238529682159424,0.7806070446968079,0.03182709217071533,0.37614700198173523,0.7682632207870483,0.041197121143341064,,,
59,FARM_01,FARM_01_C060,5,H64_K2_D10,0.7923285365104675,0,0.7910982966423035,0.4397994562948577,0.5852740406990051,0.7949296236038208,0.03061247617006302,0.41472598910331726,0.7856913208961487,0.03822745010256767,,,
60,FARM_01,FARM_01_C061,5,H64_K2_D10,0.7842465043067932,1,0.7816572189331055,0.5499006813444763,0.611311674118042,0.7853028178215027,0.0309634767472744,0.3886883556842804,0.7759235501289368,0.03984562307596207,,,
61,FARM_01,FARM_01_C062,5,H64_K2_D10,0.7571282982826233,1,0.7598589658737183,0.7563326926274969,0.6656097173690796,0.7648491263389587,0.03410765156149864,0.3343903124332428,0.7499259114265442,0.04442162066698074,,,
62,FARM_01,FARM_01_C063,5,H64_K2_D10,0.7403525114059448,1,0.7826522588729858,0.5380373470163781,0.5995902419090271,0.7865941524505615,0.03140493854880333,0.4004097580909729,0.7767494320869446,0.0395771823823452,,,
63,FARM_01,FARM_01_C064,5,H64_K2_D10,0.6944170594215393,1,0.7662588357925415,0.701424252460323,0.6487600207328796,0.7710931301116943,0.03386072814464569,0.35123997926712036,0.757329523563385,0.043271277099847794,,,
64,FARM_01,FARM_01_C065,5,H64_K2_D10,0.7703075408935547,1,0.7596834897994995,0.7668265403003025,0.6739457249641418,0.7618387937545776,0.03276754915714264,0.32605427503585815,0.7552284598350525,0.04590510204434395,,,
65,FARM_01,FARM_01_C066,5,H64_K2_D10,0.7678713202476501,1,0.7481557130813599,0.8381951577344245,0.6966093182563782,0.7521572113037109,0.035058263689279556,0.30339065194129944,0.7389681339263916,0.04724733904004097,,,
66,FARM_01,FARM_01_C067,5,H64_K2_D10,0.7499610781669617,1,0.7634216547012329,0.7280282414528221,0.6460685133934021,0.768576979637146,0.033522408455610275,0.3539314270019531,0.754011332988739,0.0433591827750206,,,
67,FARM_01,FARM_01_C068,5,H64_K2_D10,0.7398186326026917,1,0.755226194858551,0.7949945388923982,0.6820074319839478,0.7588809132575989,0.033842798322439194,0.31799259781837463,0.747387707233429,0.046437278389930725,,,
68,FARM_01,FARM_01_C069,5,H64_K2_D10,0.772707462310791,1,0.7459133863449097,0.8501633578787706,0.6881629228591919,0.7501021027565002,0.03525437042117119,0.3118370771408081,0.7366698384284973,0.0474981851875782,,,
69,FARM_01,FARM_01_C070,5,H64_K2_D10,0.7211727499961853,1,0.7651039361953735,0.7216230179191192,0.6402000784873962,0.7679323554039001,0.03243645653128624,0.35979998111724854,0.7600712776184082,0.04286549240350723,,,
70,FARM_01,FARM_01_C071,5,H64_K2_D10,0.7120040059089661,1,0.7807891368865967,0.5569224612020776,0.5852037668228149,0.7860692739486694,0.032849185168743134,0.41479629278182983,0.7733396887779236,0.0395539291203022,,,
71,FARM_01,FARM_01_C072,5,H64_K2_D10,0.762691855430603,1,0.7503798007965088,0.83181661636099,0.6985211372375488,0.7519384026527405,0.03402275592088699,0.3014788329601288,0.7467684745788574,0.04694339260458946,,,
72,FARM_01,FARM_01_C073,5,H64_K2_D10,0.7889070510864258,0,0.771217405796051,0.6608746245749013,0.648492693901062,0.7747681140899658,0.032342132180929184,0.3515072762966156,0.7646668553352356,0.042338963598012924,,,
73,FARM_01,FARM_01_C074,5,H64_K2_D10,0.7577416300773621,1,0.774280309677124,0.6375797944562223,0.6398372650146484,0.7756567001342773,0.03071647137403488,0.36016273498535156,0.7718352675437927,0.04170207679271698,,,
74,FARM_01,FARM_01_C075,5,H64_K2_D10,0.7626925706863403,1,0.7613430023193359,0.7557265329236511,0.6525425910949707,0.7645310163497925,0.03233478590846062,0.3474574089050293,0.7553558349609375,0.04330257326364517,,,
75,FARM_01,FARM_01_C076,5,H64_K2_D10,0.7654803395271301,1,0.837216317653656,0.05372160605625115,0.4510599374771118,0.8420782685279846,0.029476791620254517,0.5489400625228882,0.8332213163375854,0.032230619341135025,,,
76,FARM_01,FARM_01_C077,5,H64_K2_D10,0.7909020185470581,0,0.7948732376098633,0.3935891386054271,0.5955448150634766,0.7996724247932434,0.030099187046289444,0.40445518493652344,0.7878066897392273,0.038626376539468765,,,
77,FARM_01,FARM_01_C078,5,H64_K2_D10,0.7666624784469604,1,0.7881245613098145,0.47330214092440054,0.5988481640815735,0.7924118638038635,0.03050125017762184,0.4011518359184265,0.7817244529724121,0.039036475121974945,,,
78,FARM_01,FARM_01_C079,5,H64_K2_D10,0.7355573773384094,1,0.7911245822906494,0.43941252660008934,0.5880745053291321,0.7969894409179688,0.03168153762817383,0.4119254946708679,0.7827517986297607,0.03869510069489479,,,
79,FARM_01,FARM_01_C080,5,H64_K2_D10,0.7924855351448059,0,0.7995309829711914,0.34252485552116674,0.5684744119644165,0.8033705949783325,0.03019213303923607,0.4315256178379059,0.7944727540016174,0.0369575209915638,,,
80,FARM_02,FARM_02_C001,2,H32_K3_D10,0.75284343957901,1,0.7539898157119751,0.7844265891097151,0.9297094941139221,0.7507119178771973,0.040503326803445816,0.057635463774204254,0.8007757663726807,0.06101110577583313,0.012654964812099934,0.7817316651344299,0.10243380069732666
81,FARM_02,FARM_02_C002,2,H32_K3_D10,0.7904194593429565,0,0.7482814788818359,0.818732620595019,0.9303569197654724,0.7446908354759216,0.04081378132104874,0.05657060444355011,0.7976959943771362,0.06300262361764908,0.013072449713945389,0.7899860739707947,0.1067303717136383
82,FARM_02,FARM_02_C003,2,H32_K3_D10,0.7594194412231445,1,0.7682154178619385,0.6816730061427001,0.9356243014335632,0.7657625675201416,0.039227720350027084,0.052499063313007355,0.8045773506164551,0.06194473057985306,0.011876692064106464,0.8007134795188904,0.10338236391544342
83,FARM_02,FARM_02_C004,2,H32_K3_D10,0.7096991539001465,1,0.7833253741264343,0.5412884270633626,0.9372913837432861,0.7814005613327026,0.037168435752391815,0.05078990384936333,0.8120515942573547,0.059629157185554504,0.01191870216280222,0.8122828006744385,0.09736798703670502
84,FARM_02,FARM_02_C005,2,H32_K3_D10,0.7146564722061157,1,0.7713617086410522,0.654250424472286,0.9320471286773682,0.7688505053520203,0.039127398282289505,0.054619938135147095,0.8055303692817688,0.06078279763460159,0.013332919217646122,0.8069341778755188,0.09957464039325714
85,FARM_02,FARM_02_C006,2,H32_K3_D10,0.7705109119415283,1,0.7676748633384705,0.6769047264328503,0.9329814314842224,0.764769971370697,0.04150508716702461,0.054932743310928345,0.8113459348678589,0.05923953279852867,0.012085831724107265,0.793430507183075,0.09809739887714386
86,FARM_02,FARM_02_C007,2,H32_K3_D10,0.7646419405937195,1,0.7817987203598022,0.5573424337771884,0.9363581538200378,0.7797585129737854,0.037126366049051285,0.05184464529156685,0.8126993775367737,0.05909658968448639,0.011797175742685795,0.8079396486282349,0.09472953528165817
87,FARM_02,FARM_02_C008,2,H32_K3_D10,0.7539651989936829,1,0.7464022040367126,0.833012077943628,0.9321177005767822,0.7427905201911926,0.04022965207695961,0.05518875643610954,0.7959233522415161,0.06311311572790146,0.012693516910076141,0.7963104248046875,0.10918088257312775
88,FARM_02,FARM_02_C009,2,H32_K3_D10,0.7841048240661621,1,0.7608040571212769,0.7461294826146456,0.9350294470787048,0.7577938437461853,0.03874824196100235,0.05302289500832558,0.804478108882904,0.06227223575115204,0.011947727762162685,0.8025567531585693,0.10402225703001022
89,FARM_02,FARM_02_C010,2,H32_K3_D10,0.7519977688789368,1,0.7732720971107483,0.6420506009260594,0.9336603879928589,0.7709178924560547,0.03754144906997681,0.05364606902003288,0.80755615234375,0.06068636104464531,0.012693576514720917,0.8015367388725281,0.09779002517461777
90,FARM_02,FARM_02_C011,2,H32_K3_D10,0.8253504633903503,0,0.7829314470291138,0.5474930848923438,0.9356279373168945,0.7807561755180359,0.0365019366145134,0.05207086727023125,0.8144392967224121,0.059641096740961075,0.0123012475669384,0.815002977848053,0.09662386029958725
91,FARM_02,FARM_02_C012,2,H32_K3_D10,0.7541181445121765,1,0.7733255624771118,0.6392622497197765,0.934612512588501,0.7706857919692993,0.03829380124807358,0.05344768986105919,0.8130485415458679,0.057527199387550354,0.011939817108213902,0.8021458387374878,0.09498370438814163
92,FARM_02,FARM_02_C013,2,H32_K3_D10,0.8072376847267151,0,0.7851647734642029,0.5228383758073263,0.9371748566627502,0.7834290266036987,0.035476598888635635,0.0510018914937973,0.8112007975578308,0.060133446007966995,0.011823243461549282,0.8104366660118103,0.09609244763851166
93,FARM_02,FARM_02_C014,2,H32_K3_D10,0.8194772005081177,0,0.7646399140357971,0.7190615981255609,0.9335565567016602,0.7617670893669128,0.03798418864607811,0.053605757653713226,0.8052513599395752,0.06233188137412071,0.012837724760174751,0.8039692044258118,0.10362418740987778
94,FARM_02,FARM_02_C015,2,H32_K3_D10,0.7612167000770569,1,0.7743255496025085,0.6290517348862535,0.9342878460884094,0.771774172782898,0.03848899528384209,0.053415101021528244,0.8121448159217834,0.05817428231239319,0.012297012843191624,0.8038989901542664,0.09613318741321564
95,FARM_02,FARM_02_C016,2,H32_K3_D10,0.7822701334953308,1,0.7611978650093079,0.7377689560556798,0.9316283464431763,0.7579603791236877,0.03978550061583519,0.05497328191995621,0.8058435916900635,0.0628529042005539,0.013398359529674053,0.8031331300735474,0.10324634611606598
96,FARM_02,FARM_02_C017,2,H32_K3_D10,0.7848665714263916,1,0.7912550568580627,0.45747044469465264,0.9352755546569824,0.7895065546035767,0.03697856515645981,0.051933519542217255,0.8168929219245911,0.05744349583983421,0.012790937907993793,0.8150109648704529,0.0912550613284111
97,FARM_02,FARM_02_C018,2,H32_K3_D10,0.7726101279258728,1,0.7988086938858032,0.3734214259769008,0.9389100074768066,0.7974475026130676,0.035330165177583694,0.0493132621049881,0.8189563751220703,0.05861420929431915,0.011776682920753956,0.8229665756225586,0.09301495552062988
98,FARM_02,FARM_02_C019,2,H32_K3_D10,0.7638264894485474,1,0.7867307662963867,0.5054692923007199,0.935947060585022,0.7848010659217834,0.03711584210395813,0.05187664180994034,0.8157345652580261,0.057240527123212814,0.012176255695521832,0.8114923238754272,0.09209969639778137
99,FARM_02,FARM_02_C020,2,H32_K3_D10,0.7842011451721191,1,0.8038449287414551,0.31676528566550305,0.9387198686599731,0.8029466271400452,0.034704823046922684,0.049794405698776245,0.8187769651412964,0.056980282068252563,0.011485777795314789,0.8125170469284058,0.08841986209154129
100,FARM_02,FARM_02_C021,2,H32_K3_D10,0.7711601257324219,1,0.7851285934448242,0.5215534097879959,0.9385703802108765,0.7835574150085449,0.03626568615436554,0.050310831516981125,0.8102037906646729,0.059477876871824265,0.011118816211819649,0.8042935729026794,0.09659610688686371
101,FARM_02,FARM_02_C022,2,H32_K3_D10,0.7522383332252502,1,0.776290237903595,0.610011198660278,0.9344941973686218,0.7742950320243835,0.03804799169301987,0.05287898704409599,0.8054191470146179,0.05958772450685501,0.012626821175217628,0.8019657135009766,0.09721309691667557
102,FARM_02,FARM_02_C023,2,H32_K3_D10,0.7489117383956909,1,0.7536875605583191,0.7829727872741848,0.9309946298599243,0.7503988146781921,0.04123883694410324,0.056302838027477264,0.8002846240997314,0.0638558641076088,0.012702416628599167,0.7881942391395569,0.10677159577608109
103,FARM_02,FARM_02_C024,2,H32_K3_D10,0.750583291053772,1,0.769339919090271,0.671649207899105,0.9359745979309082,0.7669764161109924,0.03919779881834984,0.05265344679355621,0.8053757548332214,0.06190310791134834,0.011371912434697151,0.7970271706581116,0.10428627580404282
104,FARM_02,FARM_02_C025,2,H32_K3_D10,0.7911540269851685,0,0.754450798034668,0.7882847223943329,0.9334270358085632,0.7515058517456055,0.039366669952869415,0.054285407066345215,0.7974237203598022,0.06440993398427963,0.01228755246847868,0.788317084312439,0.10786639899015427
105,FARM_02,FARM_02_C026,2,H32_K3_D10,0.7415767312049866,1,0.742353618144989,0.8432331092403547,0.9312465190887451,0.738561749458313,0.04221964254975319,0.05638088285923004,0.7953712344169617,0.06567654758691788,0.012372663244605064,0.7861565947532654,0.11386514455080032
106,FARM_02,FARM_02_C027,2,H32_K3_D10,0.7596672177314758,1,0.7580159306526184,0.757557788067916,0.9311070442199707,0.754970133304596,0.040401969105005264,0.05592267960309982,0.8005658388137817,0.06291095167398453,0.01297032367438078,0.793211042881012,0.10399658977985382
107,FARM_02,FARM_02_C028,2,H32_K3_D10,0.7636904716491699,1,0.7464693784713745,0.8304786796113899,0.931460976600647,0.7430717349052429,0.04060791805386543,0.05573885515332222,0.7933040261268616,0.0647987350821495,0.012800175696611404,0.7897716164588928,0.11031018942594528
108,FARM_02,FARM_02_C029,2,H32_K3_D10,0.7549712061882019,1,0.7559128999710083,0.7766233496466538,0.9330255389213562,0.7529823780059814,0.039650678634643555,0.05440249666571617,0.797624945640564,0.06286120414733887,0.012571915984153748,0.7929055690765381,0.1054818332195282
109,FARM_02,FARM_02_C030,2,H32_K3_D10,0.7903216481208801,0,0.747075080871582,0.8193588783474716,0.9303663372993469,0.7429569959640503,0.041964296251535416,0.05625997856259346,0.8035293221473694,0.06345344334840775,0.013373701833188534,0.796064019203186,0.10718688368797302
110,FARM_02,FARM_02_C031,2,H32_K3_D10,0.7616497874259949,1,0.7906550168991089,0.46345524142039124,0.9361722469329834,0.788861870765686,0.036894336342811584,0.051841601729393005,0.8185116052627563,0.056020550429821014,0.011986130848526955,0.8102247714996338,0.08899739384651184
111,FARM_02,FARM_02_C032,2,H32_K3_D10,0.7807824015617371,1,0.7928038239479065,0.43897153926280025,0.9367863535881042,0.7911658883094788,0.0358818918466568,0.05128861963748932,0.8182215690612793,0.05580625310540199,0.011925035156309605,0.8121538758277893,0.08961004763841629
112,FARM_02,FARM_02_C033,2,H32_K3_D10,0.852318525314331,0,0.7816359996795654,0.5599086667508769,0.9364014267921448,0.7796244025230408,0.03675100952386856,0.05157526582479477,0.811299741268158,0.06057414785027504,0.012023264542222023,0.8110612630844116,0.09744774550199509
113,FARM_02,FARM_02_C034,2,H32_K3_D10,0.8483784198760986,0,0.7760451436042786,0.6119527092939853,0.9356672763824463,0.7737023234367371,0.038564834743738174,0.05233714357018471,0.8118450045585632,0.058864232152700424,0.011995582841336727,0.8025909662246704,0.09675880521535873
114,FARM_02,FARM_02_C035,2,H32_K3_D10,0.796680748462677,0,0.7808169722557068,0.5682345160652538,0.9328203201293945,0.7786942720413208,0.0371665358543396,0.05368390306830406,0.8089412450790405,0.061892714351415634,0.013495809398591518,0.8156611919403076,0.09844718128442764
115,FARM_02,FARM_02_C036,2,H32_K3_D10,0.7872644066810608,0,0.7952856421470642,0.4093968938236829,0.9376553297042847,0.7938409447669983,0.03486048802733421,0.050953276455402374,0.8175703883171082,0.0554390549659729,0.011391304433345795,0.8145328760147095,0.09003179520368576
116,FARM_02,FARM_02_C037,2,H32_K3_D10,0.8235182762145996,0,0.8105006814002991,0.2559459159384635,0.9380427598953247,0.8094793558120728,0.03509889915585518,0.049957722425460815,0.8267603516578674,0.05524441972374916,0.011999409645795822,0.822658121585846,0.0845714583992958
117,FARM_02,FARM_02_C038,2,H32_K3_D10,0.7757900357246399,1,0.7460957169532776,0.8228104140253317,0.9301961064338684,0.7419617176055908,0.04228365421295166,0.0566251315176487,0.8031114935874939,0.06195468083024025,0.013178861699998379,0.792897641658783,0.1096227616071701
118,FARM_02,FARM_02_C039,2,H32_K3_D10,0.7526475191116333,1,0.7702582478523254,0.6671010886135609,0.9348862171173096,0.7676140666007996,0.038442179560661316,0.05288366600871086,0.8086360692977905,0.05791373923420906,0.012230045162141323,0.8064407706260681,0.09797116369009018
119,FARM_02,FARM_02_C040,2,H32_K3_D10,0.74349445104599,1,0.796334445476532,0.39930313155208624,0.9379780888557434,0.7950536608695984,0.03566339984536171,0.05052397772669792,0.8172019124031067,0.0563783273100853,0.011497980915009975,0.8091157078742981,0.08887241780757904
120,FARM_02,FARM_02_C041,2,H32_K3_D10,0.7376348376274109,1,0.7661517262458801,0.7017675628371687,0.9332175850868225,0.7635735273361206,0.038716092705726624,0.05408047139644623,0.8026448488235474,0.06120434030890465,0.01270202361047268,0.8001953363418579,0.10092106461524963
121,FARM_02,FARM_02_C042,2,H32_K3_D10,0.7294154167175293,1,0.7962190508842468,0.4040107416562039,0.9355884790420532,0.7947859168052673,0.03667042776942253,0.05185501649975777,0.8169714212417603,0.05732721462845802,0.012556434608995914,0.8173059821128845,0.09003930538892746
122,FARM_02,FARM_02_C043,2,H32_K3_D10,0.7669347524642944,1,0.7615013122558594,0.738056410164696,0.9318148493766785,0.7587413787841797,0.03910083323717117,0.055174537003040314,0.8000029921531677,0.06329704821109772,0.013010567985475063,0.7958944439888,0.10497001558542252
123,FARM_02,FARM_02_C044,2,H32_K3_D10,0.6887145638465881,1,0.7439103722572327,0.8375440056411712,0.9279617071151733,0.7402362823486328,0.041744258254766464,0.05802777782082558,0.7928547859191895,0.06641165167093277,0.01401042751967907,0.7845504283905029,0.11190832406282425
124,FARM_02,FARM_02_C045,2,H32_K3_D10,0.7743189930915833,1,0.7837652564048767,0.5353314673956624,0.9360455274581909,0.7819334864616394,0.03750917688012123,0.05217590183019638,0.8125027418136597,0.0578424409031868,0.011778648942708969,0.8020256757736206,0.09257370233535767
125,FARM_02,FARM_02_C046,2,H32_K3_D10,0.7732436060905457,1,0.7734076976776123,0.6384654373762157,0.9345740079879761,0.7711013555526733,0.038132112473249435,0.052852027118206024,0.8063953518867493,0.059330765157938004,0.012574080377817154,0.8061640858650208,0.09850893169641495
126,FARM_02,FARM_02_C047,2,H32_K3_D10,0.7183181047439575,1,0.7719459533691406,0.6547254577230371,0.9367813467979431,0.7698259353637695,0.037429749965667725,0.05138661339879036,0.8032456040382385,0.06214302405714989,0.011832058429718018,0.8038572669029236,0.10371270775794983
127,FARM_02,FARM_02_C048,2,H32_K3_D10,0.7532065510749817,1,0.7621544599533081,0.7288882496738165,0.9335953593254089,0.7595177888870239,0.039817724376916885,0.054400667548179626,0.8010522723197937,0.061347369104623795,0.01200402807444334,0.7909302711486816,0.10339172929525375
128,FARM_02,FARM_02_C049,2,H32_K3_D10,0.788755476474762,0,0.7758136987686157,0.6176360567942797,0.9369276165962219,0.7738632559776306,0.03711157292127609,0.051509790122509,0.805522620677948,0.06051747128367424,0.011562660336494446,0.8015077114105225,0.09989113360643387
129,FARM_02,FARM_02_C050,2,H32_K3_D10,0.8087124824523926,0,0.7709131240844727,0.6632102573743254,0.934101939201355,0.768568754196167,0.03782914951443672,0.05341508984565735,0.8040823340415955,0.06170089170336723,0.012482916936278343,0.8044130206108093,0.10123509913682938
130,FARM_02,FARM_02_C051,2,H32_K3_D10,0.7850155830383301,1,0.7947280406951904,0.41880728581351734,0.9369323253631592,0.7934557795524597,0.03695947676897049,0.051413167268037796,0.8157497048377991,0.05653909221291542,0.011654559522867203,0.8042699694633484,0.08923130482435226
131,FARM_02,FARM_02_C052,2,H32_K3_D10,0.7654947638511658,1,0.7591601014137268,0.7572799688769439,0.9332467913627625,0.756269097328186,0.03891332447528839,0.054108135402202606,0.8002971410751343,0.06273575127124786,0.012645114213228226,0.7964990139007568,0.10519827157258987
132,FARM_02,FARM_02_C053,2,H32_K3_D10,0.756860077381134,1,0.7593420743942261,0.7537139891287539,0.9339883327484131,0.7563626766204834,0.039332326501607895,0.053770240396261215,0.8026407361030579,0.06175808608531952,0.0122413644567132,0.7964814305305481,0.10320514440536499
133,FARM_02,FARM_02_C054,2,H32_K3_D10,0.7834092974662781,1,0.7766965627670288,0.6078278250459828,0.9327541589736938,0.7741076350212097,0.03824063017964363,0.054027337580919266,0.8132094144821167,0.06035939231514931,0.013218517415225506,0.8101443648338318,0.09675182402133942
134,FARM_02,FARM_02_C055,2,H32_K3_D10,0.7836309671401978,1,0.7802882790565491,0.5723142156925644,0.9354143738746643,0.7781867384910583,0.03728810325264931,0.052599795162677765,0.8122233152389526,0.0572451613843441,0.01198585145175457,0.8041515350341797,0.09348592162132263
135,FARM_02,FARM_02_C056,2,H32_K3_D10,0.786537230014801,0,0.7753326296806335,0.6258412279297316,0.9360737204551697,0.773213267326355,0.03626891225576401,0.05207677558064461,0.8063966631889343,0.05937910079956055,0.011849511414766312,0.8062351942062378,0.09723912924528122
136,FARM_02,FARM_02_C057,2,H32_K3_D10,0.8077236413955688,0,0.7967267036437988,0.394048667776345,0.9369063377380371,0.7953705787658691,0.034850988537073135,0.05079211667180061,0.8158612847328186,0.057910848408937454,0.012301587499678135,0.8210044503211975,0.09237612783908844
137,FARM_02,FARM_02_C058,2,H32_K3_D10,0.7805300951004028,1,0.8081720471382141,0.27359118635806245,0.9372981190681458,0.807298481464386,0.03450616076588631,0.05072753131389618,0.8224015831947327,0.05585811659693718,0.011974385939538479,0.8162646293640137,0.08564174920320511
138,FARM_02,FARM_02_C059,2,H32_K3_D10,0.8132724761962891,0,0.7797835469245911,0.5773779292476771,0.9328103065490723,0.7776573300361633,0.03759876638650894,0.05385167896747589,0.8090109825134277,0.06017889454960823,0.01333808246999979,0.8104740977287292,0.09627901762723923
139,FARM_02,FARM_02_C060,2,H32_K3_D10,0.7676178812980652,1,0.8097168803215027,0.2538650722253426,0.9405834674835205,0.8089931011199951,0.03367068991065025,0.04823391139507294,0.8209757804870605,0.05674123391509056,0.011182599700987339,0.8220328688621521,0.08830462396144867
140,FARM_02,FARM_02_C061,2,H32_K3_D10,0.7593767642974854,1,0.7733447551727295,0.6378330349690535,0.9332897663116455,0.7710046768188477,0.03842281922698021,0.054063573479652405,0.8070780634880066,0.058982569724321365,0.012646700255572796,0.8018271327018738,0.09540706127882004
141,FARM_02,FARM_02_C062,2,H32_K3_D10,0.7773014903068542,1,0.7813891768455505,0.5613595828001211,0.9370765686035156,0.7794809341430664,0.03683771565556526,0.05135999619960785,0.8108437061309814,0.057999178767204285,0.011563465930521488,0.8052011132240295,0.0947636142373085
142,FARM_02,FARM_02_C063,2,H32_K3_D10,0.7817469835281372,1,0.748790442943573,0.8167878348987139,0.9310166239738464,0.7451679110527039,0.040620725601911545,0.05636566877365112,0.7995087504386902,0.06215871870517731,0.012617642991244793,0.7895175218582153,0.10552457720041275
143,FARM_02,FARM_02_C064,2,H32_K3_D10,0.7271552085876465,1,0.7729474306106567,0.6414657137000906,0.931358277797699,0.7706372141838074,0.03852464631199837,0.05528542026877403,0.8043961524963379,0.0625315010547638,0.013356252573430538,0.8038719296455383,0.1003127172589302
144,FARM_02,FARM_02_C065,2,H32_K3_D10,0.7405474781990051,1,0.7585576772689819,0.7538114036184209,0.9332039952278137,0.7556924819946289,0.04030921682715416,0.054728392511606216,0.801140308380127,0.061621468514204025,0.012067634612321854,0.7870084047317505,0.10479197651147842
145,FARM_02,FARM_02_C066,2,H32_K3_D10,0.7572920322418213,1,0.7707850933074951,0.6626847234501173,0.9357649683952332,0.7685645818710327,0.03807678073644638,0.052741847932338715,0.8045850992202759,0.060029417276382446,0.011493195779621601,0.7964751720428467,0.09928946942090988
146,FARM_02,FARM_02_C067,2,H32_K3_D10,0.7155467867851257,1,0.7757255434989929,0.6170118963400081,0.9366350173950195,0.7736769914627075,0.03762537240982056,0.051968052983284,0.807140052318573,0.05928053706884384,0.011396905407309532,0.8008391857147217,0.09796206653118134
147,FARM_02,FARM_02_C068,2,H32_K3_D10,0.7780864834785461,1,0.7665623426437378,0.6970758246478435,0.9339678883552551,0.7639760375022888,0.03894561529159546,0.05405368655920029,0.8054391741752625,0.061553340405225754,0.01197852659970522,0.7927762866020203,0.10055612027645111
148,FARM_02,FARM_02_C069,2,H32_K3_D10,0.7209786176681519,1,0.7763597369194031,0.6105863038689009,0.9362746477127075,0.7741801142692566,0.037971675395965576,0.051871251314878464,0.8085620403289795,0.06078536808490753,0.011854066513478756,0.8076059818267822,0.10043386369943619
149,FARM_02,FARM_02_C070,2,H32_K3_D10,0.7794618606567383,1,0.7643999457359314,0.7179045368331349,0.9325693845748901,0.7617202997207642,0.038418352603912354,0.05469977483153343,0.8030531406402588,0.0609913170337677,0.012730825692415237,0.7946147918701172,0.09966552257537842
150,FARM_02,FARM_02_C071,2,H32_K3_D10,0.7747161984443665,1,0.7753505706787109,0.6216171549164639,0.9354017376899719,0.773289144039154,0.037360403686761856,0.0525752454996109,0.8059260845184326,0.059715110808610916,0.012022949755191803,0.8020346760749817,0.09762253612279892
151,FARM_02,FARM_02_C072,2,H32_K3_D10,0.809879720211029,0,0.8037928342819214,0.31777187059501105,0.9386081099510193,0.8028603196144104,0.03489014133810997,0.05009939894080162,0.8198419213294983,0.054682619869709015,0.011292485520243645,0.8101006746292114,0.08588708937168121
152,FARM_02,FARM_02_C073,2,H32_K3_D10,0.8062992691993713,0,0.787181556224823,0.5002543019541945,0.9372196793556213,0.7853922247886658,0.036549028009176254,0.051155395805835724,0.8153010606765747,0.05736168473958969,0.011624942533671856,0.8077019453048706,0.09236028045415878
153,FARM_02,FARM_02_C074,2,H32_K3_D10,0.8021308779716492,0,0.7842124700546265,0.5324208593209113,0.9345294237136841,0.7822519540786743,0.036806147545576096,0.052904825657606125,0.8130306601524353,0.05919286608695984,0.012565743178129196,0.8086881041526794,0.09378770738840103
154,FARM_02,FARM_02_C075,2,H32_K3_D10,0.775579571723938,1,0.7838156819343567,0.535725392616989,0.9363648295402527,0.7819164991378784,0.03692752122879028,0.052005283534526825,0.8133349418640137,0.05696732923388481,0.011629844084382057,0.8047241568565369,0.09203889220952988
155,FARM_02,FARM_02_C076,2,H32_K3_D10,0.7448844313621521,1,0.7716495990753174,0.6552589349987625,0.9326547384262085,0.7690966725349426,0.03827488422393799,0.054064590483903885,0.8067140579223633,0.06149293854832649,0.013280659914016724,0.8081870079040527,0.09999112039804459
156,FARM_02,FARM_02_C077,2,H32_K3_D10,0.7496329545974731,1,0.7977067232131958,0.3841821319144911,0.9372130632400513,0.7962794899940491,0.03519454225897789,0.05107666924595833,0.8196606040000916,0.05530153587460518,0.01171023678034544,0.8161814212799072,0.08881514519453049
157,FARM_02,FARM_02_C078,2,H32_K3_D10,0.8234373927116394,0,0.7910808324813843,0.45831684770067066,0.9359604120254517,0.7893272042274475,0.035970188677310944,0.05185967683792114,0.8176503777503967,0.05697428062558174,0.012179925106465816,0.812707245349884,0.08959430456161499
158,FARM_02,FARM_02_C079,2,H32_K3_D10,0.7871581315994263,0,0.769193708896637,0.6812109564547799,0.9342802166938782,0.7665935754776001,0.03745504841208458,0.05317533016204834,0.8068767786026001,0.06106330081820488,0.012544340454041958,0.8031155467033386,0.09997360408306122
159,FARM_02,FARM_02_C080,2,H32_K3_D10,0.7809317708015442,1,0.7899406552314758,0.47079142951917086,0.9371654391288757,0.7882508635520935,0.03772423416376114,0.051520366221666336,0.8176689743995667,0.056291062384843826,0.011314217001199722,0.8036398887634277,0.09003245830535889
160,FARM_03,FARM_03_C001,6,H64_K2_D10,0.7468168139457703,1,0.7952166199684143,0.38671677091868806,0.4985273480415344,0.8075274229049683,0.028178874403238297,0.5014726519584656,0.7829781174659729,0.03105344995856285,,,
161,FARM_03,FARM_03_C002,6,H64_K2_D10,0.7788156270980835,1,0.7911872863769531,0.4312025985854455,0.5117848515510559,0.8041084408760071,0.027344346046447754,0.4882151186466217,0.7776423096656799,0.0313265398144722,,,
162,FARM_03,FARM_03_C003,6,H64_K2_D10,0.8168959021568298,0,0.7789420485496521,0.5893472080315458,0.5618270039558411,0.786700963973999,0.026402819901704788,0.43817299604415894,0.7689935564994812,0.03191450238227844,,,
163,FARM_03,FARM_03_C004,6,H64_K2_D10,0.7690287828445435,1,0.8000532388687134,0.32607596065550204,0.5069015026092529,0.8120521306991577,0.027050286531448364,0.4930984377861023,0.7877184748649597,0.03120623528957367,,,
164,FARM_03,FARM_03_C005,6,H64_K2_D10,0.7882056832313538,0,0.8085017204284668,0.23298421694574478,0.47996845841407776,0.817586362361908,0.027856998145580292,0.5200315117835999,0.8001169562339783,0.030253104865550995,,,
165,FARM_03,FARM_03_C006,6,H64_K2_D10,0.7418733239173889,1,0.8279575109481812,0.08223219248435314,0.4302178621292114,0.8379445672035217,0.027069278061389923,0.5697821378707886,0.8204166889190674,0.02921323850750923,,,
166,FARM_03,FARM_03_C007,6,H64_K2_D10,0.8059886693954468,0,0.7709415555000305,0.6846732467164081,0.5510596632957458,0.7806448340415955,0.027059465646743774,0.4489403963088989,0.7590309381484985,0.031728774309158325,,,
167,FARM_03,FARM_03_C008,6,H64_K2_D10,0.8426494002342224,0,0.8229818344116211,0.10537118986930502,0.45235514640808105,0.8307309150695801,0.02643129974603653,0.547644853591919,0.8165810108184814,0.029469221830368042,,,
168,FARM_03,FARM_03_C009,6,H64_K2_D10,0.8097516298294067,0,0.8024086952209473,0.29667233425258743,0.5055571794509888,0.8134998083114624,0.026596762239933014,0.49444282054901123,0.7910683155059814,0.03125787526369095,,,
169,FARM_03,FARM_03_C010,6,H64_K2_D10,0.8349918127059937,0,0.8083683252334595,0.2219790668308771,0.4890328049659729,0.8143017888069153,0.02637282758951187,0.5109671950340271,0.8026896119117737,0.030069131404161453,,,
170,FARM_03,FARM_03_C011,6,H64_K2_D10,0.80548495054245,0,0.8095287680625916,0.23632026440280238,0.45174384117126465,0.8233429193496704,0.02830016240477562,0.5482562184333801,0.7981463074684143,0.030621014535427094,,,
171,FARM_03,FARM_03_C012,6,H64_K2_D10,0.8042342662811279,0,0.8322597146034241,0.05940275426632305,0.4282779395580292,0.8401039838790894,0.027313698083162308,0.5717220902442932,0.8263834714889526,0.029121115803718567,,,
172,FARM_03,FARM_03_C013,6,H64_K2_D10,0.8116917014122009,0,0.8368089199066162,0.04517698256298274,0.4071275293827057,0.846041738986969,0.02753203734755516,0.5928724408149719,0.8304687738418579,0.02916039526462555,,,
173,FARM_03,FARM_03_C014,6,H64_K2_D10,0.8268055319786072,0,0.8067013025283813,0.24347150691352576,0.4934929311275482,0.8144996166229248,0.026518922299146652,0.5065069794654846,0.7991034984588623,0.03040962666273117,,,
174,FARM_03,FARM_03_C015,6,H64_K2_D10,0.7854521870613098,1,0.7933983206748962,0.40181961484331175,0.5194283723831177,0.8044264912605286,0.02681073546409607,0.48057159781455994,0.7814785242080688,0.03099289909005165,,,
175,FARM_03,FARM_03_C016,6,H64_K2_D10,0.8050985336303711,0,0.7967615127563477,0.37100701864409413,0.4807436168193817,0.8096274733543396,0.028583034873008728,0.5192563533782959,0.7848498821258545,0.031051192432641983,,,
176,FARM_03,FARM_03_C017,6,H64_K2_D10,0.7776432037353516,1,0.7917109131813049,0.42260329775590966,0.5293755531311035,0.7992726564407349,0.026797708123922348,0.47062447667121887,0.7832051515579224,0.031167443841695786,,,
177,FARM_03,FARM_03_C018,6,H64_K2_D10,0.7846980094909668,1,0.814078688621521,0.1874714800018149,0.44345107674598694,0.8260030746459961,0.027977697551250458,0.5565488934516907,0.8045775890350342,0.030119281262159348,,,
178,FARM_03,FARM_03_C019,6,H64_K2_D10,0.8024612069129944,0,0.8306735754013062,0.07505791361704572,0.4300343096256256,0.8418193459510803,0.02705860137939453,0.5699657201766968,0.8222641348838806,0.029973357915878296,,,
179,FARM_03,FARM_03_C020,6,H64_K2_D10,0.8178234696388245,0,0.7978914976119995,0.34544909294944437,0.5176394581794739,0.8079121112823486,0.02649480476975441,0.48236051201820374,0.7871379852294922,0.030965421348810196,,,
180,FARM_03,FARM_03_C021,6,H64_K2_D10,0.7380436658859253,1,0.7738525867462158,0.6461964456305225,0.5467666983604431,0.7842451333999634,0.02810031920671463,0.4532333016395569,0.7613153457641602,0.031987618654966354,,,
181,FARM_03,FARM_03_C022,6,H64_K2_D10,0.786542534828186,0,0.8136367201805115,0.17854493524308118,0.47198835015296936,0.8217276334762573,0.027258753776550293,0.528011679649353,0.8064042329788208,0.02961089089512825,,,
182,FARM_03,FARM_03_C023,6,H64_K2_D10,0.7075400948524475,1,0.7626403570175171,0.7638025406525202,0.5674154758453369,0.7738925814628601,0.027897458523511887,0.4325844645500183,0.7478810548782349,0.03264917805790901,,,
183,FARM_03,FARM_03_C024,6,H64_K2_D10,0.8178789019584656,0,0.7807049751281738,0.5602728740625218,0.5560335516929626,0.791010320186615,0.02683820202946663,0.44396641850471497,0.7677984237670898,0.032111477106809616,,,
184,FARM_03,FARM_03_C025,6,H64_K2_D10,0.7491936683654785,1,0.7904746532440186,0.43511086347651273,0.5332380533218384,0.8007365465164185,0.026137646287679672,0.46676191687583923,0.7787513732910156,0.031234201043844223,,,
185,FARM_03,FARM_03_C026,6,H64_K2_D10,0.7555410861968994,1,0.7875776290893555,0.4726212168829933,0.542843759059906,0.7970656156539917,0.026187654584646225,0.45715630054473877,0.7763110995292664,0.03153557702898979,,,
186,FARM_03,FARM_03_C027,6,H64_K2_D10,0.7856404185295105,1,0.795742392539978,0.37626626208567765,0.4985812306404114,0.8057981133460999,0.027621891349554062,0.5014187693595886,0.7857435345649719,0.03071867674589157,,,
187,FARM_03,FARM_03_C028,6,H64_K2_D10,0.8083203434944153,0,0.785124659538269,0.5061308139856777,0.5236007571220398,0.7978291511535645,0.028015200048685074,0.4763992130756378,0.7711613774299622,0.03166976198554039,,,
188,FARM_03,FARM_03_C029,6,H64_K2_D10,0.7576181292533875,1,0.7782706022262573,0.5937464926850713,0.5473414659500122,0.7879419922828674,0.027142111212015152,0.4526585042476654,0.7665764093399048,0.03200183063745499,,,
189,FARM_03,FARM_03_C030,6,H64_K2_D10,0.7900974154472351,0,0.7904837131500244,0.4375296424013576,0.5300098061561584,0.7989916205406189,0.02646508812904358,0.46999019384384155,0.7808892726898193,0.030787985771894455,,,
190,FARM_03,FARM_03_C031,6,H64_K2_D10,0.8087554574012756,0,0.7929708957672119,0.41154920094414826,0.5082682371139526,0.8056458234786987,0.02780728042125702,0.491731733083725,0.7798697352409363,0.03142629563808441,,,
191,FARM_03,FARM_03_C032,6,H64_K2_D10,0.8330109119415283,0,0.8210300207138062,0.1373520545731199,0.4407593607902527,0.8341014385223389,0.027754973620176315,0.5592406988143921,0.8107278943061829,0.030277647078037262,,,
192,FARM_03,FARM_03_C033,6,H64_K2_D10,0.7675463557243347,1,0.8039041757583618,0.2849001446130571,0.4680093824863434,0.8149767518043518,0.028083406388759613,0.5319905281066895,0.7941634058952332,0.03002943843603134,,,
193,FARM_03,FARM_03_C034,6,H64_K2_D10,0.7765662670135498,1,0.8092460632324219,0.21508722495311278,0.4876962900161743,0.8171695470809937,0.02592003345489502,0.5123037099838257,0.8017032742500305,0.030229661613702774,,,
194,FARM_03,FARM_03_C035,6,H64_K2_D10,0.7970619797706604,0,0.8128488063812256,0.1865837758277433,0.4748380780220032,0.8215750455856323,0.026820030063390732,0.5251619219779968,0.8049588203430176,0.03001229465007782,,,
195,FARM_03,FARM_03_C036,6,H64_K2_D10,0.8324589729309082,0,0.811043381690979,0.20252307166224293,0.487149715423584,0.8205245137214661,0.025899257510900497,0.512850284576416,0.8020373582839966,0.03054254874587059,,,
196,FARM_03,FARM_03_C037,6,H64_K2_D10,0.7656458616256714,1,0.8015954494476318,0.29717165116255984,0.5163110494613647,0.8099619746208191,0.02574460208415985,0.48368898034095764,0.792664647102356,0.031139392405748367,,,
197,FARM_03,FARM_03_C038,6,H64_K2_D10,0.8105298280715942,0,0.8157157897949219,0.16243310742199582,0.4688135087490082,0.8247535824775696,0.026780519634485245,0.5311864614486694,0.8077393174171448,0.029862549155950546,,,
198,FARM_03,FARM_03_C039,6,H64_K2_D10,0.8599727749824524,0,0.8084105253219604,0.24250665107814534,0.4480685889720917,0.8200230598449707,0.028734218329191208,0.5519313812255859,0.7989832758903503,0.03045007213950157,,,
199,FARM_03,FARM_03_C040,6,H64_K2_D10,0.8359604477882385,0,0.8283897042274475,0.0794038595479192,0.44610047340393066,0.837770938873291,0.026762403547763824,0.5538995862007141,0.8208341598510742,0.029370903968811035,,,
200,FARM_03,FARM_03_C041,6,H64_K2_D10,0.8206606507301331,0,0.8083328604698181,0.23268926001480417,0.4832884967327118,0.8175971508026123,0.02726692333817482,0.5167115330696106,0.7996677756309509,0.030282333493232727,,,
201,FARM_03,FARM_03_C042,6,H64_K2_D10,0.75310879945755,1,0.7910054922103882,0.4319000780507243,0.5149273872375488,0.8005591630935669,0.026882309466600418,0.48507264256477356,0.7808637022972107,0.031117163598537445,,,
202,FARM_03,FARM_03_C043,6,H64_K2_D10,0.7812455296516418,1,0.7883425354957581,0.4673611501027651,0.5237988233566284,0.7976144552230835,0.027236510068178177,0.4762011766433716,0.7781438231468201,0.031024254858493805,,,
203,FARM_03,FARM_03_C044,6,H64_K2_D10,0.7655245661735535,1,0.7699891328811646,0.6793872027806982,0.5681769847869873,0.782839834690094,0.02733953669667244,0.4318229854106903,0.7530806660652161,0.03280651196837425,,,
204,FARM_03,FARM_03_C045,6,H64_K2_D10,0.761221170425415,1,0.7916154861450195,0.4268584451213777,0.505010187625885,0.8034493923187256,0.027406316250562668,0.494989812374115,0.7795420289039612,0.030845388770103455,,,
205,FARM_03,FARM_03_C046,6,H64_K2_D10,0.792264997959137,0,0.777686595916748,0.5947413628000826,0.5260407328605652,0.7912123203277588,0.028332363814115524,0.4739592969417572,0.7626745700836182,0.03172903135418892,,,
206,FARM_03,FARM_03_C047,6,H64_K2_D10,0.7789880037307739,1,0.8171860575675964,0.145107815185657,0.47067907452583313,0.8242431879043579,0.026420574635267258,0.5293208956718445,0.8109108209609985,0.02979542315006256,,,
207,FARM_03,FARM_03_C048,6,H64_K2_D10,0.8568124771118164,0,0.7906345129013062,0.4360719027721414,0.5312126874923706,0.8002581596374512,0.02688179910182953,0.4687873125076294,0.7797293066978455,0.03124791383743286,,,
208,FARM_03,FARM_03_C049,6,H64_K2_D10,0.8052334189414978,0,0.7692134976387024,0.7095274563166236,0.5629723072052002,0.7772592902183533,0.02700965479016304,0.4370276927947998,0.758849024772644,0.03183493763208389,,,
209,FARM_03,FARM_03_C050,6,H64_K2_D10,0.7640698552131653,1,0.8152064085006714,0.16160633228343008,0.47592124342918396,0.8223928213119507,0.026313669979572296,0.5240787863731384,0.8086803555488586,0.03005911037325859,,,
210,FARM_03,FARM_03_C051,6,H64_K2_D10,0.860568106174469,0,0.7889869213104248,0.46036823063876975,0.5092266201972961,0.7984320521354675,0.027362212538719177,0.49077340960502625,0.7791866064071655,0.030527103692293167,,,
211,FARM_03,FARM_03_C052,6,H64_K2_D10,0.8319366574287415,0,0.7922333478927612,0.41409905587242535,0.5239537954330444,0.8035206198692322,0.02644653618335724,0.47604620456695557,0.7798101305961609,0.03143884614109993,,,
212,FARM_03,FARM_03_C053,6,H64_K2_D10,0.82352614402771,0,0.8005651235580444,0.3187702618890192,0.49456503987312317,0.811333417892456,0.02717306837439537,0.5054348707199097,0.7900285720825195,0.030923835933208466,,,
213,FARM_03,FARM_03_C054,6,H64_K2_D10,0.7780829071998596,1,0.8120365738868713,0.19247572575141614,0.49418991804122925,0.8199915885925293,0.026385609060525894,0.505810022354126,0.8042644262313843,0.03063913807272911,,,
214,FARM_03,FARM_03_C055,6,H64_K2_D10,0.8208568692207336,0,0.7978323101997375,0.34538730991268063,0.5146470665931702,0.8052075505256653,0.026863891631364822,0.48535287380218506,0.790012001991272,0.030595239251852036,,,
215,FARM_03,FARM_03_C056,6,H64_K2_D10,0.8091973066329956,0,0.8089902400970459,0.23140241087188146,0.4761122465133667,0.8210993409156799,0.026816729456186295,0.5238877534866333,0.7979853749275208,0.030342239886522293,,,
216,FARM_03,FARM_03_C057,6,H64_K2_D10,0.806260883808136,0,0.8479368686676025,0.016223532632645792,0.38803085684776306,0.8544408679008484,0.027094390243291855,0.6119691133499146,0.8438129425048828,0.028642375022172928,,,
217,FARM_03,FARM_03_C058,6,H64_K2_D10,0.8265780210494995,0,0.8077846169471741,0.23255713980333373,0.4876815676689148,0.8172912001609802,0.025811534374952316,0.5123184323310852,0.7987352013587952,0.030350573360919952,,,
218,FARM_03,FARM_03_C059,6,H64_K2_D10,0.8075689077377319,0,0.8338319063186646,0.05358151306133431,0.43949225544929504,0.8414222002029419,0.026333600282669067,0.5605077147483826,0.8278803825378418,0.029619768261909485,,,
219,FARM_03,FARM_03_C060,6,H64_K2_D10,0.7720638513565063,1,0.8142674565315247,0.17152037297160747,0.48169904947280884,0.82296222448349,0.0260004922747612,0.5183010101318359,0.8061866164207458,0.030092384666204453,,,
220,FARM_03,FARM_03_C061,6,H64_K2_D10,0.7861157655715942,1,0.8304643630981445,0.06923059231050306,0.4435894191265106,0.8393738269805908,0.02658674493432045,0.556410551071167,0.8233615159988403,0.02952618896961212,,,
221,FARM_03,FARM_03_C062,6,H64_K2_D10,0.842603862285614,0,0.8169174194335938,0.15740473702765942,0.47283411026000977,0.8271488547325134,0.02682872861623764,0.5271658301353455,0.8077405691146851,0.030163772404193878,,,
222,FARM_03,FARM_03_C063,6,H64_K2_D10,0.8147674798965454,0,0.8038309812545776,0.2789050653953785,0.511140763759613,0.8134492039680481,0.026688821613788605,0.48885923624038696,0.7937743663787842,0.03108365833759308,,,
223,FARM_03,FARM_03_C064,6,H64_K2_D10,0.7555220127105713,1,0.8060826063156128,0.259224090739198,0.4768759310245514,0.816358745098114,0.0275643952190876,0.523124098777771,0.7967148423194885,0.030501246452331543,,,
224,FARM_03,FARM_03_C065,6,H64_K2_D10,0.7628095149993896,1,0.8153705596923828,0.16731131209349936,0.476664274930954,0.8241738677024841,0.027138706296682358,0.5233356952667236,0.8073524236679077,0.030179720371961594,,,
225,FARM_03,FARM_03_C066,6,H64_K2_D10,0.7235599160194397,1,0.7700659036636353,0.6904236376565436,0.5627972483634949,0.7806267738342285,0.027174416929483414,0.43720272183418274,0.7564713358879089,0.03201210871338844,,,
226,FARM_03,FARM_03_C067,6,H64_K2_D10,0.7423146367073059,1,0.7815818786621094,0.5458947851439003,0.553702175617218,0.793498158454895,0.026742227375507355,0.44629785418510437,0.7667979001998901,0.031929630786180496,,,
227,FARM_03,FARM_03_C068,6,H64_K2_D10,0.7783652544021606,1,0.8031867742538452,0.2853541659575791,0.50493985414505,0.8128276467323303,0.026692409068346024,0.49506014585494995,0.7933535575866699,0.030667036771774292,,,
228,FARM_03,FARM_03_C069,6,H64_K2_D10,0.8338990807533264,0,0.8190245628356934,0.13504740667224513,0.4762231111526489,0.8275370597839355,0.02624337002635002,0.5237768292427063,0.8112849593162537,0.03001650795340538,,,
229,FARM_03,FARM_03_C070,6,H64_K2_D10,0.7807413339614868,1,0.818429708480835,0.14173617905807573,0.47159343957901,0.8266909122467041,0.026831787079572678,0.52840656042099,0.8110567331314087,0.03027017042040825,,,
230,FARM_03,FARM_03_C071,6,H64_K2_D10,0.7878719568252563,0,0.7914242744445801,0.4270566926103299,0.5195398330688477,0.800635576248169,0.0269908607006073,0.48046016693115234,0.7814637422561646,0.030932791531085968,,,
231,FARM_03,FARM_03_C072,6,H64_K2_D10,0.797106921672821,0,0.7611572742462158,0.780915532920957,0.571131706237793,0.7717629671096802,0.027867350727319717,0.4288683235645294,0.7470333576202393,0.03259385749697685,,,
232,FARM_03,FARM_03_C073,6,H64_K2_D10,0.7725521326065063,1,0.7934556007385254,0.40029397423404056,0.5199729204177856,0.8028742074966431,0.0267324261367321,0.48002707958221436,0.7832531929016113,0.03093486651778221,,,
233,FARM_03,FARM_03_C074,6,H64_K2_D10,0.847383975982666,0,0.8171325922012329,0.14805603103584275,0.4666730463504791,0.8251801133155823,0.026720978319644928,0.5333269238471985,0.8100908994674683,0.029663827270269394,,,
234,FARM_03,FARM_03_C075,6,H64_K2_D10,0.7617287039756775,1,0.8036759495735168,0.2854603842168222,0.4935399293899536,0.813894510269165,0.0277290977537632,0.5064601302146912,0.7937179803848267,0.03052881360054016,,,
235,FARM_03,FARM_03_C076,6,H64_K2_D10,0.7684756517410278,1,0.7981088161468506,0.33955903705784396,0.5139873027801514,0.8058416843414307,0.026169124990701675,0.48601266741752625,0.7899308204650879,0.031011059880256653,,,
236,FARM_03,FARM_03_C077,6,H64_K2_D10,0.8146452903747559,0,0.7861990928649902,0.4944921544554294,0.5119010210037231,0.7970361709594727,0.027344752103090286,0.48809900879859924,0.7748335003852844,0.031038600951433182,,,
237,FARM_03,FARM_03_C078,6,H64_K2_D10,0.8482517600059509,0,0.8302133083343506,0.0690545828860326,0.43581005930900574,0.838762640953064,0.02652978152036667,0.5641899704933167,0.8236093521118164,0.02943061664700508,,,
238,FARM_03,FARM_03_C079,6,H64_K2_D10,0.854099452495575,0,0.782289981842041,0.5439825478726802,0.5430528521537781,0.7912721037864685,0.026751358062028885,0.4569472074508667,0.7716151475906372,0.03165599703788757,,,
239,FARM_03,FARM_03_C080,6,H64_K2_D10,0.8197418451309204,0,0.8310348987579346,0.06817950615998733,0.4304288327693939,0.841358482837677,0.026881229132413864,0.5695711970329285,0.8232333064079285,0.029205873608589172,,,
240,FARM_04,FARM_04_C001,1,H64_K2_D10,0.8417474031448364,0,0.7917386293411255,0.44431906172383484,0.008901531808078289,0.7794495224952698,0.1985497921705246,0.9910984635353088,0.7918490171432495,0.037897683680057526,,,
241,FARM_04,FARM_04_C002,1,H64_K2_D10,0.7663348913192749,1,0.7800654768943787,0.5655220351620553,0.009308751672506332,0.7822317481040955,0.20411187410354614,0.9906912446022034,0.7800451517105103,0.03869520500302315,,,
242,FARM_04,FARM_04_C003,1,H64_K2_D10,0.7966305017471313,0,0.7686688303947449,0.6724281165854701,0.011139396578073502,0.7724937200546265,0.2060139924287796,0.988860547542572,0.768625795841217,0.039578069001436234,,,
243,FARM_04,FARM_04_C004,1,H64_K2_D10,0.811829149723053,0,0.7684431076049805,0.6772088119366328,0.009793530218303204,0.7820776104927063,0.20873555541038513,0.9902064204216003,0.7683082818984985,0.03912021592259407,,,
244,FARM_04,FARM_04_C005,1,H64_K2_D10,0.8189300298690796,0,0.8334653973579407,0.09150807283749607,0.008195116184651852,0.7843050360679626,0.18174128234386444,0.991804838180542,0.8338716626167297,0.035036128014326096,,,
245,FARM_04,FARM_04_C006,1,H64_K2_D10,0.7852456569671631,1,0.8034561276435852,0.32204348504248126,0.008475533686578274,0.7800270318984985,0.1907089650630951,0.9915243983268738,0.8036564588546753,0.036810435354709625,,,
246,FARM_04,FARM_04_C007,1,H64_K2_D10,0.7835343480110168,1,0.8136429190635681,0.22713874888233326,0.009242862462997437,0.7799090147018433,0.1823301762342453,0.990757167339325,0.8139576315879822,0.03628469258546829,,,
247,FARM_04,FARM_04_C008,1,H64_K2_D10,0.7499801516532898,1,0.7771769165992737,0.5958601151493916,0.009541847743093967,0.7742573022842407,0.19866517186164856,0.9904581308364868,0.7772051095962524,0.037955258041620255,,,
248,FARM_04,FARM_04_C009,1,H64_K2_D10,0.7917848229408264,0,0.7847924828529358,0.5167628874860946,0.008608687669038773,0.7804058790206909,0.1990419626235962,0.9913913011550903,0.7848305702209473,0.03920114040374756,,,
249,FARM_04,FARM_04_C010,1,H64_K2_D10,0.8137650489807129,0,0.8145824074745178,0.22781792642397442,0.009527689777314663,0.7742622494697571,0.18008899688720703,0.9904723167419434,0.8149702548980713,0.0377018079161644,,,
250,FARM_04,FARM_04_C011,1,H64_K2_D10,0.8152419924736023,0,0.8096340894699097,0.26314661321492416,0.008743470534682274,0.7785925269126892,0.1948108673095703,0.991256594657898,0.8099077939987183,0.03657245635986328,,,
251,FARM_04,FARM_04_C012,1,H64_K2_D10,0.8022399544715881,0,0.8776524066925049,0.006069050617133151,0.007665061391890049,0.7819212675094604,0.16187240183353424,0.9923349022865295,0.8783918619155884,0.032217685133218765,,,
252,FARM_04,FARM_04_C013,1,H64_K2_D10,0.8270678520202637,0,0.8001266121864319,0.3543582762061533,0.008264930918812752,0.7824889421463013,0.1922226846218109,0.9917351007461548,0.800273597240448,0.036579154431819916,,,
253,FARM_04,FARM_04_C014,1,H64_K2_D10,0.826252818107605,0,0.793239951133728,0.4261757310805824,0.009174695238471031,0.7813326716423035,0.19938768446445465,0.9908252358436584,0.7933502793312073,0.03651207685470581,,,
254,FARM_04,FARM_04_C015,1,H64_K2_D10,0.817878007888794,0,0.8160878419876099,0.20563780628906103,0.008535997942090034,0.7768071293830872,0.18456710875034332,0.9914639592170715,0.8164260387420654,0.03602386265993118,,,
255,FARM_04,FARM_04_C016,1,H64_K2_D10,0.8140172958374023,0,0.839289128780365,0.06112520414590812,0.006602839101105928,0.7888006567955017,0.1836734563112259,0.9933971166610718,0.8396247625350952,0.03385511413216591,,,
256,FARM_04,FARM_04_C017,1,H64_K2_D10,0.8483139276504517,0,0.8282132148742676,0.11792014684476476,0.008202939294278622,0.7823572158813477,0.18288104236125946,0.9917970895767212,0.8285924792289734,0.035034142434597015,,,
257,FARM_04,FARM_04_C018,1,H64_K2_D10,0.8463113903999329,0,0.8115988373756409,0.24061533121934248,0.007998557761311531,0.7841818332672119,0.19089537858963013,0.9920014142990112,0.8118199110031128,0.03562759608030319,,,
258,FARM_04,FARM_04_C019,1,H64_K2_D10,0.8301481008529663,0,0.838161826133728,0.06398358979930405,0.0070686349645257,0.7890201210975647,0.18050940334796906,0.9929313659667969,0.8385117053985596,0.0336303785443306,,,
259,FARM_04,FARM_04_C020,1,H64_K2_D10,0.7869490385055542,0,0.8324558734893799,0.09269362747563437,0.007140025030821562,0.7927452921867371,0.18488994240760803,0.9928598999977112,0.8327414989471436,0.03448055684566498,,,
260,FARM_04,FARM_04_C021,1,H64_K2_D10,0.8249667882919312,0,0.7841973304748535,0.5232304983570181,0.00944869127124548,0.7791004180908203,0.20537124574184418,0.9905513525009155,0.7842459082603455,0.038241758942604065,,,
261,FARM_04,FARM_04_C022,1,H64_K2_D10,0.7647260427474976,1,0.7942327857017517,0.4185224463333434,0.008934726938605309,0.7788438200950623,0.1977493315935135,0.9910652041435242,0.7943715453147888,0.03794598951935768,,,
262,FARM_04,FARM_04_C023,1,H64_K2_D10,0.7716629505157471,1,0.8075923323631287,0.2872780320702569,0.008417399600148201,0.7822324633598328,0.187784805893898,0.9915825724601746,0.8078076243400574,0.03761861473321915,,,
263,FARM_04,FARM_04_C024,1,H64_K2_D10,0.7656669616699219,1,0.8009809255599976,0.34544819652125314,0.00840084720402956,0.7808890342712402,0.19741003215312958,0.9915992021560669,0.8011510968208313,0.036539603024721146,,,
264,FARM_04,FARM_04_C025,1,H64_K2_D10,0.7623830437660217,1,0.7913345098495483,0.44858630814032063,0.009226846508681774,0.7834367752075195,0.19968360662460327,0.9907732009887695,0.7914080023765564,0.03772079572081566,,,
265,FARM_04,FARM_04_C026,1,H64_K2_D10,0.8066298365592957,0,0.7977988123893738,0.37885104329778213,0.008949518203735352,0.7827325463294983,0.19716541469097137,0.9910504817962646,0.7979348301887512,0.03675951063632965,,,
266,FARM_04,FARM_04_C027,1,H64_K2_D10,0.7717592120170593,1,0.7980573177337646,0.379764035898054,0.00905031617730856,0.7841122150421143,0.1999770998954773,0.9909496903419495,0.7981846928596497,0.037860095500946045,,,
267,FARM_04,FARM_04_C028,1,H64_K2_D10,0.7766172289848328,1,0.7724454998970032,0.6420403423889471,0.009126083925366402,0.7822116017341614,0.20494626462459564,0.9908739328384399,0.7723554968833923,0.038469307124614716,,,
268,FARM_04,FARM_04_C029,1,H64_K2_D10,0.8029928803443909,0,0.833961546421051,0.08704577742466929,0.007700464688241482,0.782196044921875,0.17808060348033905,0.9922996163368225,0.8343631625175476,0.03469203785061836,,,
269,FARM_04,FARM_04_C030,1,H64_K2_D10,0.7943173050880432,0,0.821503221988678,0.1559760936121735,0.007677040528506041,0.7867044806480408,0.1901017427444458,0.9923229217529297,0.8217724561691284,0.03452032804489136,,,
270,FARM_04,FARM_04_C031,1,H64_K2_D10,0.8336082100868225,0,0.7898494005203247,0.4643340553193258,0.00859233271330595,0.7856552600860596,0.20219038426876068,0.9914076924324036,0.7898857593536377,0.0376780666410923,,,
271,FARM_04,FARM_04_C032,1,H64_K2_D10,0.8257678747177124,0,0.8370784521102905,0.06986455749414568,0.006982066668570042,0.787502646446228,0.1826448142528534,0.9930179119110107,0.837427020072937,0.03397176414728165,,,
272,FARM_04,FARM_04_C033,1,H64_K2_D10,0.8299927115440369,0,0.8300005197525024,0.10557635741764021,0.007157437037676573,0.7844659090042114,0.1806158572435379,0.9928425550460815,0.8303288221359253,0.034625519067049026,,,
273,FARM_04,FARM_04_C034,1,H64_K2_D10,0.8232321739196777,0,0.8106930255889893,0.24791058867870086,0.0075614796951413155,0.7907618880271912,0.1941653937101364,0.9924384951591492,0.810844898223877,0.03546507656574249,,,
274,FARM_04,FARM_04_C035,1,H64_K2_D10,0.847490668296814,0,0.815871000289917,0.20736078298630753,0.007527235895395279,0.7840566039085388,0.18942171335220337,0.992472767829895,0.8161123394966125,0.035979386419057846,,,
275,FARM_04,FARM_04_C036,1,H64_K2_D10,0.8072401881217957,0,0.8255550861358643,0.13311513465038471,0.007814813405275345,0.777233898639679,0.18085074424743652,0.9921851754188538,0.8259356617927551,0.03503601253032684,,,
276,FARM_04,FARM_04_C037,1,H64_K2_D10,0.7980816960334778,0,0.817057192325592,0.19310407958963063,0.008031065575778484,0.7843703627586365,0.18659549951553345,0.9919689297676086,0.8173218369483948,0.035215169191360474,,,
277,FARM_04,FARM_04_C038,1,H64_K2_D10,0.8173529505729675,0,0.8080562353134155,0.27539236150547836,0.007605081424117088,0.794784665107727,0.19359885156154633,0.9923949241638184,0.8081579208374023,0.036044973880052567,,,
278,FARM_04,FARM_04_C039,1,H64_K2_D10,0.8181703686714172,0,0.8313673734664917,0.09710918766867586,0.007431985344737768,0.7874537706375122,0.18410268425941467,0.9925680160522461,0.8316962122917175,0.034360501915216446,,,
279,FARM_04,FARM_04_C040,1,H64_K2_D10,0.8067976236343384,0,0.8277475833892822,0.12123085627138645,0.007124795112758875,0.7882393002510071,0.1832437813282013,0.9928752183914185,0.828031063079834,0.035141997039318085,,,
280,FARM_04,FARM_04_C041,1,H64_K2_D10,0.7852185368537903,1,0.8075583577156067,0.2828179557361727,0.008281503804028034,0.7877817153930664,0.19644424319267273,0.9917185306549072,0.8077234625816345,0.03663590922951698,,,
281,FARM_04,FARM_04_C042,1,H64_K2_D10,0.7828356027603149,1,0.8186584115028381,0.18152902644767413,0.007782468572258949,0.7869647145271301,0.1923145055770874,0.9922175407409668,0.8189069628715515,0.03528142720460892,,,
282,FARM_04,FARM_04_C043,1,H64_K2_D10,0.7865615487098694,0,0.802888810634613,0.3251180199391705,0.008747315034270287,0.7849252223968506,0.1967078000307083,0.9912527203559875,0.8030472993850708,0.03618401661515236,,,
283,FARM_04,FARM_04_C044,1,H64_K2_D10,0.7505123019218445,1,0.7971265316009521,0.3895723890855433,0.008236628025770187,0.7817195057868958,0.19572420418262482,0.9917633533477783,0.7972545027732849,0.03806006908416748,,,
284,FARM_04,FARM_04_C045,1,H64_K2_D10,0.8074786067008972,0,0.7992843389511108,0.3648387167079191,0.008410670794546604,0.7850841283798218,0.19618606567382812,0.991589367389679,0.7994047999382019,0.037062618881464005,,,
285,FARM_04,FARM_04_C046,1,H64_K2_D10,0.8307392597198486,0,0.7878578901290894,0.48471594143187735,0.009394591674208641,0.778449535369873,0.19628353416919708,0.9906054139137268,0.7879471182823181,0.03749365732073784,,,
286,FARM_04,FARM_04_C047,1,H64_K2_D10,0.811026930809021,0,0.7904525399208069,0.4589319523575977,0.009991653263568878,0.7823021411895752,0.20269453525543213,0.9900083541870117,0.7905347943305969,0.03882649168372154,,,
287,FARM_04,FARM_04_C048,1,H64_K2_D10,0.8087471127510071,0,0.8014651536941528,0.3396918502575089,0.009533461183309555,0.7770360708236694,0.19969572126865387,0.9904665350914001,0.8017002940177917,0.03640557453036308,,,
288,FARM_04,FARM_04_C049,1,H64_K2_D10,0.8267552256584167,0,0.7915487289428711,0.444912251759208,0.008671515621244907,0.7820294499397278,0.19849881529808044,0.9913285374641418,0.7916319370269775,0.03679896891117096,,,
289,FARM_04,FARM_04_C050,1,H64_K2_D10,0.7785673141479492,1,0.8022927045822144,0.33230762902476246,0.008017187938094139,0.7903253436088562,0.19652414321899414,0.9919827580451965,0.8023894429206848,0.036391906440258026,,,
290,FARM_04,FARM_04_C051,1,H64_K2_D10,0.8051804304122925,0,0.8067836761474609,0.2871121287880208,0.00813966616988182,0.7849018573760986,0.19438675045967102,0.9918603301048279,0.8069632649421692,0.03611842170357704,,,
291,FARM_04,FARM_04_C052,1,H64_K2_D10,0.8527419567108154,0,0.7939816117286682,0.418692115979323,0.00935096200555563,0.7767414450645447,0.19082778692245483,0.9906490445137024,0.794144332408905,0.03689108043909073,,,
292,FARM_04,FARM_04_C053,1,H64_K2_D10,0.8230323791503906,0,0.8252054452896118,0.13330673709726426,0.0069883884862065315,0.7880692481994629,0.1866322010755539,0.9930116534233093,0.8254667520523071,0.03471925109624863,,,
293,FARM_04,FARM_04_C054,1,H64_K2_D10,0.8273199200630188,0,0.8201909065246582,0.16977856912784134,0.0073633091524243355,0.7835423946380615,0.18473291397094727,0.9926366806030273,0.8204627633094788,0.03521446883678436,,,
294,FARM_04,FARM_04_C055,1,H64_K2_D10,0.803375244140625,0,0.8215569853782654,0.16072776750836915,0.0074248407036066055,0.7913911938667297,0.18721318244934082,0.9925751686096191,0.821782648563385,0.03524407744407654,,,
295,FARM_04,FARM_04_C056,1,H64_K2_D10,0.7767379879951477,1,0.7859218120574951,0.5055836112052832,0.008980678394436836,0.7817728519439697,0.20293502509593964,0.9910193085670471,0.7859594225883484,0.03757017105817795,,,
296,FARM_04,FARM_04_C057,1,H64_K2_D10,0.825514018535614,0,0.8708123564720154,0.007159826425690706,0.006941113620996475,0.7858403921127319,0.16337034106254578,0.9930589199066162,0.8714062571525574,0.03171277791261673,,,
297,FARM_04,FARM_04_C058,1,H64_K2_D10,0.8208665251731873,0,0.8648517727851868,0.010723257403678006,0.005718661472201347,0.792742133140564,0.17407630383968353,0.9942812919616699,0.8652665615081787,0.032700177282094955,,,
298,FARM_04,FARM_04_C059,1,H64_K2_D10,0.7752878665924072,1,0.7995935678482056,0.3596739128029239,0.008541262708604336,0.7849376201629639,0.19966189563274384,0.9914586544036865,0.7997199296951294,0.036504365503787994,,,
299,FARM_04,FARM_04_C060,1,H64_K2_D10,0.7934632897377014,0,0.85221266746521,0.025436667960606615,0.006857277825474739,0.7869560718536377,0.17790798842906952,0.9931427240371704,0.8526632189750671,0.03291096165776253,,,
300,FARM_04,FARM_04_C061,1,H64_K2_D10,0.8035131096839905,0,0.8433178663253784,0.047119430603085974,0.006969589740037918,0.7909377813339233,0.18410155177116394,0.9930303692817688,0.843685507774353,0.03353166952729225,,,
301,FARM_04,FARM_04_C062,1,H64_K2_D10,0.8515865206718445,0,0.8348539471626282,0.08389162730724863,0.006864285096526146,0.7858235239982605,0.1812991201877594,0.9931356906890869,0.835192859172821,0.034834690392017365,,,
302,FARM_04,FARM_04_C063,1,H64_K2_D10,0.8105525374412537,0,0.8350575566291809,0.08124906635699436,0.008282249793410301,0.7849332690238953,0.18341919779777527,0.9917176961898804,0.8354762196540833,0.03448950871825218,,,
303,FARM_04,FARM_04_C064,1,H64_K2_D10,0.7851091623306274,1,0.789675772190094,0.4654616053678081,0.009436502121388912,0.7749640345573425,0.1942429095506668,0.9905635118484497,0.7898159027099609,0.037850137799978256,,,
304,FARM_04,FARM_04_C065,1,H64_K2_D10,0.7330989241600037,1,0.7745509147644043,0.619243608249824,0.009304700419306755,0.7794197797775269,0.20416957139968872,0.9906952381134033,0.7745051980018616,0.039128124713897705,,,
305,FARM_04,FARM_04_C066,1,H64_K2_D10,0.7673242688179016,1,0.7954850196838379,0.40342865020142615,0.00831118505448103,0.7843999266624451,0.19463670253753662,0.9916887879371643,0.7955779433250427,0.036875054240226746,,,
306,FARM_04,FARM_04_C067,1,H64_K2_D10,0.7842555642127991,1,0.7609279155731201,0.7378250023884916,0.010495021939277649,0.7739155292510986,0.20540621876716614,0.9895050525665283,0.7607901096343994,0.03991807997226715,,,
307,FARM_04,FARM_04_C068,1,H64_K2_D10,0.8094379901885986,0,0.7806249260902405,0.5603298688813186,0.009239098988473415,0.7853308916091919,0.20678280293941498,0.990760862827301,0.7805811166763306,0.038523491472005844,,,
308,FARM_04,FARM_04_C069,1,H64_K2_D10,0.8139880299568176,0,0.7652820348739624,0.6953145371865954,0.011331775225698948,0.7765622735023499,0.20480816066265106,0.9886682629585266,0.7651526927947998,0.041276805102825165,,,
309,FARM_04,FARM_04_C070,1,H64_K2_D10,0.8163822889328003,0,0.7961655259132385,0.3945499998816138,0.009230701252818108,0.7781597971916199,0.19703902304172516,0.9907693266868591,0.7963332533836365,0.03642614930868149,,,
310,FARM_04,FARM_04_C071,1,H64_K2_D10,0.8118237257003784,0,0.8276359438896179,0.1193592116690261,0.007760711945593357,0.7835736274719238,0.18545083701610565,0.992239236831665,0.8279805779457092,0.034769825637340546,,,
311,FARM_04,FARM_04_C072,1,H64_K2_D10,0.8442148566246033,0,0.8074114918708801,0.2801265602205091,0.008407872170209885,0.7857455611228943,0.1931724101305008,0.9915921688079834,0.8075951337814331,0.03590339049696922,,,
312,FARM_04,FARM_04_C073,1,H64_K2_D10,0.7786296010017395,1,0.8030230402946472,0.3226622122908827,0.008962094783782959,0.7779093980789185,0.20016901195049286,0.9910379648208618,0.8032500743865967,0.036046721041202545,,,
313,FARM_04,FARM_04_C074,1,H64_K2_D10,0.8337363600730896,0,0.787338137626648,0.4900841543173639,0.008910126984119415,0.7778578400611877,0.1989627182483673,0.9910898208618164,0.7874233722686768,0.03695306554436684,,,
314,FARM_04,FARM_04_C075,1,H64_K2_D10,0.8099210858345032,0,0.8113788366317749,0.24017126808738573,0.008754746988415718,0.7776051759719849,0.18947796523571014,0.9912452101707458,0.8116771578788757,0.0353027880191803,,,
315,FARM_04,FARM_04_C076,1,H64_K2_D10,0.8573552370071411,0,0.8256876468658447,0.1317123416884312,0.007036267314106226,0.7910829782485962,0.18331027030944824,0.9929637312889099,0.8259328603744507,0.034902676939964294,,,
316,FARM_04,FARM_04_C077,1,H64_K2_D10,0.8225671052932739,0,0.8355149626731873,0.0733556522847599,0.007279255893081427,0.7836541533470154,0.1828506588935852,0.9927207231521606,0.835895299911499,0.03351324051618576,,,
317,FARM_04,FARM_04_C078,1,H64_K2_D10,0.8560318946838379,0,0.8182040452957153,0.1873002832068404,0.008723065257072449,0.7737594842910767,0.18888704478740692,0.9912769794464111,0.8185951113700867,0.03571867570281029,,,
318,FARM_04,FARM_04_C079,1,H64_K2_D10,0.8502074480056763,0,0.8060806393623352,0.2940668040316023,0.008150680921971798,0.7822531461715698,0.1879068911075592,0.9918493032455444,0.8062764406204224,0.03620848432183266,,,
319,FARM_04,FARM_04_C080,1,H64_K2_D10,0.7737607359886169,1,0.803460955619812,0.3180757966517401,0.00844750739634037,0.782523512840271,0.19773586094379425,0.9915524125099182,0.8036393523216248,0.035921789705753326,,,
320,FARM_05,FARM_05_C001,6,H64_K2_D10,0.7964592576026917,0,0.8036036491394043,0.2900735123480387,0.4885333776473999,0.8141930103302002,0.02830740064382553,0.5114665627479553,0.7934892177581787,0.031031876802444458,,,
321,FARM_05,FARM_05_C002,6,H64_K2_D10,0.7991594672203064,0,0.8557054400444031,0.008802149620885234,0.3644363582134247,0.864558756351471,0.0282512865960598,0.6355636119842529,0.8506289124488831,0.028504133224487305,,,
322,FARM_05,FARM_05_C003,6,H64_K2_D10,0.8091514706611633,0,0.8224207162857056,0.11365645799722505,0.464203417301178,0.8301995992660522,0.027222491800785065,0.535796582698822,0.8156812787055969,0.030001923441886902,,,
323,FARM_05,FARM_05_C004,6,H64_K2_D10,0.8219276070594788,0,0.8183388710021973,0.13542867658054614,0.4734390676021576,0.825284481048584,0.02643144503235817,0.52656090259552,0.8120940923690796,0.02958373725414276,,,
324,FARM_05,FARM_05_C005,6,H64_K2_D10,0.7749001979827881,1,0.8164076805114746,0.16089520947445335,0.4721498489379883,0.825921356678009,0.02716783806681633,0.5278500914573669,0.8078979253768921,0.03021799400448799,,,
325,FARM_05,FARM_05_C006,6,H64_K2_D10,0.8183340430259705,0,0.8210905194282532,0.13426622198205063,0.4432886838912964,0.8331565856933594,0.02791191264986992,0.5567113757133484,0.8114826679229736,0.03015851229429245,,,
326,FARM_05,FARM_05_C007,6,H64_K2_D10,0.8116233348846436,0,0.8099614381790161,0.21041555718781574,0.48450136184692383,0.8184906244277954,0.026255175471305847,0.5154986381530762,0.8019450306892395,0.030058979988098145,,,
327,FARM_05,FARM_05_C008,6,H64_K2_D10,0.8489621877670288,0,0.8313801288604736,0.07469782599737365,0.4070979058742523,0.8442413210868835,0.028309963643550873,0.5929021239280701,0.8225493431091309,0.029635772109031677,,,
328,FARM_05,FARM_05_C009,6,H64_K2_D10,0.8298940658569336,0,0.8105530738830566,0.2162011743103488,0.4688199758529663,0.8219835162162781,0.02731233835220337,0.5311800837516785,0.800464391708374,0.03017675131559372,,,
329,FARM_05,FARM_05_C010,6,H64_K2_D10,0.8174004554748535,0,0.8356031179428101,0.05004356337586815,0.42118820548057556,0.8458251357078552,0.026954621076583862,0.5788118243217468,0.8281646966934204,0.029152099043130875,,,
330,FARM_05,FARM_05_C011,6,H64_K2_D10,0.8219311237335205,0,0.8469234108924866,0.0228151259094664,0.41301262378692627,0.856309711933136,0.026249218732118607,0.5869874358177185,0.8403189778327942,0.029949363321065903,,,
331,FARM_05,FARM_05_C012,6,H64_K2_D10,0.8495567440986633,0,0.8427004218101501,0.026083245393745715,0.41263845562934875,0.8495036959648132,0.026773076504468918,0.5873615145683289,0.8379209637641907,0.028966397047042847,,,
332,FARM_05,FARM_05_C013,6,H64_K2_D10,0.8377456665039062,0,0.8531711101531982,0.010099135835682106,0.37664198875427246,0.8595377802848816,0.027571629732847214,0.6233580112457275,0.8493242263793945,0.028514545410871506,,,
333,FARM_05,FARM_05_C014,6,H64_K2_D10,0.8539607524871826,0,0.8364924192428589,0.04474889473165773,0.4136039912700653,0.8454912900924683,0.02734549716114998,0.5863959789276123,0.8301452994346619,0.028898045420646667,,,
334,FARM_05,FARM_05_C015,6,H64_K2_D10,0.7870793342590332,0,0.8427547216415405,0.02952820582983734,0.37201085686683655,0.8522958755493164,0.029286902397871017,0.6279891133308411,0.8371027112007141,0.028862137347459793,,,
335,FARM_05,FARM_05_C016,6,H64_K2_D10,0.8388345837593079,0,0.8086963891983032,0.2201648921562474,0.4898025691509247,0.8170608878135681,0.02563660219311714,0.5101974606513977,0.8006661534309387,0.030274122953414917,,,
336,FARM_05,FARM_05_C017,6,H64_K2_D10,0.8120627403259277,0,0.8306228518486023,0.06813420640831758,0.4307033121585846,0.8392213582992554,0.027212705463171005,0.5692967176437378,0.8241176009178162,0.029337983578443527,,,
337,FARM_05,FARM_05_C018,6,H64_K2_D10,0.8229444026947021,0,0.8495988845825195,0.015474140870221356,0.37148067355155945,0.8578869104385376,0.028450287878513336,0.6285192966461182,0.8447003960609436,0.028643298894166946,,,
338,FARM_05,FARM_05_C019,6,H64_K2_D10,0.8416751623153687,0,0.8712707757949829,0.0014261705021883814,0.3282065987586975,0.8772003054618835,0.028253506869077682,0.6717934012413025,0.8683738708496094,0.028128959238529205,,,
339,FARM_05,FARM_05_C020,6,H64_K2_D10,0.8458284139633179,0,0.8636137247085571,0.0036454126402521627,0.35508501529693604,0.8703969120979309,0.027585890144109726,0.644914984703064,0.8598790168762207,0.028498634696006775,,,
340,FARM_05,FARM_05_C021,6,H64_K2_D10,0.8256791830062866,0,0.8220333456993103,0.11794743930791313,0.4518586993217468,0.8315407633781433,0.02734116092324257,0.548141360282898,0.8141958713531494,0.029558494687080383,,,
341,FARM_05,FARM_05_C022,6,H64_K2_D10,0.8018311858177185,0,0.8133147358894348,0.19549966362343046,0.467062383890152,0.8249157667160034,0.02808557078242302,0.5329376459121704,0.8031476140022278,0.030408404767513275,,,
342,FARM_05,FARM_05_C023,6,H64_K2_D10,0.8159012794494629,0,0.8368206024169922,0.05285537107283536,0.42543521523475647,0.8490952253341675,0.02718466892838478,0.5745648145675659,0.8277318477630615,0.029936958104372025,,,
343,FARM_05,FARM_05_C024,6,H64_K2_D10,0.8286225199699402,0,0.8187924027442932,0.15151122894110103,0.45661652088165283,0.8314073085784912,0.0276215597987175,0.5433834791183472,0.8081918358802795,0.030075199902057648,,,
344,FARM_05,FARM_05_C025,6,H64_K2_D10,0.8100276589393616,0,0.8344376087188721,0.058144012394069196,0.41528135538101196,0.846519947052002,0.027485348284244537,0.584718644618988,0.8258564472198486,0.02925451472401619,,,
345,FARM_05,FARM_05_C026,6,H64_K2_D10,0.7826093435287476,1,0.8359977602958679,0.04777585762161014,0.38542985916137695,0.8447261452674866,0.029048822820186615,0.614570140838623,0.830523669719696,0.028881367295980453,,,
346,FARM_05,FARM_05_C027,6,H64_K2_D10,0.8380922675132751,0,0.8011564612388611,0.31463443732525576,0.48163533210754395,0.8128127455711365,0.02748151868581772,0.5183647274971008,0.7903259992599487,0.03055758774280548,,,
347,FARM_05,FARM_05_C028,6,H64_K2_D10,0.811112105846405,0,0.8158418536186218,0.16236651644587674,0.46023640036582947,0.8255609273910522,0.026521239429712296,0.5397636294364929,0.8075547218322754,0.029952287673950195,,,
348,FARM_05,FARM_05_C029,6,H64_K2_D10,0.8208996653556824,0,0.8080880641937256,0.23498464016722342,0.48471933603286743,0.8171790838241577,0.027168139815330505,0.5152806043624878,0.799536406993866,0.030522476881742477,,,
349,FARM_05,FARM_05_C030,6,H64_K2_D10,0.8276318311691284,0,0.8284124732017517,0.08482456120537628,0.42009761929512024,0.839232325553894,0.027812141925096512,0.5799023509025574,0.8205742835998535,0.029675345867872238,,,
350,FARM_05,FARM_05_C031,6,H64_K2_D10,0.8245773911476135,0,0.8531138896942139,0.00977921813840707,0.37385913729667664,0.8595583438873291,0.027251116931438446,0.6261408925056458,0.8492659330368042,0.028363700956106186,,,
351,FARM_05,FARM_05_C032,6,H64_K2_D10,0.8547787666320801,0,0.8079544305801392,0.23368569971897654,0.49535492062568665,0.8172657489776611,0.026497378945350647,0.504645049571991,0.7988144755363464,0.030434370040893555,,,
352,FARM_05,FARM_05_C033,6,H64_K2_D10,0.8313232660293579,0,0.8728916645050049,0.0012590491691744133,0.29337456822395325,0.8774325847625732,0.030388865619897842,0.7066254615783691,0.871006429195404,0.0278623104095459,,,
353,FARM_05,FARM_05_C034,6,H64_K2_D10,0.8694854378700256,0,0.8445206880569458,0.021921680204506286,0.40998518466949463,0.8508749604225159,0.026688668876886368,0.5900148749351501,0.8401051759719849,0.028875701129436493,,,
354,FARM_05,FARM_05_C035,6,H64_K2_D10,0.8467903137207031,0,0.8489227294921875,0.01743054774795466,0.3914448916912079,0.8575132489204407,0.027378514409065247,0.6085550785064697,0.8433970808982849,0.029188912361860275,,,
355,FARM_05,FARM_05_C036,6,H64_K2_D10,0.7862616777420044,1,0.8191713094711304,0.13403538912161905,0.4596594274044037,0.8268464207649231,0.027058083564043045,0.5403406023979187,0.8126422166824341,0.029837697744369507,,,
356,FARM_05,FARM_05_C037,6,H64_K2_D10,0.8992102742195129,0,0.8761993646621704,0.0007524507097786255,0.31310975551605225,0.8787292838096619,0.028733864426612854,0.686890184879303,0.8750461339950562,0.028041262179613113,,,
357,FARM_05,FARM_05_C038,6,H64_K2_D10,0.8171536922454834,0,0.7899976372718811,0.4422777888083394,0.5328718423843384,0.7984511256217957,0.026082538068294525,0.46712812781333923,0.7803544998168945,0.03107352927327156,,,
358,FARM_05,FARM_05_C039,6,H64_K2_D10,0.8077367544174194,0,0.8536704182624817,0.009559827367880917,0.3682743012905121,0.8596353530883789,0.02828584611415863,0.6317256689071655,0.8501930832862854,0.028347618877887726,,,
359,FARM_05,FARM_05_C040,6,H64_K2_D10,0.8267181515693665,0,0.8382527828216553,0.04056438159649113,0.40669840574264526,0.84819096326828,0.027222730219364166,0.5933015942573547,0.831440269947052,0.028970792889595032,,,
360,FARM_05,FARM_05_C041,6,H64_K2_D10,0.8438554406166077,0,0.88451087474823,0.00032385725976357934,0.28820833563804626,0.8891952037811279,0.029676374047994614,0.7117916941642761,0.8826141953468323,0.02833523601293564,,,
361,FARM_05,FARM_05_C042,6,H64_K2_D10,0.8185240030288696,0,0.8357390761375427,0.04885848371074783,0.4135068356990814,0.8454576730728149,0.027683813124895096,0.5864931344985962,0.8288870453834534,0.028968695551156998,,,
362,FARM_05,FARM_05_C043,6,H64_K2_D10,0.7564480304718018,1,0.7718465328216553,0.6681057433559195,0.5697082281112671,0.7821106910705566,0.027643445879220963,0.4302918612957001,0.7582564949989319,0.03249145299196243,,,
363,FARM_05,FARM_05_C044,6,H64_K2_D10,0.8067805767059326,0,0.8472424745559692,0.01949105833787547,0.3945023715496063,0.855711817741394,0.027249563485383987,0.6054975986480713,0.8417243361473083,0.02904411405324936,,,
364,FARM_05,FARM_05_C045,6,H64_K2_D10,0.8380635380744934,0,0.835036039352417,0.05200829985779621,0.4291982352733612,0.844079852104187,0.027366451919078827,0.5708017945289612,0.8282356858253479,0.029408473521471024,,,
365,FARM_05,FARM_05_C046,6,H64_K2_D10,0.8039690256118774,0,0.8643642067909241,0.0031833083478553445,0.35113537311553955,0.8699175715446472,0.027972735464572906,0.6488645672798157,0.8613590598106384,0.028351642191410065,,,
366,FARM_05,FARM_05_C047,6,H64_K2_D10,0.8155618906021118,0,0.841526985168457,0.03048724713353919,0.3952587842941284,0.8500095009803772,0.028232097625732422,0.6047412753105164,0.8359827399253845,0.028726231306791306,,,
367,FARM_05,FARM_05_C048,6,H64_K2_D10,0.8113311529159546,0,0.8005855083465576,0.31771910914076396,0.4896512031555176,0.8097152709960938,0.02763967216014862,0.5103487968444824,0.7918260097503662,0.030466493219137192,,,
368,FARM_05,FARM_05_C049,6,H64_K2_D10,0.8273458480834961,0,0.8468587398529053,0.019644174304170592,0.3880409300327301,0.8568050265312195,0.027337606996297836,0.6119590401649475,0.8405519127845764,0.028499208390712738,,,
369,FARM_05,FARM_05_C050,6,H64_K2_D10,0.831057608127594,0,0.8188438415527344,0.14102387372640668,0.45629486441612244,0.8279496431350708,0.02738695964217186,0.5437051653862,0.8112019896507263,0.029981769621372223,,,
370,FARM_05,FARM_05_C051,6,H64_K2_D10,0.8744790554046631,0,0.8609323501586914,0.005466011779480219,0.33313068747520447,0.8698379993438721,0.02941768616437912,0.6668693423271179,0.8564834594726562,0.028515208512544632,,,
371,FARM_05,FARM_05_C052,6,H64_K2_D10,0.8615249991416931,0,0.8109782338142395,0.20970170385482848,0.474040687084198,0.8214375376701355,0.02737295627593994,0.525959312915802,0.8015514016151428,0.03002176433801651,,,
372,FARM_05,FARM_05_C053,6,H64_K2_D10,0.8482781052589417,0,0.8010169267654419,0.3049720233505865,0.521960973739624,0.8102738261222839,0.025821033865213394,0.478039026260376,0.7909095287322998,0.030964966863393784,,,
373,FARM_05,FARM_05_C054,6,H64_K2_D10,0.8468363881111145,0,0.860948920249939,0.004525765197819728,0.35797935724258423,0.8655500411987305,0.02782423421740532,0.6420207023620605,0.8583834171295166,0.028484836220741272,,,
374,FARM_05,FARM_05_C055,6,H64_K2_D10,0.831627607345581,0,0.851211667060852,0.013065976484857385,0.36951225996017456,0.859218955039978,0.02799050882458687,0.6304877400398254,0.8465188145637512,0.028624869883060455,,,
375,FARM_05,FARM_05_C056,6,H64_K2_D10,0.9067894816398621,0,0.8413718938827515,0.031201135382790957,0.4127814471721649,0.8496314287185669,0.026891611516475677,0.5872185826301575,0.8355659246444702,0.02922125905752182,,,
376,FARM_05,FARM_05_C057,6,H64_K2_D10,0.8146698474884033,0,0.8239619731903076,0.10332482576926022,0.4612269699573517,0.8321325778961182,0.026558157056570053,0.5387730598449707,0.816967248916626,0.03004331886768341,,,
377,FARM_05,FARM_05_C058,6,H64_K2_D10,0.803828239440918,0,0.8396015167236328,0.037341257938606515,0.4263952672481537,0.8488026261329651,0.026276428252458572,0.5736047029495239,0.8327618837356567,0.029527731239795685,,,
378,FARM_05,FARM_05_C059,6,H64_K2_D10,0.8050123453140259,0,0.8389278650283813,0.03740964098885271,0.4035058915615082,0.8474283218383789,0.027327697724103928,0.5964941382408142,0.8331776261329651,0.029055003076791763,,,
379,FARM_05,FARM_05_C060,6,H64_K2_D10,0.8173948526382446,0,0.8766562938690186,0.0007262159232517569,0.3261159658432007,0.8797305226325989,0.028453029692173004,0.6738840341567993,0.8751685619354248,0.028178926557302475,,,
380,FARM_05,FARM_05_C061,6,H64_K2_D10,0.809741735458374,0,0.8233082294464111,0.10287435423257203,0.4542157053947449,0.831039547920227,0.026662364602088928,0.5457842946052551,0.8168739676475525,0.029213037341833115,,,
381,FARM_05,FARM_05_C062,6,H64_K2_D10,0.8159181475639343,0,0.8665375709533691,0.0025880489849129914,0.35069823265075684,0.8721582293510437,0.02769388258457184,0.6493017077445984,0.8635018467903137,0.02851063758134842,,,
382,FARM_05,FARM_05_C063,6,H64_K2_D10,0.7993760108947754,0,0.7900325655937195,0.4435222714295734,0.5278394818305969,0.7997510433197021,0.02677100896835327,0.4721604585647583,0.7791681289672852,0.031187299638986588,,,
383,FARM_05,FARM_05_C064,6,H64_K2_D10,0.7994601130485535,0,0.8229740858078003,0.10695279185370808,0.45266392827033997,0.8301076292991638,0.02725163847208023,0.5473361015319824,0.8170743584632874,0.029536649584770203,,,
384,FARM_05,FARM_05_C065,6,H64_K2_D10,0.8053890466690063,0,0.8137316703796387,0.18359942595208883,0.4595524072647095,0.8233733177185059,0.027705445885658264,0.5404475927352905,0.8055331707000732,0.029885433614253998,,,
385,FARM_05,FARM_05_C066,6,H64_K2_D10,0.8401175141334534,0,0.8379725217819214,0.04071582018281014,0.42104440927505493,0.8468828797340393,0.026778962463140488,0.5789555311203003,0.8314926028251648,0.029193740338087082,,,
386,FARM_05,FARM_05_C067,6,H64_K2_D10,0.8356420993804932,0,0.8351720571517944,0.0545451788171203,0.40723803639411926,0.8450588583946228,0.028957143425941467,0.5927619934082031,0.8283796310424805,0.029421690851449966,,,
387,FARM_05,FARM_05_C068,6,H64_K2_D10,0.8122603297233582,0,0.8021261692047119,0.30999305273350797,0.48827803134918213,0.8149720430374146,0.028246205300092697,0.5117219686508179,0.7898687720298767,0.030912451446056366,,,
388,FARM_05,FARM_05_C069,6,H64_K2_D10,0.7970753312110901,0,0.81853187084198,0.13918097867639706,0.4497746527194977,0.8255419135093689,0.027933914214372635,0.5502253174781799,0.8128016591072083,0.029572121798992157,,,
389,FARM_05,FARM_05_C070,6,H64_K2_D10,0.780575156211853,1,0.8246539235115051,0.0947168991886995,0.4645940363407135,0.8309378623962402,0.026544887572526932,0.5354059934616089,0.8192010521888733,0.029801975935697556,,,
390,FARM_05,FARM_05_C071,6,H64_K2_D10,0.8021698594093323,0,0.8339448571205139,0.050258161338762056,0.43789321184158325,0.8404701948165894,0.026431769132614136,0.5621068477630615,0.8288614153862,0.029208745807409286,,,
391,FARM_05,FARM_05_C072,6,H64_K2_D10,0.7988447546958923,0,0.8662764430046082,0.002748492492771434,0.36304694414138794,0.8719478249549866,0.027303118258714676,0.6369531154632568,0.8630437850952148,0.028698261827230453,,,
392,FARM_05,FARM_05_C073,6,H64_K2_D10,0.8221381306648254,0,0.8169190883636475,0.15142288645641722,0.4691556990146637,0.8243268728256226,0.02745356410741806,0.5308442711830139,0.8103721737861633,0.029751189053058624,,,
393,FARM_05,FARM_05_C074,6,H64_K2_D10,0.8427910804748535,0,0.829035758972168,0.08521950560974101,0.4246978759765625,0.8409829139709473,0.027696024626493454,0.5753021240234375,0.8202161192893982,0.0299500972032547,,,
394,FARM_05,FARM_05_C075,6,H64_K2_D10,0.8408272862434387,0,0.8250820636749268,0.09669883509534616,0.4509703516960144,0.8339540362358093,0.027078542858362198,0.5490297079086304,0.8177945017814636,0.02940186858177185,,,
395,FARM_05,FARM_05_C076,6,H64_K2_D10,0.8011397123336792,0,0.839866042137146,0.03441095207207735,0.40224120020866394,0.8481440544128418,0.027597416192293167,0.5977587699890137,0.8342956900596619,0.02889687567949295,,,
396,FARM_05,FARM_05_C077,6,H64_K2_D10,0.8207928538322449,0,0.8253269195556641,0.10751796210622083,0.4524642527103424,0.8379802703857422,0.02661607787013054,0.54753577709198,0.8148706555366516,0.030307993292808533,,,
397,FARM_05,FARM_05_C078,6,H64_K2_D10,0.8563780188560486,0,0.8604336977005005,0.004683369824567804,0.3542190194129944,0.8659861087799072,0.027767028659582138,0.6457809209823608,0.8573882579803467,0.02829255908727646,,,
398,FARM_05,FARM_05_C079,6,H64_K2_D10,0.8158696889877319,0,0.8412078619003296,0.03019903882660032,0.42394235730171204,0.8477022647857666,0.02648504078388214,0.5760576128959656,0.8364284038543701,0.029417339712381363,,,
399,FARM_05,FARM_05_C080,6,H64_K2_D10,0.8339141607284546,0,0.8784730434417725,0.0005766879287277559,0.2970229387283325,0.8822749853134155,0.029503002762794495,0.7029770612716675,0.8768666386604309,0.027797244489192963,,,
400,FARM_06,FARM_06_C001,2,H32_K3_D10,0.8282039761543274,0,0.8569976687431335,0.019706854812453562,0.9441204071044922,0.8577819466590881,0.031594447791576385,0.044911518692970276,0.8448055386543274,0.0516420416533947,0.010968019254505634,0.8394166827201843,0.07260068506002426
401,FARM_06,FARM_06_C002,2,H32_K3_D10,0.8384503722190857,0,0.7919628620147705,0.4482818379204864,0.9367969036102295,0.7905007600784302,0.037097446620464325,0.05179468169808388,0.8165861368179321,0.05591390281915665,0.011408340185880661,0.8002373576164246,0.0887499526143074
402,FARM_06,FARM_06_C003,2,H32_K3_D10,0.8032243847846985,0,0.8108469247817993,0.24682817386597114,0.9400342702865601,0.8102622628211975,0.03430982679128647,0.04890216514468193,0.8211449384689331,0.056759174913167953,0.011063624173402786,0.8149994611740112,0.08670538663864136
403,FARM_06,FARM_06_C004,2,H32_K3_D10,0.8143306374549866,0,0.8666127324104309,0.012301656971666138,0.9448025226593018,0.8676466345787048,0.031479354947805405,0.044039104133844376,0.8489894866943359,0.05382880941033363,0.011158290319144726,0.8486296534538269,0.07309677451848984
404,FARM_06,FARM_06_C005,2,H32_K3_D10,0.8441112637519836,0,0.8383067846298218,0.073734609664045,0.9407500624656677,0.8385438323020935,0.034510836005210876,0.04825246334075928,0.8360744714736938,0.05368056520819664,0.010997550562024117,0.8278230428695679,0.08061115443706512
405,FARM_06,FARM_06_C006,2,H32_K3_D10,0.8680769801139832,0,0.8213307857513428,0.16396798067209764,0.9420065879821777,0.8208960890769958,0.03455555811524391,0.04735148698091507,0.8299978375434875,0.05421922355890274,0.01064200047403574,0.8212395310401917,0.08237946778535843
406,FARM_06,FARM_06_C007,2,H32_K3_D10,0.8799344301223755,0,0.8576561808586121,0.01948986721253653,0.9441791772842407,0.8582049012184143,0.03205692768096924,0.04468585550785065,0.848978579044342,0.052465829998254776,0.011134902946650982,0.845953106880188,0.0739239826798439
407,FARM_06,FARM_06_C008,2,H32_K3_D10,0.8327792882919312,0,0.8387579321861267,0.05900078016843077,0.9421582818031311,0.8389724493026733,0.03203986585140228,0.046792518347501755,0.8362422585487366,0.05296499282121658,0.011049246415495872,0.8311205506324768,0.07756119221448898
408,FARM_06,FARM_06_C009,2,H32_K3_D10,0.8582707643508911,0,0.8613545894622803,0.013731804414099403,0.9440195560455322,0.8623358011245728,0.030016101896762848,0.04460957273840904,0.8440518975257874,0.05200498178601265,0.011370887979865074,0.8477733731269836,0.07405886054039001
409,FARM_06,FARM_06_C010,2,H32_K3_D10,0.8428328633308411,0,0.8176068663597107,0.18110074123356995,0.941199779510498,0.8171395659446716,0.03296450898051262,0.04776808246970177,0.8248732686042786,0.05564981326460838,0.01103217899799347,0.8260084390640259,0.08628934621810913
410,FARM_06,FARM_06_C011,2,H32_K3_D10,0.8579570651054382,0,0.8353656530380249,0.07415139358465023,0.9411655068397522,0.8355071544647217,0.03247325122356415,0.04722749814391136,0.8332767486572266,0.054245684295892715,0.011607019230723381,0.8323947787284851,0.07979270070791245
411,FARM_06,FARM_06_C012,2,H32_K3_D10,0.8502883911132812,0,0.8452699184417725,0.0409974910223769,0.9431431889533997,0.8455301523208618,0.03222612664103508,0.04588603600859642,0.8420242667198181,0.052473269402980804,0.01097075454890728,0.8364708423614502,0.07584553211927414
412,FARM_06,FARM_06_C013,2,H32_K3_D10,0.8489078283309937,0,0.8486244678497314,0.029682359153666675,0.9434982538223267,0.8490550518035889,0.03088609129190445,0.045521240681409836,0.8415593504905701,0.053248196840286255,0.01098047848790884,0.8409197926521301,0.07768020033836365
413,FARM_06,FARM_06_C014,2,H32_K3_D10,0.849579930305481,0,0.8677258491516113,0.01098979230187178,0.9437674283981323,0.8688843846321106,0.030629832297563553,0.044802092015743256,0.8483257293701172,0.052731867879629135,0.011430490761995316,0.848106861114502,0.0715787261724472
414,FARM_06,FARM_06_C015,2,H32_K3_D10,0.8746457695960999,0,0.8398831486701965,0.06154174362709608,0.9412509202957153,0.8399043083190918,0.03335372731089592,0.04726565256714821,0.8408159613609314,0.05244297906756401,0.011483456008136272,0.8343053460121155,0.07616465538740158
415,FARM_06,FARM_06_C016,2,H32_K3_D10,0.8792825937271118,0,0.8580542802810669,0.017705528411688577,0.943397045135498,0.8588364124298096,0.031162384897470474,0.04519506171345711,0.8453218340873718,0.05151652172207832,0.011407844722270966,0.843821108341217,0.07208088040351868
416,FARM_06,FARM_06_C017,2,H32_K3_D10,0.8036686182022095,0,0.837820291519165,0.06683275701182445,0.940818190574646,0.8380821347236633,0.03291866183280945,0.04776690900325775,0.8354343771934509,0.052427228540182114,0.011414880864322186,0.8262235522270203,0.07583792507648468
417,FARM_06,FARM_06_C018,2,H32_K3_D10,0.7986300587654114,0,0.8299027681350708,0.10333246778687438,0.9412264227867126,0.8297498226165771,0.0332673043012619,0.0474906861782074,0.8331902623176575,0.0529712550342083,0.011282936669886112,0.8288248181343079,0.07923048734664917
418,FARM_06,FARM_06_C019,2,H32_K3_D10,0.8463265299797058,0,0.875874936580658,0.0070155369881987175,0.9445456266403198,0.8770807981491089,0.030211184173822403,0.04372347146272659,0.8548119068145752,0.051060255616903305,0.01173087116330862,0.8572921752929688,0.06887409090995789
419,FARM_06,FARM_06_C020,2,H32_K3_D10,0.843156635761261,0,0.8278095126152039,0.1217767232279499,0.9411933422088623,0.827492892742157,0.0343799814581871,0.047843411564826965,0.8349670171737671,0.05324777215719223,0.010963193140923977,0.8237547278404236,0.07900841534137726
420,FARM_06,FARM_06_C021,2,H32_K3_D10,0.8000379800796509,0,0.8197283148765564,0.17122304446456718,0.941876232624054,0.819200873374939,0.033854614943265915,0.04722006618976593,0.8293288350105286,0.05567260459065437,0.010903613641858101,0.8237190246582031,0.0842524915933609
421,FARM_06,FARM_06_C022,2,H32_K3_D10,0.798741340637207,0,0.8176431059837341,0.18663495357542412,0.940609872341156,0.8171127438545227,0.03384288772940636,0.048072218894958496,0.8269052505493164,0.054463405162096024,0.011317853815853596,0.8223860859870911,0.08312610536813736
422,FARM_06,FARM_06_C023,2,H32_K3_D10,0.7894020676612854,0,0.8359721899032593,0.0761094719651526,0.9423056244850159,0.8360695242881775,0.033391255885362625,0.04696904867887497,0.8363791108131409,0.05259229987859726,0.010725312866270542,0.8256387114524841,0.07636585831642151
423,FARM_06,FARM_06_C024,2,H32_K3_D10,0.8376623392105103,0,0.8524506688117981,0.028799464902308884,0.9435601234436035,0.853117048740387,0.032724130898714066,0.04581472650170326,0.8436174392700195,0.05203421786427498,0.010625186376273632,0.831357479095459,0.07360215485095978
424,FARM_06,FARM_06_C025,2,H32_K3_D10,0.8353075385093689,0,0.794405460357666,0.42401572308224095,0.938276469707489,0.7929975986480713,0.037552010267972946,0.05008617788553238,0.8167486190795898,0.0572308786213398,0.011637349613010883,0.8117566704750061,0.09137305617332458
425,FARM_06,FARM_06_C026,2,H32_K3_D10,0.8072871565818787,0,0.8101975917816162,0.2598328524682402,0.9412525296211243,0.8095484972000122,0.035568445920944214,0.04853271320462227,0.823170006275177,0.05679338797926903,0.010214819572865963,0.8083693385124207,0.08791778236627579
426,FARM_06,FARM_06_C027,2,H32_K3_D10,0.8310864567756653,0,0.8166304230690002,0.199978800090123,0.9409385919570923,0.8162474632263184,0.03468118980526924,0.04793195426464081,0.8238967657089233,0.05640476569533348,0.01112944632768631,0.8177123069763184,0.08608348667621613
427,FARM_06,FARM_06_C028,2,H32_K3_D10,0.8571797609329224,0,0.8204518556594849,0.16989185591833328,0.9402662515640259,0.8201508522033691,0.03445536643266678,0.0481359139084816,0.8252230882644653,0.05560387298464775,0.011597773991525173,0.8250546455383301,0.08475179225206375
428,FARM_06,FARM_06_C029,2,H32_K3_D10,0.8331120610237122,0,0.7910075187683105,0.4588275109838918,0.9382251501083374,0.7894108295440674,0.036701492965221405,0.05045075714588165,0.8167585134506226,0.05670441314578056,0.011324127204716206,0.8085707426071167,0.09157957136631012
429,FARM_06,FARM_06_C030,2,H32_K3_D10,0.828137218952179,0,0.8450044393539429,0.04523863602263296,0.9430500864982605,0.8453958630561829,0.033048179000616074,0.04610954597592354,0.8403522372245789,0.05253911763429642,0.010840366594493389,0.830741286277771,0.07493384927511215
430,FARM_06,FARM_06_C031,2,H32_K3_D10,0.8475202322006226,0,0.8655450940132141,0.01208927229073333,0.9425767660140991,0.8665990829467773,0.030826520174741745,0.045277222990989685,0.8475267887115479,0.051992643624544144,0.012146031484007835,0.8509173393249512,0.0717313140630722
431,FARM_06,FARM_06_C032,2,H32_K3_D10,0.8533802628517151,0,0.801601767539978,0.34270697758434643,0.9370672106742859,0.800476610660553,0.03517879545688629,0.0507071428000927,0.8180208802223206,0.05700868368148804,0.012225713580846786,0.8197362422943115,0.08995438367128372
432,FARM_06,FARM_06_C033,2,H32_K3_D10,0.8810355067253113,0,0.8440709710121155,0.04450419220245624,0.9417771697044373,0.8443165421485901,0.03232866898179054,0.046751558780670166,0.8406846523284912,0.05214786157011986,0.011471294797956944,0.8377102613449097,0.07557650655508041
433,FARM_06,FARM_06_C034,2,H32_K3_D10,0.8948045969009399,0,0.8666879534721375,0.01112727126401141,0.9432512521743774,0.8678151965141296,0.030073009431362152,0.04483751580119133,0.8466231226921082,0.05288727208971977,0.011911231093108654,0.8529520034790039,0.07337607443332672
434,FARM_06,FARM_06_C035,2,H32_K3_D10,0.8444544672966003,0,0.844977617263794,0.041329542227527036,0.9416773915290833,0.84546959400177,0.0319242849946022,0.046719733625650406,0.8373663425445557,0.05304133519530296,0.01160280779004097,0.8357017636299133,0.07636991143226624
435,FARM_06,FARM_06_C036,2,H32_K3_D10,0.8463091254234314,0,0.8742844462394714,0.00789453712311512,0.9438462257385254,0.8754802942276001,0.02987176924943924,0.04398146644234657,0.8522411584854126,0.05288137122988701,0.012172354385256767,0.8612033724784851,0.07225498557090759
436,FARM_06,FARM_06_C037,2,H32_K3_D10,0.8600704669952393,0,0.8863398432731628,0.005028784531200743,0.9442014694213867,0.887855052947998,0.029671482741832733,0.04373396188020706,0.8599880337715149,0.050965916365385056,0.012064631097018719,0.8632742762565613,0.06577985733747482
437,FARM_06,FARM_06_C038,2,H32_K3_D10,0.8562061786651611,0,0.8429568409919739,0.046543729689336615,0.941941499710083,0.8432356715202332,0.03207826614379883,0.0465397872030735,0.838764488697052,0.05247368663549423,0.01151877362281084,0.837090015411377,0.07631527632474899
438,FARM_06,FARM_06_C039,2,H32_K3_D10,0.8218398094177246,0,0.840417742729187,0.05527744845848173,0.942389965057373,0.8407573103904724,0.032289136201143265,0.046438537538051605,0.8351900577545166,0.05389687046408653,0.011171471327543259,0.8335082530975342,0.07818613201379776
439,FARM_06,FARM_06_C040,2,H32_K3_D10,0.8192752599716187,0,0.8416080474853516,0.055335597157733445,0.9421180486679077,0.841719925403595,0.03323282301425934,0.046583015471696854,0.8411359786987305,0.052301425486803055,0.011298819445073605,0.8342346549034119,0.07593628019094467
440,FARM_06,FARM_06_C041,2,H32_K3_D10,0.8467150330543518,0,0.8342934846878052,0.08658299935267394,0.940634548664093,0.8342766761779785,0.033938728272914886,0.047942981123924255,0.8364948630332947,0.053135912865400314,0.01142247673124075,0.8264397382736206,0.07776074856519699
441,FARM_06,FARM_06_C042,2,H32_K3_D10,0.7788978815078735,1,0.8336641192436218,0.08273583135382795,0.9427794218063354,0.8338245749473572,0.03281061723828316,0.04671133682131767,0.833064079284668,0.053795237094163895,0.010509294457733631,0.8219295740127563,0.07962081581354141
442,FARM_06,FARM_06_C043,2,H32_K3_D10,0.8738722205162048,0,0.8319596648216248,0.09067856957309532,0.9429693222045898,0.8319104909896851,0.03283802419900894,0.04631119966506958,0.834039032459259,0.054505202919244766,0.010719453915953636,0.8273034691810608,0.08092395961284637
443,FARM_06,FARM_06_C044,2,H32_K3_D10,0.8731947541236877,0,0.8310184478759766,0.1035488318788887,0.9424880146980286,0.8308828473091125,0.03420961648225784,0.04666530713438988,0.8348489999771118,0.053890909999608994,0.010846685618162155,0.8263171315193176,0.08005367964506149
444,FARM_06,FARM_06_C045,2,H32_K3_D10,0.8591138124465942,0,0.8107481598854065,0.25459232235499624,0.9389087557792664,0.8100713491439819,0.03535990044474602,0.04890894144773483,0.8199860453605652,0.05714558809995651,0.012182283215224743,0.8258242011070251,0.08953068405389786
445,FARM_06,FARM_06_C046,2,H32_K3_D10,0.8132972717285156,0,0.8411798477172852,0.05382722322037555,0.9434418082237244,0.8414193987846375,0.032574284821748734,0.04577697068452835,0.8378838300704956,0.053322240710258484,0.010781234130263329,0.8342150449752808,0.07763668894767761
446,FARM_06,FARM_06_C047,2,H32_K3_D10,0.8096522092819214,0,0.8380250930786133,0.06478847149050646,0.943827211856842,0.8381999731063843,0.03264378011226654,0.04566352814435959,0.8361729383468628,0.05483464524149895,0.010509233921766281,0.8303694128990173,0.08037562668323517
447,FARM_06,FARM_06_C048,2,H32_K3_D10,0.8326682448387146,0,0.8073012232780457,0.28842476790881794,0.9396847486495972,0.8063433170318604,0.03580908104777336,0.0491512306034565,0.8237035274505615,0.05493530258536339,0.011164011433720589,0.8157212138175964,0.08502281457185745
448,FARM_06,FARM_06_C049,2,H32_K3_D10,0.8549710512161255,0,0.8190842866897583,0.1792135687536782,0.941189169883728,0.8186820149421692,0.03441966325044632,0.04811735078692436,0.8279706835746765,0.054787877947092056,0.010693468153476715,0.8145055174827576,0.08270782232284546
449,FARM_06,FARM_06_C050,2,H32_K3_D10,0.8963284492492676,0,0.8162418007850647,0.19575357153572848,0.9412306547164917,0.8156886100769043,0.03351924195885658,0.04763201251626015,0.8252586126327515,0.05555310100317001,0.011137341149151325,0.8244310021400452,0.08669058978557587
450,FARM_06,FARM_06_C051,2,H32_K3_D10,0.837253987789154,0,0.837864875793457,0.06707109821483062,0.9416723847389221,0.838115394115448,0.03302203491330147,0.04709397628903389,0.8351207971572876,0.05215547978878021,0.01123358029872179,0.8283756971359253,0.07679791003465652
451,FARM_06,FARM_06_C052,2,H32_K3_D10,0.8216648697853088,0,0.8503833413124084,0.03001421325745518,0.9422519207000732,0.8508009314537048,0.03212003409862518,0.04613107815384865,0.8438343405723572,0.05141058191657066,0.011616985313594341,0.8425152897834778,0.07375852763652802
452,FARM_06,FARM_06_C053,2,H32_K3_D10,0.8615239262580872,0,0.8650999665260315,0.010954243456817895,0.9440199732780457,0.8659580945968628,0.03034132719039917,0.04436831921339035,0.8498117327690125,0.05107513442635536,0.011611724272370338,0.8537519574165344,0.07184536010026932
453,FARM_06,FARM_06_C054,2,H32_K3_D10,0.8429862856864929,0,0.8490586876869202,0.03069598548878993,0.9421518445014954,0.8496033549308777,0.03142976015806198,0.046302564442157745,0.8403701186180115,0.05182458460330963,0.011545548215508461,0.8394567966461182,0.07506392151117325
454,FARM_06,FARM_06_C055,2,H32_K3_D10,0.910861074924469,0,0.863532304763794,0.01211671281900328,0.9445937871932983,0.8643594980239868,0.030474521219730377,0.04436561092734337,0.8497288227081299,0.05185003578662872,0.01104067824780941,0.8482257127761841,0.07235230505466461
455,FARM_06,FARM_06_C056,2,H32_K3_D10,0.8443188667297363,0,0.8421723246574402,0.04620997473168878,0.9421062469482422,0.8425269722938538,0.031447090208530426,0.046632319688797,0.8366672396659851,0.05307723209261894,0.011261474341154099,0.8352988958358765,0.07772380113601685
456,FARM_06,FARM_06_C057,2,H32_K3_D10,0.8521329760551453,0,0.8352107405662537,0.0775349153093072,0.9407477378845215,0.835026204586029,0.033073000609874725,0.04783891886472702,0.8387986421585083,0.05239774286746979,0.011413286440074444,0.8353907465934753,0.07898622751235962
457,FARM_06,FARM_06_C058,2,H32_K3_D10,0.8620266318321228,0,0.8287377953529358,0.1063293993570503,0.9414763450622559,0.8286197185516357,0.03272737190127373,0.04744754359126091,0.8314507603645325,0.05467141047120094,0.011076186783611774,0.8271459341049194,0.08148214221000671
458,FARM_06,FARM_06_C059,2,H32_K3_D10,0.8819824457168579,0,0.8584060668945312,0.016652710468420748,0.9431262612342834,0.8591590523719788,0.03077828139066696,0.045363180339336395,0.8456878066062927,0.051730524748563766,0.01151062548160553,0.8468291163444519,0.0727139338850975
459,FARM_06,FARM_06_C060,2,H32_K3_D10,0.8569985032081604,0,0.8689053058624268,0.010328013974233278,0.9422939419746399,0.8701929450035095,0.030025269836187363,0.045479096472263336,0.8465940952301025,0.05209537222981453,0.012226867489516735,0.8526662588119507,0.07173222303390503
460,FARM_06,FARM_06_C061,2,H32_K3_D10,0.8644739985466003,0,0.8482890129089355,0.035706528885598186,0.9426765441894531,0.8487364649772644,0.03248259425163269,0.046163830906152725,0.8420799970626831,0.053032442927360535,0.011159625835716724,0.8361825942993164,0.0754660815000534
461,FARM_06,FARM_06_C062,2,H32_K3_D10,0.8653765916824341,0,0.8411523103713989,0.05461420667501938,0.9428850412368774,0.8415189981460571,0.032632458955049515,0.04613862186670303,0.8357991576194763,0.053950339555740356,0.010976238176226616,0.8321647644042969,0.07823073118925095
462,FARM_06,FARM_06_C063,2,H32_K3_D10,0.830289363861084,0,0.8338438272476196,0.07893189765295033,0.9421899318695068,0.8340263366699219,0.032248616218566895,0.046645741909742355,0.831230103969574,0.053898487240076065,0.011164426803588867,0.8293522596359253,0.08024991303682327
463,FARM_06,FARM_06_C064,2,H32_K3_D10,0.8436323404312134,0,0.8440815806388855,0.042291991539184,0.9436241388320923,0.8444992899894714,0.031664181500673294,0.04535626992583275,0.8369269371032715,0.053779635578393936,0.011019570752978325,0.8377668261528015,0.07832595705986023
464,FARM_06,FARM_06_C065,2,H32_K3_D10,0.839823842048645,0,0.8349800109863281,0.0808215580651478,0.9426608681678772,0.8350093364715576,0.033432431519031525,0.046339649707078934,0.8351883292198181,0.05430062487721443,0.01099945418536663,0.8315891623497009,0.079553984105587
465,FARM_06,FARM_06_C066,2,H32_K3_D10,0.8552220463752747,0,0.8212476968765259,0.1670645697794492,0.9417822360992432,0.820805549621582,0.03491595387458801,0.04759320989251137,0.8305290937423706,0.054957326501607895,0.010624639689922333,0.8188591599464417,0.08210469782352448
466,FARM_06,FARM_06_C067,2,H32_K3_D10,0.8061540722846985,0,0.8282275795936584,0.11727899491575798,0.9426651000976562,0.8281729817390442,0.034025367349386215,0.04689294099807739,0.8315764665603638,0.055252574384212494,0.010441969148814678,0.8181109428405762,0.0817786157131195
467,FARM_06,FARM_06_C068,2,H32_K3_D10,0.8625973463058472,0,0.8199383020401001,0.17151715091962205,0.9410070180892944,0.8195827603340149,0.03421405330300331,0.047863926738500595,0.8269248604774475,0.05412896350026131,0.011129085905849934,0.8199474215507507,0.08204838633537292
468,FARM_06,FARM_06_C069,2,H32_K3_D10,0.836616039276123,0,0.8412811160087585,0.053092033938551976,0.9433491826057434,0.8415462374687195,0.03253242000937462,0.045940101146698,0.838140070438385,0.05222595855593681,0.010710814036428928,0.8313990831375122,0.07635856419801712
469,FARM_06,FARM_06_C070,2,H32_K3_D10,0.8599007725715637,0,0.8311077952384949,0.1028616961835337,0.9425238370895386,0.8310444355010986,0.03420315310359001,0.04683324322104454,0.8343720436096191,0.05330461636185646,0.010642929002642632,0.8223592042922974,0.07856805622577667
470,FARM_06,FARM_06_C071,2,H32_K3_D10,0.8592974543571472,0,0.854545533657074,0.021784736658509888,0.9440908432006836,0.8552330136299133,0.03121894970536232,0.04497063159942627,0.8436453938484192,0.05223263427615166,0.010938478633761406,0.8400276899337769,0.07429923862218857
471,FARM_06,FARM_06_C072,2,H32_K3_D10,0.8276234865188599,0,0.817623496055603,0.18622976800226712,0.9394885897636414,0.8170760869979858,0.03369789198040962,0.04873223602771759,0.8254642486572266,0.05486402288079262,0.01177914347499609,0.8288467526435852,0.08498764783143997
472,FARM_06,FARM_06_C073,2,H32_K3_D10,0.9009349942207336,0,0.842911958694458,0.04530863377270452,0.9421203136444092,0.8434213399887085,0.03156471252441406,0.04651707038283348,0.8345187306404114,0.05400858819484711,0.011362730525434017,0.8350304961204529,0.07869957387447357
473,FARM_06,FARM_06_C074,2,H32_K3_D10,0.8507725596427917,0,0.8728837370872498,0.007700793955379507,0.9438287019729614,0.8740420341491699,0.02988169714808464,0.04426249489188194,0.8525850176811218,0.05064920708537102,0.011908851563930511,0.8565244674682617,0.06924281269311905
474,FARM_06,FARM_06_C075,2,H32_K3_D10,0.8477156758308411,0,0.8446217179298401,0.041966802820818334,0.9422305822372437,0.8449470400810242,0.03197279945015907,0.04620222747325897,0.8391796946525574,0.05283122509717941,0.011567243374884129,0.8398548364639282,0.07706572115421295
475,FARM_06,FARM_06_C076,2,H32_K3_D10,0.8371164202690125,0,0.8293972611427307,0.10341079036048693,0.9414771795272827,0.8291313052177429,0.032878320664167404,0.04746920242905617,0.8344298005104065,0.052596818655729294,0.011053557507693768,0.8304459452629089,0.08032568544149399
476,FARM_06,FARM_06_C077,2,H32_K3_D10,0.845059871673584,0,0.835983395576477,0.07203641594733799,0.9416782259941101,0.836103081703186,0.032529570162296295,0.0469408854842186,0.8340760469436646,0.0546845979988575,0.011380884796380997,0.8339511752128601,0.08014754951000214
477,FARM_06,FARM_06_C078,2,H32_K3_D10,0.8433392643928528,0,0.8390147686004639,0.06062919941011542,0.9405207633972168,0.8391734957695007,0.032485853880643845,0.047525107860565186,0.8357304930686951,0.05279964581131935,0.011954087764024734,0.8395835757255554,0.07916297018527985
478,FARM_06,FARM_06_C079,2,H32_K3_D10,0.876325249671936,0,0.8281516432762146,0.12156794803244202,0.9394396543502808,0.8278153538703918,0.03461645916104317,0.04891039803624153,0.8351919651031494,0.05309215188026428,0.011649958789348602,0.8257133960723877,0.07858223468065262
479,FARM_06,FARM_06_C080,2,H32_K3_D10,0.8546803593635559,0,0.8310946226119995,0.11323362349800334,0.9386482238769531,0.8307744860649109,0.03581737354397774,0.049283817410469055,0.8377475142478943,0.0530453696846962,0.012067905627191067,0.8288239240646362,0.07739856839179993
480,FARM_07,FARM_07_C001,3,H64_K2_D10,0.8502645492553711,0,0.8436554074287415,0.05246148336426292,0.005193703342229128,0.5887181162834167,0.49013495445251465,0.9948063492774963,0.8449863791465759,0.03542250767350197,,,
481,FARM_07,FARM_07_C002,3,H64_K2_D10,0.8282326459884644,0,0.8488280773162842,0.041085697879449365,0.005306595470756292,0.5936021208763123,0.4459749758243561,0.9946934580802917,0.8501896858215332,0.035841550678014755,,,
482,FARM_07,FARM_07_C003,3,H64_K2_D10,0.858467698097229,0,0.8401552438735962,0.05935507404939015,0.005244566593319178,0.586803138256073,0.48307564854621887,0.9947553873062134,0.8414910435676575,0.03464875370264053,,,
483,FARM_07,FARM_07_C004,3,H64_K2_D10,0.8785600066184998,0,0.9084375500679016,0.0028610612589331143,0.004355885554105043,0.6445147395133972,0.3750200867652893,0.9956440925598145,0.9095922112464905,0.03125065192580223,,,
484,FARM_07,FARM_07_C005,3,H64_K2_D10,0.79774010181427,0,0.8494802117347717,0.02723457756616221,0.005345645360648632,0.603306233882904,0.4373788833618164,0.9946542978286743,0.8508032560348511,0.03247654065489769,,,
485,FARM_07,FARM_07_C006,3,H64_K2_D10,0.8322142958641052,0,0.8734438419342041,0.0060505449687972505,0.004854797385632992,0.6231365203857422,0.4250091314315796,0.9951451420783997,0.8746650218963623,0.03197742626070976,,,
486,FARM_07,FARM_07_C007,3,H64_K2_D10,0.8195810914039612,0,0.8358206152915955,0.07244175564464951,0.005327738355845213,0.5900517106056213,0.4484443962574005,0.9946722388267517,0.83713698387146,0.03419298678636551,,,
487,FARM_07,FARM_07_C008,3,H64_K2_D10,0.8361110091209412,0,0.8530703783035278,0.021756794090632397,0.005224633030593395,0.6144735813140869,0.4379659593105316,0.9947752952575684,0.8543235659599304,0.03250623494386673,,,
488,FARM_07,FARM_07_C009,3,H64_K2_D10,0.9032188057899475,0,0.8484745621681213,0.03531671389936125,0.005189564079046249,0.5948955416679382,0.43810978531837463,0.9948104619979858,0.8497973680496216,0.03418692946434021,,,
489,FARM_07,FARM_07_C010,3,H64_K2_D10,0.8933566212654114,0,0.8880936503410339,0.0036506337150025237,0.005129089578986168,0.6443756222724915,0.3712693750858307,0.9948709011077881,0.8893501162528992,0.030154943466186523,,,
490,FARM_07,FARM_07_C011,3,H64_K2_D10,0.8842881321907043,0,0.873727560043335,0.006332028035001632,0.004781099036335945,0.6102680563926697,0.4127386212348938,0.9952189326286316,0.8749932050704956,0.03242119401693344,,,
491,FARM_07,FARM_07_C012,3,H64_K2_D10,0.899939239025116,0,0.8762703537940979,0.005602975804682585,0.0049347965978085995,0.621679425239563,0.3984486758708954,0.9950652718544006,0.8775328993797302,0.03221724182367325,,,
492,FARM_07,FARM_07_C013,3,H64_K2_D10,0.8427445292472839,0,0.8660827875137329,0.007333991434028164,0.005269920919090509,0.6255037784576416,0.3984866738319397,0.9947299957275391,0.8673573732376099,0.030390162020921707,,,
493,FARM_07,FARM_07_C014,3,H64_K2_D10,0.8751887083053589,0,0.8571608662605286,0.015439445061744841,0.0053519378416240215,0.6210333704948425,0.41017067432403564,0.9946480393409729,0.8584313988685608,0.03187156468629837,,,
494,FARM_07,FARM_07_C015,3,H64_K2_D10,0.9171102643013,0,0.8975695967674255,0.0032579199881850184,0.00496593676507473,0.6536787152290344,0.36041060090065,0.9950340986251831,0.8987867832183838,0.02924380451440811,,,
495,FARM_07,FARM_07_C016,3,H64_K2_D10,0.865130603313446,0,0.879023551940918,0.004332420861881682,0.00491344416514039,0.6323009133338928,0.39641711115837097,0.9950866103172302,0.8802417516708374,0.03072359412908554,,,
496,FARM_07,FARM_07_C017,3,H64_K2_D10,0.864239513874054,0,0.856147825717926,0.014707933644388866,0.0055991280823946,0.6265199780464172,0.40391358733177185,0.9944009184837341,0.857440710067749,0.031031858175992966,,,
497,FARM_07,FARM_07_C018,3,H64_K2_D10,0.8749372363090515,0,0.8856142163276672,0.0036765592784507115,0.004991845227777958,0.6366710066795349,0.39282944798469543,0.995008111000061,0.8868631720542908,0.030185721814632416,,,
498,FARM_07,FARM_07_C019,3,H64_K2_D10,0.846844494342804,0,0.8828607201576233,0.0038994725335893933,0.004674841184169054,0.6291714310646057,0.4041571319103241,0.9953250885009766,0.8840523362159729,0.03111879900097847,,,
499,FARM_07,FARM_07_C020,3,H64_K2_D10,0.8242300152778625,0,0.8766486644744873,0.0055660151257152235,0.00468713091686368,0.6136264204978943,0.41431984305381775,0.9953128099441528,0.8778873085975647,0.032526884227991104,,,
500,FARM_07,FARM_07_C021,3,H64_K2_D10,0.83379727602005,0,0.8389495611190796,0.06275549622404861,0.005253186449408531,0.594260036945343,0.47525346279144287,0.994746744632721,0.8402418494224548,0.03450566157698631,,,
501,FARM_07,FARM_07_C022,3,H64_K2_D10,0.8423622846603394,0,0.8186655640602112,0.17713697941187972,0.0054998029954731464,0.56916743516922,0.4906531870365143,0.9945001602172852,0.8200453519821167,0.03582374006509781,,,
502,FARM_07,FARM_07_C023,3,H64_K2_D10,0.851016640663147,0,0.8417384624481201,0.05397301818152639,0.00520543335005641,0.5910889506340027,0.48334652185440063,0.9947945475578308,0.8430500626564026,0.03455633670091629,,,
503,FARM_07,FARM_07_C024,3,H64_K2_D10,0.808743417263031,0,0.845952033996582,0.037910606908260945,0.005257115699350834,0.5910040140151978,0.44757139682769775,0.9947428703308105,0.8472994565963745,0.033463478088378906,,,
504,FARM_07,FARM_07_C025,3,H64_K2_D10,0.7875205874443054,0,0.804869532585144,0.2940352696349007,0.005946067161858082,0.5742319822311401,0.48841530084609985,0.9940539002418518,0.80624920129776,0.0360620878636837,,,
505,FARM_07,FARM_07_C026,3,H64_K2_D10,0.8908976912498474,0,0.8635113835334778,0.01407056953417891,0.004780759569257498,0.5950402021408081,0.44853758811950684,0.9952191710472107,0.8648011088371277,0.03416525572538376,,,
506,FARM_07,FARM_07_C027,3,H64_K2_D10,0.7999292016029358,0,0.8364693522453308,0.062430529257372594,0.005667025223374367,0.5967488884925842,0.446503609418869,0.994333028793335,0.8378355503082275,0.032850757241249084,,,
507,FARM_07,FARM_07_C028,3,H64_K2_D10,0.8294811248779297,0,0.8320723176002502,0.09155672337507405,0.005334459710866213,0.5871882438659668,0.47868117690086365,0.9946655035018921,0.8333856463432312,0.03474213927984238,,,
508,FARM_07,FARM_07_C029,3,H64_K2_D10,0.8374853134155273,0,0.8569269776344299,0.02113074513470621,0.004928593058139086,0.5994726419448853,0.45489823818206787,0.9950714111328125,0.8582021594047546,0.03419096767902374,,,
509,FARM_07,FARM_07_C030,3,H64_K2_D10,0.8673935532569885,0,0.8740224838256836,0.005595263791581543,0.004952273331582546,0.6246556639671326,0.40252289175987244,0.9950478076934814,0.8752634525299072,0.03141701966524124,,,
510,FARM_07,FARM_07_C031,3,H64_K2_D10,0.8331786394119263,0,0.8566324710845947,0.016022175321308247,0.0051468960009515285,0.6070696711540222,0.4327815771102905,0.9948530793190002,0.8579236268997192,0.03195523843169212,,,
511,FARM_07,FARM_07_C032,3,H64_K2_D10,0.8206862807273865,0,0.8517820835113525,0.016245694935254067,0.006576137617230415,0.6362370848655701,0.3922506272792816,0.9934238195419312,0.8532089591026306,0.029586173593997955,,,
512,FARM_07,FARM_07_C033,3,H64_K2_D10,0.8620606660842896,0,0.8837980628013611,0.004164580428300004,0.005071289371699095,0.6414257884025574,0.3766935467720032,0.9949287176132202,0.8850334286689758,0.03148297220468521,,,
513,FARM_07,FARM_07_C034,3,H64_K2_D10,0.85355544090271,0,0.8812924027442932,0.004067004434689469,0.0047666169703006744,0.6314376592636108,0.395821213722229,0.9952333569526672,0.8824891448020935,0.03095293417572975,,,
514,FARM_07,FARM_07_C035,3,H64_K2_D10,0.8870012760162354,0,0.8490374088287354,0.0249698044141491,0.005467455368489027,0.6148195266723633,0.420145183801651,0.994532585144043,0.8503249883651733,0.03154335543513298,,,
515,FARM_07,FARM_07_C036,3,H64_K2_D10,0.8310419917106628,0,0.88152676820755,0.004095843741158235,0.0052864463068544865,0.6410293579101562,0.36946114897727966,0.9947134852409363,0.8828049898147583,0.029937781393527985,,,
516,FARM_07,FARM_07_C037,3,H64_K2_D10,0.8789840936660767,0,0.8385336995124817,0.054741863158698854,0.00547619117423892,0.6065751910209656,0.44125980138778687,0.9945237636566162,0.8398109674453735,0.03269198536872864,,,
517,FARM_07,FARM_07_C038,3,H64_K2_D10,0.8788697123527527,0,0.8704463243484497,0.007146714252401485,0.0053400942124426365,0.6246628165245056,0.3976424038410187,0.994659960269928,0.8717657923698425,0.031791359186172485,,,
518,FARM_07,FARM_07_C039,3,H64_K2_D10,0.8101422786712646,0,0.8691558837890625,0.007408939522847066,0.005031011067330837,0.619914174079895,0.41714105010032654,0.9949689507484436,0.8704161643981934,0.0317816436290741,,,
519,FARM_07,FARM_07_C040,3,H64_K2_D10,0.8518244028091431,0,0.8289952874183655,0.10335661169465138,0.005496243014931679,0.5875130891799927,0.4569252133369446,0.9945037364959717,0.8303298354148865,0.034250132739543915,,,
520,FARM_07,FARM_07_C041,3,H64_K2_D10,0.8416103720664978,0,0.8450755476951599,0.03795855940504959,0.005449576769024134,0.60023432970047,0.4316037893295288,0.9945504069328308,0.8464171290397644,0.03296278044581413,,,
521,FARM_07,FARM_07_C042,3,H64_K2_D10,0.8701346516609192,0,0.8045658469200134,0.2978680193357133,0.005803985521197319,0.5735183358192444,0.4976638853549957,0.9941959381103516,0.8059147596359253,0.036204393953084946,,,
522,FARM_07,FARM_07_C043,3,H64_K2_D10,0.8582789897918701,0,0.8186957836151123,0.1856084466112166,0.005585986189544201,0.5832151770591736,0.4937118589878082,0.9944139719009399,0.8200186491012573,0.03708977997303009,,,
523,FARM_07,FARM_07_C044,3,H64_K2_D10,0.8503994345664978,0,0.8731968402862549,0.00819327935484669,0.004925846587866545,0.6049491167068481,0.44901397824287415,0.9950740933418274,0.8745247721672058,0.03416333720088005,,,
524,FARM_07,FARM_07_C045,3,H64_K2_D10,0.8175727725028992,0,0.8589982390403748,0.0155653003796986,0.005008521024137735,0.6052972078323364,0.44293805956840515,0.9949914813041687,0.8602752685546875,0.032844241708517075,,,
525,FARM_07,FARM_07_C046,3,H64_K2_D10,0.8325620889663696,0,0.8842835426330566,0.004035361484771915,0.004603477194905281,0.6207664608955383,0.402692973613739,0.9953965544700623,0.8855022192001343,0.032053008675575256,,,
526,FARM_07,FARM_07_C047,3,H64_K2_D10,0.8437798619270325,0,0.8395392298698425,0.06938026872452255,0.005168540868908167,0.5719814300537109,0.48263874650001526,0.9948315024375916,0.8409292101860046,0.036194149404764175,,,
527,FARM_07,FARM_07_C048,3,H64_K2_D10,0.8852812647819519,0,0.8490420579910278,0.04002010326149401,0.005065856501460075,0.5849888324737549,0.4646695554256439,0.9949341416358948,0.8503865003585815,0.03572484850883484,,,
528,FARM_07,FARM_07_C049,3,H64_K2_D10,0.8106898665428162,0,0.8165526390075684,0.18307039318738627,0.005820037331432104,0.5877599716186523,0.48383036255836487,0.9941799640655518,0.8178920149803162,0.034354373812675476,,,
529,FARM_07,FARM_07_C050,3,H64_K2_D10,0.8083896040916443,0,0.8862763047218323,0.0037840715275420014,0.004748914390802383,0.62864750623703,0.3999498188495636,0.9952510595321655,0.8875055909156799,0.03155752643942833,,,
530,FARM_07,FARM_07_C051,3,H64_K2_D10,0.8945792317390442,0,0.7876936197280884,0.4727002506341964,0.00664891954511404,0.5684847831726074,0.48578745126724243,0.99335116147995,0.7891607880592346,0.03727797791361809,,,
531,FARM_07,FARM_07_C052,3,H64_K2_D10,0.8565186262130737,0,0.8585277795791626,0.020790021941233732,0.005043833050876856,0.6005098819732666,0.43102195858955383,0.9949561953544617,0.8598357439041138,0.03479732573032379,,,
532,FARM_07,FARM_07_C053,3,H64_K2_D10,0.9036784768104553,0,0.8469939827919006,0.028913954150248045,0.005790625233203173,0.603813886642456,0.4070609211921692,0.9942094087600708,0.8484103083610535,0.03164105862379074,,,
533,FARM_07,FARM_07_C054,3,H64_K2_D10,0.8883858919143677,0,0.8535434007644653,0.017658917245379102,0.005389154888689518,0.6129969954490662,0.41436830163002014,0.9946109056472778,0.854846715927124,0.031178921461105347,,,
534,FARM_07,FARM_07_C055,3,H64_K2_D10,0.8831781148910522,0,0.8918813467025757,0.0033324288813015614,0.004770423285663128,0.6378539204597473,0.38326048851013184,0.9952296018600464,0.8930989503860474,0.030419111251831055,,,
535,FARM_07,FARM_07_C056,3,H64_K2_D10,0.8815805315971375,0,0.8667781352996826,0.006510927535664894,0.005737896077334881,0.6388829350471497,0.37632712721824646,0.9942620992660522,0.8680933117866516,0.02943751960992813,,,
536,FARM_07,FARM_07_C057,3,H64_K2_D10,0.8908265829086304,0,0.8833381533622742,0.004218376998884205,0.005258527118712664,0.6409458518028259,0.37223273515701294,0.9947414398193359,0.8846195936203003,0.031072985380887985,,,
537,FARM_07,FARM_07_C058,3,H64_K2_D10,0.8919268846511841,0,0.8723516464233398,0.005525781609994061,0.004955431446433067,0.6241524815559387,0.4011405110359192,0.9950445890426636,0.8735876679420471,0.03070899099111557,,,
538,FARM_07,FARM_07_C059,3,H64_K2_D10,0.9030332565307617,0,0.8681484460830688,0.006664095606734326,0.005105089396238327,0.6245101690292358,0.39181527495384216,0.9948949217796326,0.8693985939025879,0.030535761266946793,,,
539,FARM_07,FARM_07_C060,3,H64_K2_D10,0.8532105088233948,0,0.8113495707511902,0.23675082737318906,0.005916754249483347,0.5856632590293884,0.47209402918815613,0.9940832257270813,0.8126928806304932,0.036149099469184875,,,
540,FARM_07,FARM_07_C061,3,H64_K2_D10,0.8660237789154053,0,0.8500494956970215,0.02940235222838072,0.005064583383500576,0.5982704758644104,0.4452829957008362,0.9949354529380798,0.8513311147689819,0.03342263400554657,,,
541,FARM_07,FARM_07_C062,3,H64_K2_D10,0.8464593291282654,0,0.8467445969581604,0.03323475287896884,0.005308954045176506,0.6031811833381653,0.44825562834739685,0.9946910738945007,0.8480445146560669,0.032705627381801605,,,
542,FARM_07,FARM_07_C063,3,H64_K2_D10,0.8646253943443298,0,0.8396258354187012,0.055184424202376826,0.005739097483456135,0.6018983721733093,0.45746955275535583,0.9942609071731567,0.8409980535507202,0.033476706594228745,,,
543,FARM_07,FARM_07_C064,3,H64_K2_D10,0.8186441659927368,0,0.8515562415122986,0.0262249307659849,0.005273744463920593,0.6064402461051941,0.44149354100227356,0.9947262406349182,0.8528558015823364,0.03322482854127884,,,
544,FARM_07,FARM_07_C065,3,H64_K2_D10,0.8594359755516052,0,0.8416165709495544,0.05722545792241074,0.005068294238299131,0.5801955461502075,0.4690471589565277,0.9949316382408142,0.842948317527771,0.035152971744537354,,,
545,FARM_07,FARM_07_C066,3,H64_K2_D10,0.8302192091941833,0,0.820052444934845,0.17659356764227674,0.005410296376794577,0.5610391497612,0.4960048496723175,0.9945896863937378,0.8214614391326904,0.03725405037403107,,,
546,FARM_07,FARM_07_C067,3,H64_K2_D10,0.8326919078826904,0,0.8602672815322876,0.016115477286230407,0.004899745341390371,0.6019459366798401,0.45388054847717285,0.9951003193855286,0.8615391850471497,0.03369508683681488,,,
547,FARM_07,FARM_07_C068,3,H64_K2_D10,0.8382757902145386,0,0.8414414525032043,0.05138846923397612,0.005247403401881456,0.5896044373512268,0.46434804797172546,0.9947525262832642,0.842769980430603,0.033847078680992126,,,
548,FARM_07,FARM_07_C069,3,H64_K2_D10,0.8257397413253784,0,0.8545349836349487,0.028466496403731535,0.004901764448732138,0.5890176296234131,0.4623068571090698,0.9950981736183167,0.8558429479598999,0.035490263253450394,,,
549,FARM_07,FARM_07_C070,3,H64_K2_D10,0.8682848811149597,0,0.814943790435791,0.20737712123861748,0.005660025402903557,0.5731321573257446,0.5076053142547607,0.9943400025367737,0.8163202404975891,0.036182619631290436,,,
550,FARM_07,FARM_07_C071,3,H64_K2_D10,0.9183250069618225,0,0.8723816275596619,0.008295394818297766,0.004639567341655493,0.6095646619796753,0.42944997549057007,0.9953604340553284,0.8736066818237305,0.034054990857839584,,,
551,FARM_07,FARM_07_C072,3,H64_K2_D10,0.8387290835380554,0,0.8711146712303162,0.007276481409515645,0.004817520268261433,0.6134219765663147,0.4292071759700775,0.995182454586029,0.8723621368408203,0.03251809626817703,,,
552,FARM_07,FARM_07_C073,3,H64_K2_D10,0.8390556573867798,0,0.8470228314399719,0.027427066671578675,0.0055144536308944225,0.6106825470924377,0.43279218673706055,0.9944855570793152,0.8483332991600037,0.031260523945093155,,,
553,FARM_07,FARM_07_C074,3,H64_K2_D10,0.8354240655899048,0,0.8722670674324036,0.00741170932779415,0.004687006119638681,0.6084606647491455,0.4223620295524597,0.9953129291534424,0.873509407043457,0.03314393386244774,,,
554,FARM_07,FARM_07_C075,3,H64_K2_D10,0.8647108674049377,0,0.8604254126548767,0.01424590688280275,0.004932484123855829,0.6115404367446899,0.43806689977645874,0.9950674772262573,0.8616591691970825,0.032857127487659454,,,
555,FARM_07,FARM_07_C076,3,H64_K2_D10,0.9032249450683594,0,0.8655920028686523,0.00822482059696818,0.005064894910901785,0.6184056997299194,0.40076932311058044,0.9949350953102112,0.8668503761291504,0.03111148625612259,,,
556,FARM_07,FARM_07_C077,3,H64_K2_D10,0.888839602470398,0,0.8786635398864746,0.004688086573995803,0.004917646758258343,0.6270666718482971,0.39480239152908325,0.9950823783874512,0.8799068927764893,0.03140408918261528,,,
557,FARM_07,FARM_07_C078,3,H64_K2_D10,0.8762447237968445,0,0.8753299117088318,0.0049092364456701735,0.004943607375025749,0.628636360168457,0.39837750792503357,0.9950563907623291,0.8765555620193481,0.030721519142389297,,,
558,FARM_07,FARM_07_C079,3,H64_K2_D10,0.9215352535247803,0,0.8773989677429199,0.0044723966623917205,0.004966902546584606,0.6305957436561584,0.3869816064834595,0.9950331449508667,0.8786308765411377,0.030399944633245468,,,
559,FARM_07,FARM_07_C080,3,H64_K2_D10,0.8819366693496704,0,0.8622903823852539,0.011638571999269254,0.005178909748792648,0.6128536462783813,0.4081026315689087,0.9948210716247559,0.8635889887809753,0.03215235099196434,,,
560,FARM_08,FARM_08_C001,5,H64_K2_D10,0.8341408967971802,0,0.8221886157989502,0.14377272416262946,0.48260167241096497,0.8280507922172546,0.031134430319070816,0.5173983573913574,0.8167206645011902,0.03489239513874054,,,
561,FARM_08,FARM_08_C002,5,H64_K2_D10,0.9334253668785095,0,0.8586238622665405,0.008060450433486627,0.3680138885974884,0.8619137406349182,0.029383759945631027,0.6319860816001892,0.8567081093788147,0.03007373958826065,,,
562,FARM_08,FARM_08_C003,5,H64_K2_D10,0.8494247794151306,0,0.8734695911407471,0.001816647305058616,0.2941941022872925,0.8757977485656738,0.031037162989377975,0.7058058977127075,0.8724991083145142,0.029437776654958725,,,
563,FARM_08,FARM_08_C004,5,H64_K2_D10,0.8292757868766785,0,0.8422027826309204,0.03700411500282815,0.4222889840602875,0.8445953726768494,0.02949700877070427,0.5777110457420349,0.8404538631439209,0.032073017209768295,,,
564,FARM_08,FARM_08_C005,5,H64_K2_D10,0.8576810956001282,0,0.841536283493042,0.04110719572620521,0.3978549540042877,0.8451114296913147,0.030457977205514908,0.6021450161933899,0.8391740918159485,0.03210034966468811,,,
565,FARM_08,FARM_08_C006,5,H64_K2_D10,0.8800636529922485,0,0.8619462251663208,0.006124809090253281,0.3497949540615082,0.864877462387085,0.03023970127105713,0.6502049565315247,0.8603693246841431,0.02997828647494316,,,
566,FARM_08,FARM_08_C007,5,H64_K2_D10,0.9373296499252319,0,0.8625202775001526,0.005392849919809341,0.372487872838974,0.8648084998130798,0.029091671109199524,0.6275120973587036,0.8611620664596558,0.030059564858675003,,,
567,FARM_08,FARM_08_C008,5,H64_K2_D10,0.8884877562522888,0,0.8375293016433716,0.055367244368533866,0.44053635001182556,0.8416053652763367,0.029362473636865616,0.559463620185852,0.8343197703361511,0.03325686603784561,,,
568,FARM_08,FARM_08_C009,5,H64_K2_D10,0.9137920141220093,0,0.875733494758606,0.0011242131716401628,0.2870410978794098,0.8768327236175537,0.03014717623591423,0.7129588723182678,0.8752909302711487,0.02881496027112007,,,
569,FARM_08,FARM_08_C010,5,H64_K2_D10,0.899468183517456,0,0.90285724401474,7.19968932438182e-05,0.1881704479455948,0.8953677415847778,0.03218434751033783,0.8118295669555664,0.9045931696891785,0.026899758726358414,,,
570,FARM_08,FARM_08_C011,5,H64_K2_D10,0.8663737773895264,0,0.8846335411071777,0.0003098146287416006,0.2610751986503601,0.8817515969276428,0.02971191704273224,0.7389247417449951,0.8856518268585205,0.027816910296678543,,,
571,FARM_08,FARM_08_C012,5,H64_K2_D10,0.9087039828300476,0,0.8722628355026245,0.001891698188772036,0.31963419914245605,0.8749775886535645,0.02956787869334221,0.680365800857544,0.8709873557090759,0.029567673802375793,,,
572,FARM_08,FARM_08_C013,5,H64_K2_D10,0.8785654306411743,0,0.8811229467391968,0.000511371914262214,0.29158419370651245,0.880536675453186,0.0292452834546566,0.7084158062934875,0.8813642263412476,0.028601810336112976,,,
573,FARM_08,FARM_08_C014,5,H64_K2_D10,0.8632263541221619,0,0.8818247318267822,0.0003853832250958129,0.28866198658943176,0.8790910840034485,0.02920553833246231,0.7113381028175354,0.8829338550567627,0.027565203607082367,,,
574,FARM_08,FARM_08_C015,5,H64_K2_D10,0.8793326020240784,0,0.8759225010871887,0.0008373992229811001,0.30538421869277954,0.8749043941497803,0.028844166547060013,0.6946157813072205,0.8763700723648071,0.028236854821443558,,,
575,FARM_08,FARM_08_C016,5,H64_K2_D10,0.8586226105690002,0,0.9042465090751648,4.5037277688715354e-05,0.2006741315126419,0.8975386619567871,0.03139520809054375,0.7993258237838745,0.9059305787086487,0.02719661220908165,,,
576,FARM_08,FARM_08_C017,5,H64_K2_D10,0.8326023817062378,0,0.8964789509773254,0.00010268346197792642,0.22513049840927124,0.8910194635391235,0.03104420006275177,0.7748695015907288,0.8980650901794434,0.027331791818141937,,,
577,FARM_08,FARM_08_C018,5,H64_K2_D10,0.8833332061767578,0,0.8949233889579773,0.00012829754174329623,0.2170526087284088,0.8927999138832092,0.03208431228995323,0.7829474210739136,0.895512044429779,0.027477506548166275,,,
578,FARM_08,FARM_08_C019,5,H64_K2_D10,0.8785199522972107,0,0.909824550151825,5.389098463527182e-05,0.15911158919334412,0.9008659720420837,0.033606912940740585,0.8408884406089783,0.9115196466445923,0.026476845145225525,,,
579,FARM_08,FARM_08_C020,5,H64_K2_D10,0.8899248242378235,0,0.9029223918914795,4.171323621765451e-05,0.2070768177509308,0.8980545401573181,0.03128110244870186,0.7929232120513916,0.9041935801506042,0.026753034442663193,,,
580,FARM_08,FARM_08_C021,5,H64_K2_D10,0.8651512861251831,0,0.8694385290145874,0.002446565937014611,0.3225831687450409,0.8713929653167725,0.02994513511657715,0.6774168014526367,0.8685078620910645,0.029251419007778168,,,
581,FARM_08,FARM_08_C022,5,H64_K2_D10,0.8868657350540161,0,0.8536854386329651,0.016538079260827118,0.3676479756832123,0.8577751517295837,0.030485469847917557,0.6323519945144653,0.85130774974823,0.03173062950372696,,,
582,FARM_08,FARM_08_C023,5,H64_K2_D10,0.8191185593605042,0,0.8545938730239868,0.015004234353458757,0.37079307436943054,0.8585904240608215,0.030249249190092087,0.6292068958282471,0.8522387146949768,0.03162524476647377,,,
583,FARM_08,FARM_08_C024,5,H64_K2_D10,0.8679323196411133,0,0.8672140836715698,0.0031673719946950212,0.35725927352905273,0.869362473487854,0.029218245297670364,0.6427407264709473,0.8660199046134949,0.02965766191482544,,,
584,FARM_08,FARM_08_C025,5,H64_K2_D10,0.8209467530250549,0,0.8363619446754456,0.0615094050727887,0.4492952823638916,0.840459942817688,0.03044862672686577,0.5507046580314636,0.8330186605453491,0.03321227803826332,,,
585,FARM_08,FARM_08_C026,5,H64_K2_D10,0.8456009030342102,0,0.8434829711914062,0.03563875939381667,0.38499242067337036,0.8468427062034607,0.030865781009197235,0.6150075197219849,0.8413798213005066,0.03179890289902687,,,
586,FARM_08,FARM_08_C027,5,H64_K2_D10,0.8832727074623108,0,0.8783713579177856,0.0008333238997305409,0.27944597601890564,0.8786600828170776,0.030218858271837234,0.7205540537834167,0.8782593607902527,0.02877725288271904,,,
587,FARM_08,FARM_08_C028,5,H64_K2_D10,0.9090155959129333,0,0.8825258016586304,0.0004568225595553044,0.28228330612182617,0.8839221000671387,0.030041899532079697,0.7177166938781738,0.8819766640663147,0.028507113456726074,,,
588,FARM_08,FARM_08_C029,5,H64_K2_D10,0.8928201794624329,0,0.8414289951324463,0.04302904394134316,0.4005250036716461,0.845686674118042,0.030520103871822357,0.5994750261306763,0.838584303855896,0.03246735408902168,,,
589,FARM_08,FARM_08_C030,5,H64_K2_D10,0.8803666234016418,0,0.8905731439590454,0.00014741328359657368,0.23988737165927887,0.8874771595001221,0.030376944690942764,0.7601125836372375,0.8915502429008484,0.02714495360851288,,,
590,FARM_08,FARM_08_C031,5,H64_K2_D10,0.8399866223335266,0,0.8827265501022339,0.00036560499670208453,0.26669052243232727,0.8809704184532166,0.029745403677225113,0.7333093881607056,0.8833653926849365,0.027634717524051666,,,
591,FARM_08,FARM_08_C032,5,H64_K2_D10,0.8787389993667603,0,0.8578829765319824,0.00894284255801077,0.34712427854537964,0.8605172038078308,0.02998293936252594,0.6528757214546204,0.8564823865890503,0.030137669295072556,,,
592,FARM_08,FARM_08_C033,5,H64_K2_D10,0.8535469770431519,0,0.898436427116394,7.810958272136356e-05,0.21009966731071472,0.8920606374740601,0.03095770999789238,0.7899003028869629,0.9001323580741882,0.02697840705513954,,,
593,FARM_08,FARM_08_C034,5,H64_K2_D10,0.9060860276222229,0,0.9211463332176208,3.790022578688658e-05,0.1356588751077652,0.9084122776985168,0.03532816469669342,0.864341139793396,0.9231449365615845,0.026045259088277817,,,
594,FARM_08,FARM_08_C035,5,H64_K2_D10,0.9255066514015198,0,0.8816061019897461,0.0004047662358874388,0.2866484820842743,0.8798781037330627,0.02930598333477974,0.7133515477180481,0.8823004961013794,0.02775956317782402,,,
595,FARM_08,FARM_08_C036,5,H64_K2_D10,0.8712623715400696,0,0.8562823534011841,0.009889005685007779,0.39164742827415466,0.8595123291015625,0.02874016761779785,0.6083526015281677,0.8542028665542603,0.03029562160372734,,,
596,FARM_08,FARM_08_C037,5,H64_K2_D10,0.9289585947990417,0,0.8971086740493774,0.00012886019439277736,0.20864328742027283,0.8896968960762024,0.03164806589484215,0.7913566827774048,0.8990628719329834,0.027130305767059326,,,
597,FARM_08,FARM_08_C038,5,H64_K2_D10,0.8843737244606018,0,0.8877027630805969,0.00018373998365631253,0.27379199862480164,0.8862431645393372,0.02972618117928505,0.7262079119682312,0.8882532119750977,0.027437206357717514,,,
598,FARM_08,FARM_08_C039,5,H64_K2_D10,0.8852643370628357,0,0.9146038889884949,5.187026354923112e-05,0.15105143189430237,0.9025498628616333,0.03416959568858147,0.8489485383033752,0.9167487025260925,0.02651316672563553,,,
599,FARM_08,FARM_08_C040,5,H64_K2_D10,0.9194732904434204,0,0.8856431841850281,0.00026701320896032005,0.2640269696712494,0.8843931555747986,0.029844623059034348,0.7359729409217834,0.8860917091369629,0.027885351330041885,,,
600,FARM_08,FARM_08_C041,5,H64_K2_D10,0.855596661567688,0,0.8805132508277893,0.0004885382104633518,0.2882564961910248,0.8801045417785645,0.02980400249361992,0.7117435336112976,0.8806787729263306,0.02776268497109413,,,
601,FARM_08,FARM_08_C042,5,H64_K2_D10,0.8774973750114441,0,0.8671190738677979,0.003728296142339557,0.3242872953414917,0.8702442646026611,0.03014562651515007,0.6757127642631531,0.8656191825866699,0.030033599585294724,,,
602,FARM_08,FARM_08_C043,5,H64_K2_D10,0.8190733194351196,0,0.8950121998786926,0.00012720796644081779,0.2067674696445465,0.8917152881622314,0.03213517740368843,0.7932325005531311,0.8958715796470642,0.026810601353645325,,,
603,FARM_08,FARM_08_C044,5,H64_K2_D10,0.889580488204956,0,0.8736839294433594,0.0018188734708711426,0.296455442905426,0.8761649131774902,0.030989032238721848,0.703544557094574,0.8726385235786438,0.029566019773483276,,,
604,FARM_08,FARM_08_C045,5,H64_K2_D10,0.8896607160568237,0,0.867560863494873,0.003071075259136841,0.3312586545944214,0.8697662949562073,0.030127231031656265,0.6687412858009338,0.8664685487747192,0.0293138325214386,,,
605,FARM_08,FARM_08_C046,5,H64_K2_D10,0.8578084707260132,0,0.8784379959106445,0.000944038410443903,0.27773940563201904,0.8802279233932495,0.030857089906930923,0.7222606539726257,0.8777495622634888,0.029080528765916824,,,
606,FARM_08,FARM_08_C047,5,H64_K2_D10,0.8190485835075378,0,0.8399755358695984,0.049829711471783014,0.43448275327682495,0.8454174995422363,0.030205879360437393,0.565517246723175,0.8357945084571838,0.033162035048007965,,,
607,FARM_08,FARM_08_C048,5,H64_K2_D10,0.8992714285850525,0,0.8323363065719604,0.07951313350536283,0.43420645594596863,0.8366489410400391,0.030738163739442825,0.5657935738563538,0.8290265798568726,0.033365994691848755,,,
608,FARM_08,FARM_08_C049,5,H64_K2_D10,0.850003182888031,0,0.8306867480278015,0.0839166270537252,0.4828856885433197,0.8337773680686951,0.029712554067373276,0.5171143412590027,0.8278006911277771,0.033723555505275726,,,
609,FARM_08,FARM_08_C050,5,H64_K2_D10,0.8656209111213684,0,0.847468376159668,0.030794804210012502,0.38210755586624146,0.8532694578170776,0.031818076968193054,0.6178924441337585,0.8438808917999268,0.03251679241657257,,,
610,FARM_08,FARM_08_C051,5,H64_K2_D10,0.8864365220069885,0,0.8688896894454956,0.002234433005675511,0.326604962348938,0.870008111000061,0.029404673725366592,0.673395037651062,0.8683472871780396,0.028783075511455536,,,
611,FARM_08,FARM_08_C052,5,H64_K2_D10,0.8618447184562683,0,0.8550272583961487,0.011688353165894422,0.3669038414955139,0.857011616230011,0.029162190854549408,0.6330962181091309,0.8538771867752075,0.030651021748781204,,,
612,FARM_08,FARM_08_C053,5,H64_K2_D10,0.8840611577033997,0,0.8814932107925415,0.000562073711079077,0.2593921720981598,0.8809902667999268,0.030880115926265717,0.7406077980995178,0.8816694617271423,0.02822152152657509,,,
613,FARM_08,FARM_08_C054,5,H64_K2_D10,0.868378221988678,0,0.8800356984138489,0.0005254332887130346,0.28866785764694214,0.8793776631355286,0.029131639748811722,0.7113321423530579,0.8803027272224426,0.02825240045785904,,,
614,FARM_08,FARM_08_C055,5,H64_K2_D10,0.9691101908683777,0,0.9014673233032227,4.990542266878451e-05,0.21230849623680115,0.8957139253616333,0.031076863408088684,0.7876915335655212,0.903018057346344,0.026119980961084366,,,
615,FARM_08,FARM_08_C056,5,H64_K2_D10,0.9044930934906006,0,0.9122709631919861,8.400287010775302e-05,0.14612555503845215,0.8983309268951416,0.034387242048978806,0.8538744449615479,0.9146565794944763,0.026280872523784637,,,
616,FARM_08,FARM_08_C057,5,H64_K2_D10,0.8858367800712585,0,0.8693791627883911,0.0019228917823596065,0.3782048225402832,0.8705962896347046,0.027729105204343796,0.6217951774597168,0.8686387538909912,0.029072348028421402,,,
617,FARM_08,FARM_08_C058,5,H64_K2_D10,0.8953640460968018,0,0.8941717147827148,0.00012248020776935297,0.23130005598068237,0.8907954096794128,0.031220559030771255,0.7686999440193176,0.8951876163482666,0.02728259190917015,,,
618,FARM_08,FARM_08_C059,5,H64_K2_D10,0.857363760471344,0,0.8546261191368103,0.010924435435986268,0.4030570387840271,0.8579091429710388,0.028068527579307556,0.5969429612159729,0.8524094223976135,0.03023434430360794,,,
619,FARM_08,FARM_08_C060,5,H64_K2_D10,0.955435037612915,0,0.8929291367530823,0.00014825935071934626,0.22556181252002716,0.8900516629219055,0.03163189813494682,0.7744381427764893,0.893767237663269,0.027077380567789078,,,
620,FARM_08,FARM_08_C061,5,H64_K2_D10,0.8542471528053284,0,0.9020330309867859,9.406077501751789e-05,0.18271158635616302,0.8958299160003662,0.0331687331199646,0.8172883987426758,0.9034197926521301,0.02665463089942932,,,
621,FARM_08,FARM_08_C062,5,H64_K2_D10,0.8589038848876953,0,0.8607190847396851,0.005964312957627323,0.3695443570613861,0.8632618188858032,0.028564874082803726,0.6304556131362915,0.8592286705970764,0.029819808900356293,,,
622,FARM_08,FARM_08_C063,5,H64_K2_D10,0.859799325466156,0,0.8289930820465088,0.09581929262228438,0.4738812744617462,0.8333688378334045,0.02962614968419075,0.5261186957359314,0.8250519037246704,0.034386537969112396,,,
623,FARM_08,FARM_08_C064,5,H64_K2_D10,0.8973340392112732,0,0.8809865713119507,0.0006303038036720914,0.27129098773002625,0.880913496017456,0.030497513711452484,0.7287089824676514,0.881013810634613,0.028729815036058426,,,
624,FARM_08,FARM_08_C065,5,H64_K2_D10,0.8902031779289246,0,0.8814511895179749,0.0008109726038954565,0.24550117552280426,0.8833349347114563,0.03258689120411873,0.7544987797737122,0.8808382749557495,0.02910536900162697,,,
625,FARM_08,FARM_08_C066,5,H64_K2_D10,0.8554505705833435,0,0.891822099685669,0.00018702685135981665,0.2182336151599884,0.889214813709259,0.031697653234004974,0.7817663550376892,0.892549991607666,0.027928806841373444,,,
626,FARM_08,FARM_08_C067,5,H64_K2_D10,0.8542357087135315,0,0.8345463871955872,0.07380230437227,0.4351291060447693,0.8387237787246704,0.03050307184457779,0.5648708939552307,0.8313284516334534,0.034563980996608734,,,
627,FARM_08,FARM_08_C068,5,H64_K2_D10,0.8423201441764832,0,0.8691268563270569,0.0036042728586345224,0.2822197377681732,0.8722898960113525,0.032415036112070084,0.7177802920341492,0.8678831458091736,0.030104074627161026,,,
628,FARM_08,FARM_08_C069,5,H64_K2_D10,0.8230392336845398,0,0.8747430443763733,0.0012902733885588828,0.2959973216056824,0.8759697079658508,0.03079846501350403,0.7040026783943176,0.8742273449897766,0.028560295701026917,,,
629,FARM_08,FARM_08_C070,5,H64_K2_D10,0.8688265085220337,0,0.8535593152046204,0.016245280953242014,0.3907513916492462,0.8581926226615906,0.02973632514476776,0.6092486381530762,0.8505876064300537,0.03169858455657959,,,
630,FARM_08,FARM_08_C071,5,H64_K2_D10,0.8763096332550049,0,0.8776610493659973,0.0007464219174839327,0.29970696568489075,0.8775895237922668,0.029331352561712265,0.7002930641174316,0.8776916265487671,0.028401091694831848,,,
631,FARM_08,FARM_08_C072,5,H64_K2_D10,0.897107720375061,0,0.8703775405883789,0.0022672173487980887,0.2986384332180023,0.8723652958869934,0.030866988003253937,0.7013615965843201,0.8695310950279236,0.028985336422920227,,,
632,FARM_08,FARM_08_C073,5,H64_K2_D10,0.8408986330032349,0,0.8708099126815796,0.00199809853344237,0.3420705497264862,0.8727023601531982,0.02891029790043831,0.6579294800758362,0.8698260188102722,0.029401127249002457,,,
633,FARM_08,FARM_08_C074,5,H64_K2_D10,0.9276487827301025,0,0.8856433629989624,0.0003973832965599958,0.24015499651432037,0.8833978176116943,0.031426601111888885,0.759844958782196,0.8863531351089478,0.028212405741214752,,,
634,FARM_08,FARM_08_C075,5,H64_K2_D10,0.8860471844673157,0,0.8376703262329102,0.05365797582493828,0.4376048743724823,0.842309296131134,0.029691118746995926,0.5623950958251953,0.834060788154602,0.03257080167531967,,,
635,FARM_08,FARM_08_C076,5,H64_K2_D10,0.8909227252006531,0,0.8891991376876831,0.00021986123820070776,0.23299528658390045,0.8860096335411072,0.031094752252101898,0.7670047283172607,0.8901679515838623,0.027431629598140717,,,
636,FARM_08,FARM_08_C077,5,H64_K2_D10,0.876200258731842,0,0.8613677024841309,0.005719584311322912,0.36994436383247375,0.86323082447052,0.02828192338347435,0.6300556063652039,0.8602737784385681,0.03010769933462143,,,
637,FARM_08,FARM_08_C078,5,H64_K2_D10,0.9587594270706177,0,0.9125322103500366,4.1687654403993657e-05,0.17907460033893585,0.900902271270752,0.03267202153801918,0.8209254145622253,0.9150691032409668,0.026132065802812576,,,
638,FARM_08,FARM_08_C079,5,H64_K2_D10,0.8652137517929077,0,0.9229097962379456,1.4159852166852778e-05,0.15732021629810333,0.9077908992767334,0.03238074854016304,0.8426797389984131,0.9257323741912842,0.02619427815079689,,,
639,FARM_08,FARM_08_C080,5,H64_K2_D10,0.906054675579071,0,0.8928555846214294,0.00010027716317141623,0.24564017355442047,0.8884196281433105,0.029701944440603256,0.7543598413467407,0.8943000435829163,0.0271330326795578,,,
640,FARM_09,FARM_09_C001,1,H64_K2_D10,0.8636072874069214,0,0.9196091294288635,0.002505174721858043,0.005533143877983093,0.8056554794311523,0.1552734673023224,0.9944668412208557,0.9202431440353394,0.03145043924450874,,,
641,FARM_09,FARM_09_C002,1,H64_K2_D10,0.8632978796958923,0,0.8733326196670532,0.007918259022217352,0.00762456189841032,0.7951769828796387,0.16808205842971802,0.9923754334449768,0.8739331364631653,0.03327822685241699,,,
642,FARM_09,FARM_09_C003,1,H64_K2_D10,0.8480396270751953,0,0.8858834505081177,0.004252695470040135,0.006120874546468258,0.7991212010383606,0.16815614700317383,0.9938790798187256,0.886417806148529,0.03339681029319763,,,
643,FARM_09,FARM_09_C004,1,H64_K2_D10,0.8922671675682068,0,0.8767141699790955,0.007752337211058308,0.00684401486068964,0.7935110330581665,0.1659942865371704,0.9931560158729553,0.8772875070571899,0.03474021703004837,,,
644,FARM_09,FARM_09_C005,1,H64_K2_D10,0.85257887840271,0,0.8804760575294495,0.004693152256133468,0.0064630028791725636,0.8013303875923157,0.17292965948581696,0.9935370087623596,0.8809909224510193,0.032253339886665344,,,
645,FARM_09,FARM_09_C006,1,H64_K2_D10,0.9151032567024231,0,0.8874582648277283,0.0034328342757610243,0.005290352273732424,0.8017945885658264,0.17058616876602173,0.9947096109390259,0.8879138827323914,0.03276634216308594,,,
646,FARM_09,FARM_09_C007,1,H64_K2_D10,0.8811149001121521,0,0.8882657289505005,0.003243751691712584,0.005736019462347031,0.8005949258804321,0.16857589781284332,0.9942639470100403,0.8887715339660645,0.03144173324108124,,,
647,FARM_09,FARM_09_C008,1,H64_K2_D10,0.904034435749054,0,0.8751142621040344,0.005607809310263026,0.005805984139442444,0.8009623885154724,0.17190389335155487,0.994193971157074,0.8755473494529724,0.032305002212524414,,,
648,FARM_09,FARM_09_C009,1,H64_K2_D10,0.9028756022453308,0,0.916553795337677,0.003865696771271588,0.007828437723219395,0.7896828055381775,0.15323056280612946,0.9921715259552002,0.9175549149513245,0.03160633146762848,,,
649,FARM_09,FARM_09_C010,1,H64_K2_D10,0.8954794406890869,0,0.9134709239006042,0.0022382986900554578,0.004890059120953083,0.8041307926177979,0.15788885951042175,0.9951099753379822,0.9140082001686096,0.030042029917240143,,,
650,FARM_09,FARM_09_C011,1,H64_K2_D10,0.9281182885169983,0,0.8491870760917664,0.03096828822699132,0.007014944218099117,0.7904776930809021,0.1763000637292862,0.9929850697517395,0.8496018052101135,0.03295321762561798,,,
651,FARM_09,FARM_09_C012,1,H64_K2_D10,0.9262731671333313,0,0.8809733390808105,0.00396092275718362,0.005509567447006702,0.798922061920166,0.1720580905675888,0.994490385055542,0.8814279437065125,0.031702037900686264,,,
652,FARM_09,FARM_09_C013,1,H64_K2_D10,0.8638007044792175,0,0.9003484845161438,0.0026170707428433927,0.005324002355337143,0.797068178653717,0.15955956280231476,0.9946759939193726,0.9009012579917908,0.030689507722854614,,,
653,FARM_09,FARM_09_C014,1,H64_K2_D10,0.9043951630592346,0,0.9252402782440186,0.0026898739138517896,0.005908995401114225,0.8030672669410706,0.14617770910263062,0.9940909743309021,0.9259665608406067,0.03042714297771454,,,
654,FARM_09,FARM_09_C015,1,H64_K2_D10,0.9254363775253296,0,0.9067112803459167,0.002425524066970103,0.005135978572070599,0.8000417947769165,0.15797720849514008,0.9948640465736389,0.9072619080543518,0.03028808906674385,,,
655,FARM_09,FARM_09_C016,1,H64_K2_D10,0.8901050090789795,0,0.860844075679779,0.012774567004385973,0.00614783214405179,0.794288158416748,0.17557503283023834,0.9938521385192871,0.8612557649612427,0.03207460790872574,,,
656,FARM_09,FARM_09_C017,1,H64_K2_D10,0.9120259881019592,0,0.8409624099731445,0.055742993048069345,0.0067429994232952595,0.7908492684364319,0.1841774582862854,0.9932570457458496,0.8413025736808777,0.033873818814754486,,,
657,FARM_09,FARM_09_C018,1,H64_K2_D10,0.8838538527488708,0,0.9197070598602295,0.0024210374756422257,0.005380124319344759,0.8054643273353577,0.14755186438560486,0.9946198463439941,0.9203250408172607,0.03066699206829071,,,
658,FARM_09,FARM_09_C019,1,H64_K2_D10,0.8642837405204773,0,0.8638598322868347,0.01211582288549808,0.006558366119861603,0.7918657660484314,0.1784757822751999,0.9934415817260742,0.8643351793289185,0.03289557248353958,,,
659,FARM_09,FARM_09_C020,1,H64_K2_D10,0.9406781196594238,0,0.8937869071960449,0.0028125837716368924,0.005557706579566002,0.8009037971496582,0.16014185547828674,0.9944422841072083,0.8943060040473938,0.03082498162984848,,,
660,FARM_09,FARM_09_C021,1,H64_K2_D10,0.9012818336486816,0,0.9113156795501709,0.002559905345773841,0.005517949350178242,0.8016706705093384,0.15553398430347443,0.9944820404052734,0.9119240641593933,0.030126400291919708,,,
661,FARM_09,FARM_09_C022,1,H64_K2_D10,0.8682923913002014,0,0.8496192693710327,0.033238137793104756,0.007085578981786966,0.791236162185669,0.17708168923854828,0.9929144382476807,0.8500359058380127,0.03378662094473839,,,
662,FARM_09,FARM_09_C023,1,H64_K2_D10,0.8749165534973145,0,0.8872860074043274,0.0034860208051607556,0.005919133313000202,0.7955902218818665,0.16509151458740234,0.9940808415412903,0.8878320455551147,0.03155995532870293,,,
663,FARM_09,FARM_09_C024,1,H64_K2_D10,0.870574951171875,0,0.8315481543540955,0.0996845097274441,0.007269751746207476,0.7927679419517517,0.18979205191135406,0.9927302002906799,0.8318321704864502,0.034892354160547256,,,
664,FARM_09,FARM_09_C025,1,H64_K2_D10,0.8202118277549744,0,0.8297436237335205,0.1218631919811969,0.008153923787176609,0.7905622720718384,0.1896238923072815,0.9918461441993713,0.8300656676292419,0.036907654255628586,,,
665,FARM_09,FARM_09_C026,1,H64_K2_D10,0.8553189039230347,0,0.8958479762077332,0.0026948864943141873,0.005401114467531443,0.8025035858154297,0.16545628011226654,0.9945988655090332,0.8963549137115479,0.03107985109090805,,,
666,FARM_09,FARM_09_C027,1,H64_K2_D10,0.8869200348854065,0,0.9136512279510498,0.0026622862778249417,0.005838037468492985,0.8055423498153687,0.1576530486345291,0.9941619038581848,0.9142861366271973,0.031461700797080994,,,
667,FARM_09,FARM_09_C028,1,H64_K2_D10,0.9125442504882812,0,0.9267898201942444,0.0022210112151970587,0.004885539878159761,0.8030151128768921,0.1444004327058792,0.9951144456863403,0.9273974895477295,0.029531460255384445,,,
668,FARM_09,FARM_09_C029,1,H64_K2_D10,0.8575036525726318,0,0.9101769924163818,0.0026394959619527006,0.005718945059925318,0.8033990859985352,0.157840758562088,0.9942810535430908,0.9107911586761475,0.030595358461141586,,,
669,FARM_09,FARM_09_C030,1,H64_K2_D10,0.9308697581291199,0,0.9224205613136292,0.0027699766093341204,0.006221763323992491,0.8067343235015869,0.1456642597913742,0.9937782287597656,0.9231448769569397,0.030240457504987717,,,
670,FARM_09,FARM_09_C031,1,H64_K2_D10,0.8503756523132324,0,0.9349210262298584,0.002309346349638275,0.0051674568094313145,0.8067061305046082,0.15125511586666107,0.9948325157165527,0.9355870485305786,0.03033166006207466,,,
671,FARM_09,FARM_09_C032,1,H64_K2_D10,0.8760039806365967,0,0.8885080218315125,0.0030963326735307982,0.005644980352371931,0.7969344258308411,0.16326235234737396,0.9943550825119019,0.8890278339385986,0.030710838735103607,,,
672,FARM_09,FARM_09_C033,1,H64_K2_D10,0.909311830997467,0,0.8971001505851746,0.0028325331831818034,0.005624380428344011,0.7967221736907959,0.16173553466796875,0.9943755865097046,0.8976679444313049,0.03094213455915451,,,
673,FARM_09,FARM_09_C034,1,H64_K2_D10,0.9320794939994812,0,0.9115339517593384,0.0023034617105916707,0.004968205466866493,0.8022029995918274,0.16080689430236816,0.9950318336486816,0.9120798110961914,0.029847402125597,,,
674,FARM_09,FARM_09_C035,1,H64_K2_D10,0.934171736240387,0,0.9171470403671265,0.0025773343518351193,0.005520346574485302,0.7993934750556946,0.1484721153974533,0.9944796562194824,0.9178006649017334,0.030528441071510315,,,
675,FARM_09,FARM_09_C036,1,H64_K2_D10,0.8585203289985657,0,0.9062104225158691,0.0034994922724200586,0.007196652702987194,0.7936536073684692,0.15173104405403137,0.9928032755851746,0.9070263504981995,0.030421055853366852,,,
676,FARM_09,FARM_09_C037,1,H64_K2_D10,0.9228190183639526,0,0.916987419128418,0.0028051345039476414,0.005855953320860863,0.7958347201347351,0.163773313164711,0.9941440224647522,0.9177010655403137,0.03085530549287796,,,
677,FARM_09,FARM_09_C038,1,H64_K2_D10,0.9535571336746216,0,0.9045127034187317,0.0035127124011805383,0.007493965327739716,0.8019161224365234,0.15445812046527863,0.9925059676170349,0.9052874445915222,0.03103150799870491,,,
678,FARM_09,FARM_09_C039,1,H64_K2_D10,0.8448092937469482,0,0.9208950400352478,0.0024972083190489868,0.005503746215254068,0.8038150072097778,0.14648233354091644,0.9944962859153748,0.9215430021286011,0.03044063225388527,,,
679,FARM_09,FARM_09_C040,1,H64_K2_D10,0.9017767906188965,0,0.8994090557098389,0.0032712811199290355,0.006434601731598377,0.790968656539917,0.1579231321811676,0.9935653805732727,0.9001113772392273,0.03107389807701111,,,
680,FARM_09,FARM_09_C041,1,H64_K2_D10,0.9306710958480835,0,0.9090901613235474,0.00245729411242483,0.005216428078711033,0.7995985746383667,0.1544421911239624,0.9947835803031921,0.9096642732620239,0.03042442351579666,,,
681,FARM_09,FARM_09_C042,1,H64_K2_D10,0.8702786564826965,0,0.8428309559822083,0.04875522414842721,0.007606938015669584,0.7894618511199951,0.18574948608875275,0.9923930168151855,0.8432400822639465,0.03354953974485397,,,
682,FARM_09,FARM_09_C043,1,H64_K2_D10,0.8563835024833679,0,0.8770129084587097,0.0054391402869423296,0.006542168091982603,0.7942981123924255,0.16585220396518707,0.9934578537940979,0.8775575757026672,0.03214872255921364,,,
683,FARM_09,FARM_09_C044,1,H64_K2_D10,0.8314549326896667,0,0.915450930595398,0.0027681597604785053,0.006123855244368315,0.8090517520904541,0.15184490382671356,0.9938761591911316,0.9161065220832825,0.03398898243904114,,,
684,FARM_09,FARM_09_C045,1,H64_K2_D10,0.8608825206756592,0,0.8770509958267212,0.005325205807272689,0.005685433279722929,0.7994675040245056,0.17404571175575256,0.9943144917488098,0.8774946928024292,0.03266579285264015,,,
685,FARM_09,FARM_09_C046,1,H64_K2_D10,0.9016733765602112,0,0.8839473128318787,0.0034354998063670077,0.005728478077799082,0.7968510985374451,0.17036698758602142,0.9942715167999268,0.8844491243362427,0.030722346156835556,,,
686,FARM_09,FARM_09_C047,1,H64_K2_D10,0.8772642016410828,0,0.8572670817375183,0.01995522545223341,0.006287750788033009,0.7973813414573669,0.1791323572397232,0.9937122464179993,0.8576459884643555,0.03359343856573105,,,
687,FARM_09,FARM_09_C048,1,H64_K2_D10,0.8689013123512268,0,0.9033880233764648,0.002476788276862612,0.005121998954564333,0.8021602630615234,0.16430139541625977,0.9948779344558716,0.9039092659950256,0.031801868230104446,,,
688,FARM_09,FARM_09_C049,1,H64_K2_D10,0.892299234867096,0,0.9041725993156433,0.0026514901457673798,0.005572142079472542,0.8005040287971497,0.1560129076242447,0.9944279193878174,0.9047534465789795,0.030918177217245102,,,
689,FARM_09,FARM_09_C050,1,H64_K2_D10,0.9208710789680481,0,0.8806798458099365,0.004341898248429507,0.005837889853864908,0.7981833219528198,0.17709709703922272,0.9941621422767639,0.8811642527580261,0.03208951652050018,,,
690,FARM_09,FARM_09_C051,1,H64_K2_D10,0.8915258646011353,0,0.9168052673339844,0.0023117230394638184,0.00505340239033103,0.8037587404251099,0.15626968443393707,0.9949466586112976,0.9173793792724609,0.03023737296462059,,,
691,FARM_09,FARM_09_C052,1,H64_K2_D10,0.8742943406105042,0,0.8599473237991333,0.014396631797539153,0.005979210138320923,0.796123743057251,0.1754758208990097,0.9940207600593567,0.8603312373161316,0.03253436088562012,,,
692,FARM_09,FARM_09_C053,1,H64_K2_D10,0.8910820484161377,0,0.8994609713554382,0.002916047020227923,0.005708752200007439,0.7929253578186035,0.1625068187713623,0.9942913055419922,0.9000725746154785,0.031461358070373535,,,
693,FARM_09,FARM_09_C054,1,H64_K2_D10,0.9024593234062195,0,0.918003261089325,0.0024242665021081936,0.005350110586732626,0.8042387962341309,0.1476839929819107,0.9946499466896057,0.9186151623725891,0.029984693974256516,,,
694,FARM_09,FARM_09_C055,1,H64_K2_D10,0.9075854420661926,0,0.9316460490226746,0.003025907170864482,0.006638240534812212,0.8029255270957947,0.14754341542720795,0.9933617115020752,0.932506263256073,0.03109925240278244,,,
695,FARM_09,FARM_09_C056,1,H64_K2_D10,0.8953462839126587,0,0.9256860017776489,0.0026520746135040006,0.005594340153038502,0.7971829771995544,0.1603662520647049,0.9944056272506714,0.9264089465141296,0.03123626857995987,,,
696,FARM_09,FARM_09_C057,1,H64_K2_D10,0.9034457206726074,0,0.900833010673523,0.002881629757782533,0.005719983950257301,0.7904014587402344,0.1548948884010315,0.9942799806594849,0.9014683365821838,0.030455507338047028,,,
697,FARM_09,FARM_09_C058,1,H64_K2_D10,0.8748038411140442,0,0.8999547362327576,0.002786110273390554,0.005727339535951614,0.7969295382499695,0.1612817794084549,0.9942727088928223,0.9005481600761414,0.02997375652194023,,,
698,FARM_09,FARM_09_C059,1,H64_K2_D10,0.856440544128418,0,0.9170387387275696,0.0025290230311070167,0.005480365362018347,0.8014187812805176,0.15052370727062225,0.9945196509361267,0.9176758527755737,0.029831968247890472,,,
699,FARM_09,FARM_09_C060,1,H64_K2_D10,0.8399882912635803,0,0.926683247089386,0.0023905891940077637,0.005310488399118185,0.8064849972724915,0.15847091376781464,0.9946895837783813,0.9273248910903931,0.030585411936044693,,,
700,FARM_09,FARM_09_C061,1,H64_K2_D10,0.8798925280570984,0,0.8568244576454163,0.02031212056646207,0.006243238225579262,0.7929626107215881,0.1726946234703064,0.9937567710876465,0.8572256565093994,0.03351420536637306,,,
701,FARM_09,FARM_09_C062,1,H64_K2_D10,0.8845824599266052,0,0.9188445806503296,0.003047372620111912,0.006758273579180241,0.804964005947113,0.14573948085308075,0.9932417869567871,0.9196193814277649,0.03109848126769066,,,
702,FARM_09,FARM_09_C063,1,H64_K2_D10,0.8527129888534546,0,0.9003470540046692,0.002425526498300916,0.0049876198172569275,0.799570620059967,0.16206945478916168,0.9950123429298401,0.9008522033691406,0.03059549257159233,,,
703,FARM_09,FARM_09_C064,1,H64_K2_D10,0.8462764024734497,0,0.8676546812057495,0.00964650414684918,0.006829521153122187,0.7986891269683838,0.17576992511749268,0.9931704998016357,0.8681288957595825,0.03284667059779167,,,
704,FARM_09,FARM_09_C065,1,H64_K2_D10,0.9337500929832458,0,0.8564558625221252,0.021434505782811548,0.006188302766531706,0.7964810132980347,0.18087902665138245,0.9938117265701294,0.8568292856216431,0.03376000374555588,,,
705,FARM_09,FARM_09_C066,1,H64_K2_D10,0.8206687569618225,0,0.8720269203186035,0.007306432005731256,0.006140748038887978,0.7956943511962891,0.17771989107131958,0.9938592314720154,0.8724985718727112,0.03282433748245239,,,
706,FARM_09,FARM_09_C067,1,H64_K2_D10,0.8565735816955566,0,0.8693410754203796,0.00778493440621284,0.006297745741903782,0.7931344509124756,0.16944508254528046,0.9937022924423218,0.8698239922523499,0.0321478471159935,,,
707,FARM_09,FARM_09_C068,1,H64_K2_D10,0.8998575210571289,0,0.92259281873703,0.0023519644731509813,0.005311868619173765,0.8112180829048157,0.1652800738811493,0.9946881532669067,0.9231876134872437,0.032373249530792236,,,
708,FARM_09,FARM_09_C069,1,H64_K2_D10,0.8838424682617188,0,0.8577932119369507,0.01975581805777615,0.006411475129425526,0.7971802353858948,0.18107503652572632,0.9935885667800903,0.858184278011322,0.03374810889363289,,,
709,FARM_09,FARM_09_C070,1,H64_K2_D10,0.8937677145004272,0,0.9035583138465881,0.0025969694311038113,0.005388669203966856,0.7997556924819946,0.15482765436172485,0.994611382484436,0.904120683670044,0.03134078532457352,,,
710,FARM_09,FARM_09_C071,1,H64_K2_D10,0.8992019891738892,0,0.9139715433120728,0.0024216595338150504,0.005245376843959093,0.8032082915306091,0.15804535150527954,0.9947546720504761,0.914555549621582,0.031191635876893997,,,
711,FARM_09,FARM_09_C072,1,H64_K2_D10,0.8822600245475769,0,0.9065843820571899,0.002667509414794326,0.005635421723127365,0.7997722029685974,0.15437254309654236,0.9943646192550659,0.907189667224884,0.03075304627418518,,,
712,FARM_09,FARM_09_C073,1,H64_K2_D10,0.8963994979858398,0,0.8655306100845337,0.011420489095908816,0.0059981029480695724,0.7982409000396729,0.18122819066047668,0.9940019249916077,0.8659366369247437,0.033367522060871124,,,
713,FARM_09,FARM_09_C074,1,H64_K2_D10,0.9110434055328369,0,0.9084331393241882,0.0022686523708199593,0.0049353428184986115,0.8054571747779846,0.15804201364517212,0.9950646758079529,0.9089438319206238,0.03090047836303711,,,
714,FARM_09,FARM_09_C075,1,H64_K2_D10,0.8796424865722656,0,0.870730996131897,0.00729383628615478,0.005758749786764383,0.7998886108398438,0.17174629867076874,0.9942412376403809,0.8711413145065308,0.032523345202207565,,,
715,FARM_09,FARM_09_C076,1,H64_K2_D10,0.903010368347168,0,0.8963450789451599,0.0028209461771258036,0.005393360275775194,0.791165828704834,0.16052618622779846,0.9946066737174988,0.8969153761863708,0.031052757054567337,,,
716,FARM_09,FARM_09_C077,1,H64_K2_D10,0.9110466837882996,0,0.9177179932594299,0.002450391201189498,0.005268767476081848,0.800041139125824,0.1508191078901291,0.9947311878204346,0.918341338634491,0.029775939881801605,,,
717,FARM_09,FARM_09_C078,1,H64_K2_D10,0.895408034324646,0,0.9168169498443604,0.002368865072343599,0.005036094691604376,0.7983590960502625,0.15437668561935425,0.9949638843536377,0.917416512966156,0.02971668541431427,,,
718,FARM_09,FARM_09_C079,1,H64_K2_D10,0.9044360518455505,0,0.9323296546936035,0.0025625693368629128,0.005632810294628143,0.804785430431366,0.1608450710773468,0.9943671822547913,0.933052122592926,0.03122149407863617,,,
719,FARM_09,FARM_09_C080,1,H64_K2_D10,0.9348572492599487,0,0.9285116791725159,0.0023761267892374077,0.005186758935451508,0.8032485246658325,0.158479705452919,0.9948132038116455,0.9291648268699646,0.030315395444631577,,,
720,FARM_10,FARM_10_C001,4,H32_K1_D10,0.9184848666191101,0,0.8766091465950012,0.0023982152084231936,1.0,0.8766091465950012,0.03195543587207794,,,,,,
721,FARM_10,FARM_10_C002,4,H32_K1_D10,0.8483418226242065,0,0.8728666305541992,0.0027875333998263773,1.0,0.8728666305541992,0.031165707856416702,,,,,,
722,FARM_10,FARM_10_C003,4,H32_K1_D10,0.834552526473999,0,0.8877166509628296,0.0006833121825277695,1.0,0.8877166509628296,0.03161988779902458,,,,,,
723,FARM_10,FARM_10_C004,4,H32_K1_D10,0.8852145671844482,0,0.8407343626022339,0.04429768662218291,1.0,0.8407343626022339,0.03185958415269852,,,,,,
724,FARM_10,FARM_10_C005,4,H32_K1_D10,0.886422336101532,0,0.899941086769104,0.0003320638959996894,1.0,0.899941086769104,0.033331308513879776,,,,,,
725,FARM_10,FARM_10_C006,4,H32_K1_D10,0.8675191402435303,0,0.9085234999656677,0.00013312636077426974,1.0,0.9085234999656677,0.03347177430987358,,,,,,
726,FARM_10,FARM_10_C007,4,H32_K1_D10,0.8891496658325195,0,0.8847272992134094,0.0008652757337888015,1.0,0.8847272992134094,0.03135861083865166,,,,,,
727,FARM_10,FARM_10_C008,4,H32_K1_D10,0.8923442363739014,0,0.9094163179397583,0.00010720404979699552,1.0,0.9094163179397583,0.03321283310651779,,,,,,
728,FARM_10,FARM_10_C009,4,H32_K1_D10,0.9604232311248779,0,0.8947712779045105,0.00023329879474138956,1.0,0.8947712779045105,0.030946530401706696,,,,,,
729,FARM_10,FARM_10_C010,4,H32_K1_D10,0.8833776712417603,0,0.903525173664093,0.0001114481177960506,1.0,0.903525173664093,0.03170570731163025,,,,,,
730,FARM_10,FARM_10_C011,4,H32_K1_D10,0.9126037955284119,0,0.9085919857025146,0.0001004577999002736,1.0,0.9085919857025146,0.03284410014748573,,,,,,
731,FARM_10,FARM_10_C012,4,H32_K1_D10,0.9612454175949097,0,0.9096401929855347,0.0002064915359713731,1.0,0.9096401929855347,0.034872714430093765,,,,,,
732,FARM_10,FARM_10_C013,4,H32_K1_D10,0.938003420829773,0,0.9129214882850647,0.00023457667008548513,1.0,0.9129214882850647,0.03614848852157593,,,,,,
733,FARM_10,FARM_10_C014,4,H32_K1_D10,0.941359281539917,0,0.9110690355300903,0.0003095528157462339,1.0,0.9110690355300903,0.03639589250087738,,,,,,
734,FARM_10,FARM_10_C015,4,H32_K1_D10,0.9371224641799927,0,0.9009411334991455,0.0001761676502122248,1.0,0.9009411334991455,0.03203056752681732,,,,,,
735,FARM_10,FARM_10_C016,4,H32_K1_D10,0.9288232922554016,0,0.908433735370636,0.00014531335036217883,1.0,0.908433735370636,0.03365560993552208,,,,,,
736,FARM_10,FARM_10_C017,4,H32_K1_D10,0.9157446026802063,0,0.9119389057159424,0.00020808564166261418,1.0,0.9119389057159424,0.035544078797101974,,,,,,
737,FARM_10,FARM_10_C018,4,H32_K1_D10,0.9219155311584473,0,0.9029939770698547,0.00010631950928464165,1.0,0.9029939770698547,0.03145986422896385,,,,,,
738,FARM_10,FARM_10_C019,4,H32_K1_D10,0.9172836542129517,0,0.895866870880127,0.0001828881786818508,1.0,0.895866870880127,0.03069484233856201,,,,,,
739,FARM_10,FARM_10_C020,4,H32_K1_D10,0.8914012908935547,0,0.8889695405960083,0.00046832194654678833,1.0,0.8889695405960083,0.03097328543663025,,,,,,
740,FARM_10,FARM_10_C021,4,H32_K1_D10,0.912311315536499,0,0.8888596892356873,0.0005579433359573932,1.0,0.8888596892356873,0.03140848129987717,,,,,,
741,FARM_10,FARM_10_C022,4,H32_K1_D10,0.9190803170204163,0,0.8824968934059143,0.0007778802042788871,1.0,0.8824968934059143,0.03034527227282524,,,,,,
742,FARM_10,FARM_10_C023,4,H32_K1_D10,0.8922977447509766,0,0.8492667078971863,0.022352704962499026,1.0,0.8492667078971863,0.031276315450668335,,,,,,
743,FARM_10,FARM_10_C024,4,H32_K1_D10,0.9011286497116089,0,0.882189929485321,0.0009669252856571516,1.0,0.882189929485321,0.03087141364812851,,,,,,
744,FARM_10,FARM_10_C025,4,H32_K1_D10,0.948281466960907,0,0.8635262250900269,0.0062988660707526565,1.0,0.8635262250900269,0.030880097299814224,,,,,,
745,FARM_10,FARM_10_C026,4,H32_K1_D10,0.8957010507583618,0,0.9018157720565796,0.00016426543108491446,1.0,0.9018157720565796,0.03211117535829544,,,,,,
746,FARM_10,FARM_10_C027,4,H32_K1_D10,0.9055169820785522,0,0.8762888312339783,0.0014441363763679465,1.0,0.8762888312339783,0.030142690986394882,,,,,,
747,FARM_10,FARM_10_C028,4,H32_K1_D10,0.9147195219993591,0,0.8931375741958618,0.0003534086864337865,1.0,0.8931375741958618,0.03149038180708885,,,,,,
748,FARM_10,FARM_10_C029,4,H32_K1_D10,0.8806374669075012,0,0.8999060988426208,0.00014795368281000302,1.0,0.8999060988426208,0.031342484056949615,,,,,,
749,FARM_10,FARM_10_C030,4,H32_K1_D10,0.9180325865745544,0,0.8656772971153259,0.004893861531067473,1.0,0.8656772971153259,0.030657298862934113,,,,,,
750,FARM_10,FARM_10_C031,4,H32_K1_D10,0.9152697920799255,0,0.8915889263153076,0.0003787603482957478,1.0,0.8915889263153076,0.031208708882331848,,,,,,
751,FARM_10,FARM_10_C032,4,H32_K1_D10,0.9152734279632568,0,0.8986147046089172,0.00014523605432820275,1.0,0.8986147046089172,0.03094462677836418,,,,,,
752,FARM_10,FARM_10_C033,4,H32_K1_D10,0.9440661668777466,0,0.9127612113952637,0.0001836852976362177,1.0,0.9127612113952637,0.035446975380182266,,,,,,
753,FARM_10,FARM_10_C034,4,H32_K1_D10,0.9161275625228882,0,0.9128234386444092,0.0003983563075046234,1.0,0.9128234386444092,0.037669580429792404,,,,,,
754,FARM_10,FARM_10_C035,4,H32_K1_D10,0.9330886006355286,0,0.905807614326477,0.00012097483780305696,1.0,0.905807614326477,0.032508138567209244,,,,,,
755,FARM_10,FARM_10_C036,4,H32_K1_D10,0.9317280054092407,0,0.9131205081939697,0.0007310692841964922,1.0,0.9131205081939697,0.03979716822504997,,,,,,
756,FARM_10,FARM_10_C037,4,H32_K1_D10,0.8731114268302917,0,0.8880292177200317,0.000465702644945641,1.0,0.8880292177200317,0.03067455068230629,,,,,,
757,FARM_10,FARM_10_C038,4,H32_K1_D10,0.9464948773384094,0,0.9063798189163208,0.00011108113705456747,1.0,0.9063798189163208,0.03247162327170372,,,,,,
758,FARM_10,FARM_10_C039,4,H32_K1_D10,0.9438226819038391,0,0.9114393591880798,0.0001295216484890339,1.0,0.9114393591880798,0.03420533984899521,,,,,,
759,FARM_10,FARM_10_C040,4,H32_K1_D10,0.8804433345794678,0,0.9123760461807251,0.00030527485062884836,1.0,0.9123760461807251,0.03673713654279709,,,,,,
760,FARM_10,FARM_10_C041,4,H32_K1_D10,0.9406071901321411,0,0.9038840532302856,0.00018359305765878274,1.0,0.9038840532302856,0.032953906804323196,,,,,,
761,FARM_10,FARM_10_C042,4,H32_K1_D10,0.9372703433036804,0,0.87764573097229,0.002001619395247957,1.0,0.87764573097229,0.03167705237865448,,,,,,
762,FARM_10,FARM_10_C043,4,H32_K1_D10,0.9101487398147583,0,0.8916803598403931,0.0003670917688743851,1.0,0.8916803598403931,0.031156133860349655,,,,,,
763,FARM_10,FARM_10_C044,4,H32_K1_D10,0.9385148286819458,0,0.8936934471130371,0.0002377383333269362,1.0,0.8936934471130371,0.030682608485221863,,,,,,
764,FARM_10,FARM_10_C045,4,H32_K1_D10,0.8593511581420898,0,0.9001815319061279,0.000141573712376211,1.0,0.9001815319061279,0.0313199944794178,,,,,,
765,FARM_10,FARM_10_C046,4,H32_K1_D10,0.9205806255340576,0,0.8677496910095215,0.005367243290931334,1.0,0.8677496910095215,0.03185432031750679,,,,,,
766,FARM_10,FARM_10_C047,4,H32_K1_D10,0.8859330415725708,0,0.9071273803710938,0.00022621914678192667,1.0,0.9071273803710938,0.0343969389796257,,,,,,
767,FARM_10,FARM_10_C048,4,H32_K1_D10,0.8884528279304504,0,0.8819522857666016,0.0013155262078111325,1.0,0.8819522857666016,0.03174035623669624,,,,,,
768,FARM_10,FARM_10_C049,4,H32_K1_D10,0.9162881970405579,0,0.8558784127235413,0.014821766888677458,1.0,0.8558784127235413,0.03190895915031433,,,,,,
769,FARM_10,FARM_10_C050,4,H32_K1_D10,0.8955872654914856,0,0.8893797993659973,0.0006085996882465391,1.0,0.8893797993659973,0.031809404492378235,,,,,,
770,FARM_10,FARM_10_C051,4,H32_K1_D10,0.8988602161407471,0,0.8816118240356445,0.0009415417059797781,1.0,0.8816118240356445,0.03060723841190338,,,,,,
771,FARM_10,FARM_10_C052,4,H32_K1_D10,0.9445664882659912,0,0.9011960029602051,0.00013837360258571503,1.0,0.9011960029602051,0.03154819831252098,,,,,,
772,FARM_10,FARM_10_C053,4,H32_K1_D10,0.9176026582717896,0,0.8916172385215759,0.00030664436620559716,1.0,0.8916172385215759,0.03069039061665535,,,,,,
773,FARM_10,FARM_10_C054,4,H32_K1_D10,0.9376997351646423,0,0.9054647088050842,9.121868675694292e-05,1.0,0.9054647088050842,0.031795065850019455,,,,,,
774,FARM_10,FARM_10_C055,4,H32_K1_D10,0.9176381826400757,0,0.9094829559326172,0.00012635730688187208,1.0,0.9094829559326172,0.03361143544316292,,,,,,
775,FARM_10,FARM_10_C056,4,H32_K1_D10,0.9443836808204651,0,0.9021643996238708,0.00017425187984704794,1.0,0.9021643996238708,0.03234699368476868,,,,,,
776,FARM_10,FARM_10_C057,4,H32_K1_D10,0.920527458190918,0,0.9030281901359558,0.00011449799988510741,1.0,0.9030281901359558,0.031629953533411026,,,,,,
777,FARM_10,FARM_10_C058,4,H32_K1_D10,0.9495589137077332,0,0.9061362743377686,0.0001251294068460863,1.0,0.9061362743377686,0.032674577087163925,,,,,,
778,FARM_10,FARM_10_C059,4,H32_K1_D10,0.9195275902748108,0,0.9086713790893555,0.0001250639128676366,1.0,0.9086713790893555,0.033365629613399506,,,,,,
779,FARM_10,FARM_10_C060,4,H32_K1_D10,0.9344896674156189,0,0.9046638011932373,0.00014352471910052638,1.0,0.9046638011932373,0.032586418092250824,,,,,,
780,FARM_10,FARM_10_C061,4,H32_K1_D10,0.9135124683380127,0,0.910359799861908,0.00020959631478133944,1.0,0.910359799861908,0.03511573746800423,,,,,,
781,FARM_10,FARM_10_C062,4,H32_K1_D10,0.9035024642944336,0,0.8936167359352112,0.00031760284750867224,1.0,0.8936167359352112,0.031361497938632965,,,,,,
782,FARM_10,FARM_10_C063,4,H32_K1_D10,0.8905131816864014,0,0.9071987271308899,0.00012077268743432957,1.0,0.9071987271308899,0.03288329392671585,,,,,,
783,FARM_10,FARM_10_C064,4,H32_K1_D10,0.9564036726951599,0,0.9101665019989014,0.00012344656358610073,1.0,0.9101665019989014,0.03374319151043892,,,,,,
784,FARM_10,FARM_10_C065,4,H32_K1_D10,0.9371551871299744,0,0.872627854347229,0.002527712286177953,1.0,0.872627854347229,0.03072812780737877,,,,,,
785,FARM_10,FARM_10_C066,4,H32_K1_D10,0.9238899350166321,0,0.9096560478210449,0.00017361235752292513,1.0,0.9096560478210449,0.0344325453042984,,,,,,
786,FARM_10,FARM_10_C067,4,H32_K1_D10,0.8935625553131104,0,0.8448343873023987,0.03298370552544155,1.0,0.8448343873023987,0.031736548990011215,,,,,,
787,FARM_10,FARM_10_C068,4,H32_K1_D10,0.9447982907295227,0,0.8723801970481873,0.0026086649059022795,1.0,0.8723801970481873,0.030751463025808334,,,,,,
788,FARM_10,FARM_10_C069,4,H32_K1_D10,0.8851321339607239,0,0.8885266780853271,0.0006817462325137024,1.0,0.8885266780853271,0.03186631575226784,,,,,,
789,FARM_10,FARM_10_C070,4,H32_K1_D10,0.9036286473274231,0,0.9019754528999329,0.00016339835565760483,1.0,0.9019754528999329,0.03214329481124878,,,,,,
790,FARM_10,FARM_10_C071,4,H32_K1_D10,0.9177893400192261,0,0.9032180905342102,0.00012405879255372767,1.0,0.9032180905342102,0.03185855224728584,,,,,,
791,FARM_10,FARM_10_C072,4,H32_K1_D10,0.9165554642677307,0,0.8965386152267456,0.0002455576879547036,1.0,0.8965386152267456,0.03157501295208931,,,,,,
792,FARM_10,FARM_10_C073,4,H32_K1_D10,0.9026716947555542,0,0.8988828063011169,0.00024596901342530906,1.0,0.8988828063011169,0.03225170075893402,,,,,,
793,FARM_10,FARM_10_C074,4,H32_K1_D10,0.9414702653884888,0,0.9114207625389099,0.00017482908177805483,1.0,0.9114207625389099,0.034943703562021255,,,,,,
794,FARM_10,FARM_10_C075,4,H32_K1_D10,0.9303853511810303,0,0.9107401371002197,0.0003239533631307289,1.0,0.9107401371002197,0.03643156215548515,,,,,,
795,FARM_10,FARM_10_C076,4,H32_K1_D10,0.9552863240242004,0,0.9011107683181763,0.00011978837436655707,1.0,0.9011107683181763,0.03120715543627739,,,,,,
796,FARM_10,FARM_10_C077,4,H32_K1_D10,0.9036512970924377,0,0.905143141746521,0.00016605240465723307,1.0,0.905143141746521,0.03306354209780693,,,,,,
797,FARM_10,FARM_10_C078,4,H32_K1_D10,0.911865234375,0,0.9045512080192566,0.00010646470000213055,1.0,0.9045512080192566,0.03188331797719002,,,,,,
798,FARM_10,FARM_10_C079,4,H32_K1_D10,0.9114372134208679,0,0.9080632925033569,0.00012083460545764161,1.0,0.9080632925033569,0.03311998397111893,,,,,,
799,FARM_10,FARM_10_C080,4,H32_K1_D10,0.9245513677597046,0,0.9096521139144897,0.00012866857325544983,1.0,0.9096521139144897,0.03370046243071556,,,,,,
800,FARM_11,FARM_11_C001,3,H64_K2_D10,0.8763546943664551,0,0.9133897423744202,0.0029412035692233883,0.004509309306740761,0.6433489918708801,0.4055045247077942,0.9954907298088074,0.914612889289856,0.033478736877441406,,,
801,FARM_11,FARM_11_C002,3,H64_K2_D10,0.9088857173919678,0,0.9048066139221191,0.0030561808670650373,0.004327696282416582,0.6285913586616516,0.4158073961734772,0.995672345161438,0.9060071706771851,0.03437309339642525,,,
802,FARM_11,FARM_11_C003,3,H64_K2_D10,0.9271314144134521,0,0.9354801177978516,0.0030882935997013287,0.004969854839146137,0.6874425411224365,0.3215574026107788,0.9950301647186279,0.9367190003395081,0.03274049982428551,,,
803,FARM_11,FARM_11_C004,3,H64_K2_D10,0.8759761452674866,0,0.900364875793457,0.003125635843010092,0.004422673024237156,0.6275010108947754,0.4241640269756317,0.995577335357666,0.9015769958496094,0.033257246017456055,,,
804,FARM_11,FARM_11_C005,3,H64_K2_D10,0.8660175204277039,0,0.901741623878479,0.003207609760163711,0.004338796250522137,0.6316078305244446,0.40240243077278137,0.995661199092865,0.9029187560081482,0.034654401242733,,,
805,FARM_11,FARM_11_C006,3,H64_K2_D10,0.9279717803001404,0,0.8841473460197449,0.003999581635964305,0.004760461393743753,0.6260939240455627,0.40528547763824463,0.9952394962310791,0.8853817582130432,0.03165511414408684,,,
806,FARM_11,FARM_11_C007,3,H64_K2_D10,0.9112221598625183,0,0.9146474003791809,0.0027186176194016884,0.004122074227780104,0.6434516310691833,0.37158238887786865,0.9958778619766235,0.9157699942588806,0.03277964890003204,,,
807,FARM_11,FARM_11_C008,3,H64_K2_D10,0.9485141038894653,0,0.9086721539497375,0.0029662496802113046,0.004517571534961462,0.6517390608787537,0.356773316860199,0.9954824447631836,0.909838080406189,0.031404804438352585,,,
808,FARM_11,FARM_11_C009,3,H64_K2_D10,0.9269740581512451,0,0.9222469925880432,0.0033199198099787934,0.0053886305540800095,0.6873074173927307,0.33839139342308044,0.994611382484436,0.9235198497772217,0.030861787497997284,,,
809,FARM_11,FARM_11_C010,3,H64_K2_D10,0.9748727679252625,0,0.9141439199447632,0.0026462311401508356,0.004029038827866316,0.6425022482872009,0.37253740429878235,0.9959709048271179,0.9152428507804871,0.03180094063282013,,,
810,FARM_11,FARM_11_C011,3,H64_K2_D10,0.8690606355667114,0,0.9210500717163086,0.0026715206169765724,0.004148295149207115,0.6588007807731628,0.35088515281677246,0.9958517551422119,0.9221424460411072,0.031489964574575424,,,
811,FARM_11,FARM_11_C012,3,H64_K2_D10,0.9130488038063049,0,0.9247525930404663,0.003166611307489904,0.005035343114286661,0.6845882534980774,0.31055688858032227,0.9949647188186646,0.9259679913520813,0.029856111854314804,,,
812,FARM_11,FARM_11_C013,3,H64_K2_D10,0.9624617695808411,0,0.9223889708518982,0.0040144495695709015,0.006727888248860836,0.7178415656089783,0.28095003962516785,0.9932721257209778,0.9237744212150574,0.02913607656955719,,,
813,FARM_11,FARM_11_C014,3,H64_K2_D10,0.9298062324523926,0,0.92170649766922,0.0037764760310282815,0.0062211849726736546,0.7080922722816467,0.28926119208335876,0.9937787652015686,0.9230437874794006,0.029186062514781952,,,
814,FARM_11,FARM_11_C015,3,H64_K2_D10,0.9138918519020081,0,0.9248108863830566,0.005373050641013285,0.009593524038791656,0.7494502663612366,0.24555335938930511,0.9904064536094666,0.9265094995498657,0.02978476509451866,,,
815,FARM_11,FARM_11_C016,3,H64_K2_D10,0.8836145401000977,0,0.9184080362319946,0.003568116051112207,0.005835279356688261,0.6985242366790771,0.3121596872806549,0.994164764881134,0.9196986556053162,0.029486719518899918,,,
816,FARM_11,FARM_11_C017,3,H64_K2_D10,0.9124934077262878,0,0.9223825931549072,0.0028339310522334468,0.00448524160310626,0.6702235341072083,0.35203346610069275,0.9955148100852966,0.9235186576843262,0.03229223191738129,,,
817,FARM_11,FARM_11_C018,3,H64_K2_D10,0.9177612066268921,0,0.9158875346183777,0.0027112333134490874,0.004148419946432114,0.6455162763595581,0.37361279129981995,0.9958516359329224,0.9170137643814087,0.03234347701072693,,,
818,FARM_11,FARM_11_C019,3,H64_K2_D10,0.8938286900520325,0,0.909813642501831,0.0030436941362874336,0.004713041242212057,0.6622306704521179,0.35760366916656494,0.9952869415283203,0.9109860062599182,0.03187880292534828,,,
819,FARM_11,FARM_11_C020,3,H64_K2_D10,0.9018068313598633,0,0.9310176968574524,0.0036374210984736356,0.006076567340642214,0.709231436252594,0.3105330765247345,0.9939233660697937,0.9323737025260925,0.03180689737200737,,,
820,FARM_11,FARM_11_C021,3,H64_K2_D10,0.9165225028991699,0,0.9202753901481628,0.0025601743201130686,0.00393310422077775,0.6450157761573792,0.380664199590683,0.9960668683052063,0.9213623404502869,0.033159345388412476,,,
821,FARM_11,FARM_11_C022,3,H64_K2_D10,0.9298570156097412,0,0.9319287538528442,0.003735609398816617,0.0062486170791089535,0.7135433554649353,0.29489678144454956,0.9937513470649719,0.9333019852638245,0.030841872096061707,,,
822,FARM_11,FARM_11_C023,3,H64_K2_D10,0.9097362756729126,0,0.9302237033843994,0.0031602370351419494,0.005072902888059616,0.6847871541976929,0.3257520794868469,0.9949270486831665,0.9314751625061035,0.03151954710483551,,,
823,FARM_11,FARM_11_C024,3,H64_K2_D10,0.8859105110168457,0,0.9387966990470886,0.004192698914367964,0.007050440646708012,0.7180507779121399,0.2894207537174225,0.9929496049880981,0.9403640627861023,0.03580762445926666,,,
824,FARM_11,FARM_11_C025,3,H64_K2_D10,0.9482641816139221,0,0.907876193523407,0.00301894049824461,0.0043580797500908375,0.6359131932258606,0.41655799746513367,0.9956419467926025,0.9090665578842163,0.034945644438266754,,,
825,FARM_11,FARM_11_C026,3,H64_K2_D10,0.9452292919158936,0,0.9320441484451294,0.003093568554072144,0.004954581148922443,0.6803243160247803,0.3379589915275574,0.9950454235076904,0.9332975149154663,0.033390454947948456,,,
826,FARM_11,FARM_11_C027,3,H64_K2_D10,0.8952648639678955,0,0.8837725520133972,0.004826705044681282,0.0048522865399718285,0.6205031871795654,0.44356271624565125,0.9951477646827698,0.88505619764328,0.03365606069564819,,,
827,FARM_11,FARM_11_C028,3,H64_K2_D10,0.8967409729957581,0,0.9043911695480347,0.0029637384043913126,0.004498978611081839,0.6459921002388,0.3748849332332611,0.9955009818077087,0.9055589437484741,0.030869781970977783,,,
828,FARM_11,FARM_11_C029,3,H64_K2_D10,0.8832706212997437,0,0.9322340488433838,0.0029349299806167564,0.004667321685701609,0.6702226996421814,0.3582419157028198,0.995332658290863,0.9334626793861389,0.03394973650574684,,,
829,FARM_11,FARM_11_C030,3,H64_K2_D10,0.9157223105430603,0,0.9173838496208191,0.0030039701390794414,0.004723703488707542,0.6676279902458191,0.3499712646007538,0.9952763319015503,0.9185692071914673,0.031565360724925995,,,
830,FARM_11,FARM_11_C031,3,H64_K2_D10,0.9359040856361389,0,0.9209095239639282,0.0035961218757574447,0.005884375423192978,0.7006557583808899,0.3048871159553528,0.9941155910491943,0.9222133159637451,0.029247675091028214,,,
831,FARM_11,FARM_11_C032,3,H64_K2_D10,0.9603070616722107,0,0.9306224584579468,0.003131922045047754,0.005106657277792692,0.6910042762756348,0.33494722843170166,0.9948933124542236,0.931852400302887,0.033112797886133194,,,
832,FARM_11,FARM_11_C033,3,H64_K2_D10,0.9842917919158936,0,0.9280563592910767,0.003026413704242939,0.004872685763984919,0.6890440583229065,0.3166188597679138,0.9951273202896118,0.9292266964912415,0.03021388128399849,,,
833,FARM_11,FARM_11_C034,3,H64_K2_D10,0.9159396886825562,0,0.9143229126930237,0.0032986738202281296,0.005192299373447895,0.6768508553504944,0.32148054242134094,0.9948076605796814,0.9155623912811279,0.030206553637981415,,,
834,FARM_11,FARM_11_C035,3,H64_K2_D10,0.9661561250686646,0,0.9248077273368835,0.0031777080847698014,0.005066583398729563,0.6856772899627686,0.3116196393966675,0.9949334263801575,0.9260254502296448,0.030115466564893723,,,
835,FARM_11,FARM_11_C036,3,H64_K2_D10,0.9121310114860535,0,0.9123878479003906,0.003090115994960254,0.004813559353351593,0.6666902303695679,0.3355971574783325,0.9951865077018738,0.9135761857032776,0.030116651207208633,,,
836,FARM_11,FARM_11_C037,3,H64_K2_D10,0.9144387245178223,0,0.8988935351371765,0.0030447757707577727,0.004338870756328106,0.6370044946670532,0.3866643011569977,0.9956610798835754,0.9000348448753357,0.03234460949897766,,,
837,FARM_11,FARM_11_C038,3,H64_K2_D10,0.9468477964401245,0,0.9013310074806213,0.002965794854654875,0.004437299445271492,0.6423035860061646,0.37498337030410767,0.9955626726150513,0.9024854898452759,0.030811108648777008,,,
838,FARM_11,FARM_11_C039,3,H64_K2_D10,0.913794755935669,0,0.908661425113678,0.002927273296432415,0.0044868034310638905,0.6509723663330078,0.35858476161956787,0.9955131411552429,0.9098228812217712,0.03028973937034607,,,
839,FARM_11,FARM_11_C040,3,H64_K2_D10,0.9237607717514038,0,0.9235837459564209,0.002674925495190333,0.004187596496194601,0.6623542308807373,0.3528814911842346,0.9958123564720154,0.9246823191642761,0.031405847519636154,,,
840,FARM_11,FARM_11_C041,3,H64_K2_D10,0.87242192029953,0,0.9070974588394165,0.0029355279883103275,0.004543601535260677,0.6559323072433472,0.3671390116214752,0.9954564571380615,0.9082438349723816,0.030495692044496536,,,
841,FARM_11,FARM_11_C042,3,H64_K2_D10,0.9372069835662842,0,0.9230681657791138,0.002856492236554902,0.004486497491598129,0.6690390110015869,0.3377079665660858,0.9955134987831116,0.9242129921913147,0.030489206314086914,,,
842,FARM_11,FARM_11_C043,3,H64_K2_D10,0.9070113897323608,0,0.9113538861274719,0.0027864923937202775,0.004123780410736799,0.6365900635719299,0.4008127748966217,0.9958761930465698,0.9124916791915894,0.03438673913478851,,,
843,FARM_11,FARM_11_C044,3,H64_K2_D10,0.8952513337135315,0,0.9217378497123718,0.0029135864031185066,0.0046172901056706905,0.6670264005661011,0.3658573627471924,0.9953827261924744,0.9229193925857544,0.032579731196165085,,,
844,FARM_11,FARM_11_C045,3,H64_K2_D10,0.9000082612037659,0,0.8945884108543396,0.0034763137075070386,0.004255229141563177,0.6233960390090942,0.4170911908149719,0.9957447648048401,0.8957473039627075,0.03422216698527336,,,
845,FARM_11,FARM_11_C046,3,H64_K2_D10,0.8681559562683105,0,0.9218615889549255,0.0025787675382213412,0.003964562434703112,0.6441321969032288,0.38172826170921326,0.9960353970527649,0.9229670763015747,0.03324243426322937,,,
846,FARM_11,FARM_11_C047,3,H64_K2_D10,0.9062651991844177,0,0.9039547443389893,0.003073535036794432,0.004052713979035616,0.6163421869277954,0.4212958812713623,0.9959473013877869,0.905125081539154,0.03548172861337662,,,
847,FARM_11,FARM_11_C048,3,H64_K2_D10,0.9517852663993835,0,0.9165109395980835,0.0030118657012587337,0.004689623601734638,0.6558560132980347,0.37059256434440613,0.995310366153717,0.9177390933036804,0.03205294534564018,,,
848,FARM_11,FARM_11_C049,3,H64_K2_D10,0.8867722153663635,0,0.9122744798660278,0.0027794820738030732,0.004272054880857468,0.6474835872650146,0.3880186975002289,0.9957279562950134,0.9134105443954468,0.03245321288704872,,,
849,FARM_11,FARM_11_C050,3,H64_K2_D10,0.892185389995575,0,0.914003849029541,0.003182162307139132,0.005060860887169838,0.6742619276046753,0.34630829095840454,0.9949390888214111,0.9152233600616455,0.02998621016740799,,,
850,FARM_11,FARM_11_C051,3,H64_K2_D10,0.9683382511138916,0,0.9275816679000854,0.0027181177099425712,0.0042398725636303425,0.6592546701431274,0.3612203001976013,0.9957601428031921,0.9287241697311401,0.03402912616729736,,,
851,FARM_11,FARM_11_C052,3,H64_K2_D10,0.9378349184989929,0,0.9180468320846558,0.0029269343133177406,0.004603527951985598,0.6712849140167236,0.3345203995704651,0.9953964352607727,0.9191880822181702,0.03005281463265419,,,
852,FARM_11,FARM_11_C053,3,H64_K2_D10,0.8789210319519043,0,0.9047861099243164,0.0031260826068199433,0.004796098452061415,0.6541467905044556,0.35493072867393494,0.995203971862793,0.9059939384460449,0.02983880043029785,,,
853,FARM_11,FARM_11_C054,3,H64_K2_D10,0.9453640580177307,0,0.9143497347831726,0.002979713434054719,0.004670574329793453,0.6664674878120422,0.34941479563713074,0.9953294992446899,0.9155128598213196,0.03111790120601654,,,
854,FARM_11,FARM_11_C055,3,H64_K2_D10,0.9077712893486023,0,0.8910155892372131,0.0033259131512315926,0.004741737153381109,0.6342715620994568,0.3813282251358032,0.9952582716941833,0.8922387957572937,0.030094608664512634,,,
855,FARM_11,FARM_11_C056,3,H64_K2_D10,0.8898248672485352,0,0.9049077033996582,0.0031618081686980762,0.004844197537750006,0.6572959423065186,0.34455057978630066,0.9951558113098145,0.9061130285263062,0.029920168220996857,,,
856,FARM_11,FARM_11_C057,3,H64_K2_D10,0.96486896276474,0,0.9177178144454956,0.003691529550115787,0.005943465046584606,0.6949359774589539,0.2984497547149658,0.9940565824508667,0.9190497994422913,0.029600314795970917,,,
857,FARM_11,FARM_11_C058,3,H64_K2_D10,0.9483165740966797,0,0.9176996350288391,0.0027326042907529925,0.0041289906948804855,0.6433459520339966,0.3602563142776489,0.9958710074424744,0.9188371896743774,0.03302040696144104,,,
858,FARM_11,FARM_11_C059,3,H64_K2_D10,0.9153675436973572,0,0.9256623387336731,0.00395168503330286,0.006578975822776556,0.715530514717102,0.27865034341812134,0.9934210181236267,0.9270539283752441,0.02964193746447563,,,
859,FARM_11,FARM_11_C060,3,H64_K2_D10,0.9232708811759949,0,0.9190273284912109,0.00323028317555184,0.005067361518740654,0.677043616771698,0.3132874071598053,0.9949325919151306,0.9202598333358765,0.030144471675157547,,,
860,FARM_11,FARM_11_C061,3,H64_K2_D10,0.9339597821235657,0,0.9055888056755066,0.003029745325266934,0.004671572241932154,0.6587086915969849,0.3594602048397064,0.995328426361084,0.9067475199699402,0.030727248638868332,,,
861,FARM_11,FARM_11_C062,3,H64_K2_D10,0.9251992106437683,0,0.9049980044364929,0.0028960750117288056,0.0043035452254116535,0.6325759887695312,0.4106648862361908,0.9956964254379272,0.9061754941940308,0.032515689730644226,,,
862,FARM_11,FARM_11_C063,3,H64_K2_D10,0.9345120191574097,0,0.9145585894584656,0.0032512299051565114,0.005141023546457291,0.6725962162017822,0.3416731357574463,0.994858980178833,0.915808916091919,0.030257564038038254,,,
863,FARM_11,FARM_11_C064,3,H64_K2_D10,0.9432451128959656,0,0.9157506227493286,0.002940514559795423,0.004615348298102617,0.6657912731170654,0.348103791475296,0.9953846335411072,0.9169096350669861,0.03003736585378647,,,
864,FARM_11,FARM_11_C065,3,H64_K2_D10,0.8651073575019836,0,0.9259046912193298,0.0025970717251133767,0.0038315346464514732,0.6272380948066711,0.39597004652023315,0.9961684346199036,0.9270535111427307,0.037330254912376404,,,
865,FARM_11,FARM_11_C066,3,H64_K2_D10,0.948157548904419,0,0.9067291617393494,0.002913927034364869,0.004268355201929808,0.6361300945281982,0.4060109555721283,0.9957316517829895,0.9078891277313232,0.033797960728406906,,,
866,FARM_11,FARM_11_C067,3,H64_K2_D10,0.9160168766975403,0,0.9233987331390381,0.00304111605676963,0.00486750015988946,0.6774372458457947,0.3464373052120209,0.9951325058937073,0.9246017932891846,0.031583067029714584,,,
867,FARM_11,FARM_11_C068,3,H64_K2_D10,0.8879955410957336,0,0.8895609378814697,0.0042034762601723535,0.004241696558892727,0.6003401875495911,0.427966833114624,0.9957582354545593,0.890792965888977,0.03483552485704422,,,
868,FARM_11,FARM_11_C069,3,H64_K2_D10,0.8824959993362427,0,0.9143489599227905,0.0028112043727397135,0.004338595550507307,0.6510675549507141,0.37777820229530334,0.9956614375114441,0.9154961705207825,0.03242737427353859,,,
869,FARM_11,FARM_11_C070,3,H64_K2_D10,0.8834872245788574,0,0.9070174694061279,0.0029964335455603896,0.004364237189292908,0.6334755420684814,0.40959253907203674,0.9956358075141907,0.9082164764404297,0.03411364555358887,,,
870,FARM_11,FARM_11_C071,3,H64_K2_D10,0.9365940093994141,0,0.9128042459487915,0.0026703759117838455,0.004084260202944279,0.6438433527946472,0.3907817006111145,0.9959157109260559,0.9139072895050049,0.03261106088757515,,,
871,FARM_11,FARM_11_C072,3,H64_K2_D10,0.9158650636672974,0,0.9221518635749817,0.003101160065973767,0.0049209799617528915,0.6701497435569763,0.36217573285102844,0.9950790405273438,0.9233980774879456,0.033413082361221313,,,
872,FARM_11,FARM_11_C073,3,H64_K2_D10,0.9541128873825073,0,0.9207479357719421,0.0030987745353769657,0.00496285455301404,0.681943416595459,0.3315174877643585,0.9950371384620667,0.921938955783844,0.030029866844415665,,,
873,FARM_11,FARM_11_C074,3,H64_K2_D10,0.9286878108978271,0,0.9227361083030701,0.0028577770648750378,0.0045270249247550964,0.6730037331581116,0.3437546491622925,0.9954729676246643,0.9238718152046204,0.03199382126331329,,,
874,FARM_11,FARM_11_C075,3,H64_K2_D10,0.9064520597457886,0,0.8899061679840088,0.003460754007740424,0.005070116836577654,0.6473795175552368,0.37844985723495483,0.994929850101471,0.8911420702934265,0.02956048771739006,,,
875,FARM_11,FARM_11_C076,3,H64_K2_D10,0.8991376757621765,0,0.9104260206222534,0.0029169101733755483,0.004501549061387777,0.6580687761306763,0.34790053963661194,0.995498538017273,0.9115670323371887,0.030283160507678986,,,
876,FARM_11,FARM_11_C077,3,H64_K2_D10,0.9061591029167175,0,0.8965027928352356,0.003196634980475384,0.004813253879547119,0.6496508121490479,0.367275208234787,0.9951867461204529,0.8976967334747314,0.029720347374677658,,,
877,FARM_11,FARM_11_C078,3,H64_K2_D10,0.9141468405723572,0,0.910690426826477,0.003183155405376458,0.005030500236898661,0.6717703938484192,0.3456607758998871,0.9949695467948914,0.9118983149528503,0.029937613755464554,,,
878,FARM_11,FARM_11_C079,3,H64_K2_D10,0.9345303177833557,0,0.9133535027503967,0.0029313484787347765,0.004574392456561327,0.6647252440452576,0.34278199076652527,0.9954256415367126,0.9144960045814514,0.02991177886724472,,,
879,FARM_11,FARM_11_C080,3,H64_K2_D10,0.932701587677002,0,0.8913037180900574,0.0035181992298842215,0.0052398196421563625,0.6528482437133789,0.3810122013092041,0.9947602152824402,0.8925597071647644,0.029741987586021423,,,
880,FARM_12,FARM_12_C001,4,H32_K1_D10,0.9635599851608276,0,0.9121033549308777,0.00032935217750169486,1.0,0.9121033549308777,0.0368800088763237,,,,,,
881,FARM_12,FARM_12_C002,4,H32_K1_D10,0.9004396200180054,0,0.8933494091033936,0.0003808123006842344,1.0,0.8933494091033936,0.03174548223614693,,,,,,
882,FARM_12,FARM_12_C003,4,H32_K1_D10,0.9521082043647766,0,0.9118859171867371,0.0001643071978409219,1.0,0.9118859171867371,0.03491554781794548,,,,,,
883,FARM_12,FARM_12_C004,4,H32_K1_D10,0.9408295750617981,0,0.8943553566932678,0.00035399734819370775,1.0,0.8943553566932678,0.03185423091053963,,,,,,
884,FARM_12,FARM_12_C005,4,H32_K1_D10,0.9160563349723816,0,0.904046356678009,0.00014326251490900046,1.0,0.904046356678009,0.03241194784641266,,,,,,
885,FARM_12,FARM_12_C006,4,H32_K1_D10,0.9212313890457153,0,0.8881689310073853,0.0005807793496183277,1.0,0.8881689310073853,0.03130601346492767,,,,,,
886,FARM_12,FARM_12_C007,4,H32_K1_D10,0.9213782548904419,0,0.9100050926208496,0.00019149276129879227,1.0,0.9100050926208496,0.034780122339725494,,,,,,
887,FARM_12,FARM_12_C008,4,H32_K1_D10,0.9494019150733948,0,0.8915995359420776,0.0003398816203633804,1.0,0.8915995359420776,0.03093859553337097,,,,,,
888,FARM_12,FARM_12_C009,4,H32_K1_D10,0.9752947092056274,0,0.9113858938217163,0.00017511053420895026,1.0,0.9113858938217163,0.034938063472509384,,,,,,
889,FARM_12,FARM_12_C010,4,H32_K1_D10,0.9650340676307678,0,0.9053739309310913,0.00010196644705968011,1.0,0.9053739309310913,0.03201097995042801,,,,,,
890,FARM_12,FARM_12_C011,4,H32_K1_D10,0.9299898147583008,0,0.9126306772232056,0.0006121137832824286,1.0,0.9126306772232056,0.039016928523778915,,,,,,
891,FARM_12,FARM_12_C012,4,H32_K1_D10,0.9775739908218384,0,0.9135554432868958,0.0007799048248028877,1.0,0.9135554432868958,0.04017087072134018,,,,,,
892,FARM_12,FARM_12_C013,4,H32_K1_D10,0.9293771982192993,0,0.9066528677940369,0.00012675941487014366,1.0,0.9066528677940369,0.032845389097929,,,,,,
893,FARM_12,FARM_12_C014,4,H32_K1_D10,0.9472672343254089,0,0.9093772768974304,0.0001203354644946607,1.0,0.9093772768974304,0.03346828371286392,,,,,,
894,FARM_12,FARM_12_C015,4,H32_K1_D10,0.9496158957481384,0,0.913749635219574,0.0005100796027286945,1.0,0.913749635219574,0.03874310106039047,,,,,,
895,FARM_12,FARM_12_C016,4,H32_K1_D10,0.9546223878860474,0,0.9088261723518372,0.00013834121240637276,1.0,0.9088261723518372,0.03364606201648712,,,,,,
896,FARM_12,FARM_12_C017,4,H32_K1_D10,0.8898236751556396,0,0.9059209823608398,0.0002536324986257289,1.0,0.9059209823608398,0.03435220196843147,,,,,,
897,FARM_12,FARM_12_C018,4,H32_K1_D10,0.9586606621742249,0,0.9139851927757263,0.0007745893722692728,1.0,0.9139851927757263,0.04028138145804405,,,,,,
898,FARM_12,FARM_12_C019,4,H32_K1_D10,0.9474136233329773,0,0.9123414158821106,0.0005184117613004428,1.0,0.9123414158821106,0.03836776316165924,,,,,,
899,FARM_12,FARM_12_C020,4,H32_K1_D10,0.9046154022216797,0,0.9138432145118713,0.00028873742725135117,1.0,0.9138432145118713,0.03700228035449982,,,,,,
900,FARM_12,FARM_12_C021,4,H32_K1_D10,0.8853893876075745,0,0.9059818983078003,0.00017444230470908424,1.0,0.9059818983078003,0.03341710940003395,,,,,,
901,FARM_12,FARM_12_C022,4,H32_K1_D10,0.8790144324302673,0,0.9081991910934448,0.00013587491853159868,1.0,0.9081991910934448,0.0334310345351696,,,,,,
902,FARM_12,FARM_12_C023,4,H32_K1_D10,0.9029597043991089,0,0.9015210270881653,0.00023347125195725417,1.0,0.9015210270881653,0.032877303659915924,,,,,,
903,FARM_12,FARM_12_C024,4,H32_K1_D10,0.8945764303207397,0,0.9098358154296875,0.00019476752585513205,1.0,0.9098358154296875,0.03477617725729942,,,,,,
904,FARM_12,FARM_12_C025,4,H32_K1_D10,0.9188680052757263,0,0.9104470610618591,0.00012513179240947834,1.0,0.9104470610618591,0.03385179117321968,,,,,,
905,FARM_12,FARM_12_C026,4,H32_K1_D10,0.9222193956375122,0,0.909533679485321,0.00013641047258115753,1.0,0.909533679485321,0.033806972205638885,,,,,,
906,FARM_12,FARM_12_C027,4,H32_K1_D10,0.9150704741477966,0,0.909172773361206,0.00037626319428124766,1.0,0.909172773361206,0.03641005977988243,,,,,,
907,FARM_12,FARM_12_C028,4,H32_K1_D10,0.9469783902168274,0,0.9096360206604004,0.00013924578824069307,1.0,0.9096360206604004,0.0338844358921051,,,,,,
908,FARM_12,FARM_12_C029,4,H32_K1_D10,0.9300978779792786,0,0.8975266218185425,0.00034058957271866457,1.0,0.8975266218185425,0.03268855810165405,,,,,,
909,FARM_12,FARM_12_C030,4,H32_K1_D10,0.907688319683075,0,0.9083058834075928,0.00014488269625884055,1.0,0.9083058834075928,0.033613208681344986,,,,,,
910,FARM_12,FARM_12_C031,4,H32_K1_D10,0.9492259621620178,0,0.9144595265388489,0.0007751819338701984,1.0,0.9144595265388489,0.04043407738208771,,,,,,
911,FARM_12,FARM_12_C032,4,H32_K1_D10,0.9561033248901367,0,0.9124709367752075,0.0001762942874024769,1.0,0.9124709367752075,0.03525895997881889,,,,,,
912,FARM_12,FARM_12_C033,4,H32_K1_D10,0.9328780174255371,0,0.9085147976875305,0.0001446855966426664,1.0,0.9085147976875305,0.033667583018541336,,,,,,
913,FARM_12,FARM_12_C034,4,H32_K1_D10,0.9256811738014221,0,0.9139356017112732,0.0008960233086608253,1.0,0.9139356017112732,0.040815241634845734,,,,,,
914,FARM_12,FARM_12_C035,4,H32_K1_D10,0.929203450679779,0,0.9139246344566345,0.0004628808032926063,1.0,0.9139246344566345,0.03847707062959671,,,,,,
915,FARM_12,FARM_12_C036,4,H32_K1_D10,0.9134492874145508,0,0.9112695455551147,0.00045288395669569733,1.0,0.9112695455551147,0.03760616108775139,,,,,,
916,FARM_12,FARM_12_C037,4,H32_K1_D10,0.9370551705360413,0,0.9132158160209656,0.0016991238659319248,1.0,0.9132158160209656,0.04326548054814339,,,,,,
917,FARM_12,FARM_12_C038,4,H32_K1_D10,0.9593204259872437,0,0.9144018292427063,0.0009962470138485627,1.0,0.9144018292427063,0.0413798950612545,,,,,,
918,FARM_12,FARM_12_C039,4,H32_K1_D10,0.9038039445877075,0,0.9120748043060303,0.0005954893785633349,1.0,0.9120748043060303,0.03875082731246948,,,,,,
919,FARM_12,FARM_12_C040,4,H32_K1_D10,0.951441764831543,0,0.9132521152496338,0.0004350680038209188,1.0,0.9132521152496338,0.03807520121335983,,,,,,
920,FARM_12,FARM_12_C041,4,H32_K1_D10,0.9218828082084656,0,0.906225323677063,0.00014058009002376387,1.0,0.906225323677063,0.03296833112835884,,,,,,
921,FARM_12,FARM_12_C042,4,H32_K1_D10,0.9643818140029907,0,0.9113038778305054,0.00018246431527152242,1.0,0.9113038778305054,0.03502069413661957,,,,,,
922,FARM_12,FARM_12_C043,4,H32_K1_D10,0.9233690500259399,0,0.9034343957901001,0.00019904007377650383,1.0,0.9034343957901001,0.03302473574876785,,,,,,
923,FARM_12,FARM_12_C044,4,H32_K1_D10,0.9271650910377502,0,0.8969693183898926,0.0003173175653080823,1.0,0.8969693183898926,0.032340582460165024,,,,,,
924,FARM_12,FARM_12_C045,4,H32_K1_D10,0.9378491640090942,0,0.8962010145187378,0.00019312140681471045,1.0,0.8962010145187378,0.030912738293409348,,,,,,
925,FARM_12,FARM_12_C046,4,H32_K1_D10,0.9355829954147339,0,0.907422661781311,0.0001596459702673971,1.0,0.907422661781311,0.033602774143218994,,,,,,
926,FARM_12,FARM_12_C047,4,H32_K1_D10,0.9410724639892578,0,0.8952038288116455,0.00027247200130023797,1.0,0.8952038288116455,0.031443968415260315,,,,,,
927,FARM_12,FARM_12_C048,4,H32_K1_D10,0.935551643371582,0,0.9118056297302246,0.0005063901746966598,1.0,0.9118056297302246,0.03812756761908531,,,,,,
928,FARM_12,FARM_12_C049,4,H32_K1_D10,0.9401246309280396,0,0.9060658812522888,0.00011933497764892477,1.0,0.9060658812522888,0.03254758194088936,,,,,,
929,FARM_12,FARM_12_C050,4,H32_K1_D10,0.879925012588501,0,0.9060766696929932,0.00012173137199365451,1.0,0.9060766696929932,0.03259558975696564,,,,,,
930,FARM_12,FARM_12_C051,4,H32_K1_D10,0.8956781625747681,0,0.9125714898109436,0.0001765419161572837,1.0,0.9125714898109436,0.03529072925448418,,,,,,
931,FARM_12,FARM_12_C052,4,H32_K1_D10,0.9289209842681885,0,0.9109810590744019,0.000610526933582951,1.0,0.9109810590744019,0.03849788382649422,,,,,,
932,FARM_12,FARM_12_C053,4,H32_K1_D10,0.9414452910423279,0,0.9053739309310913,0.00014478064119243048,1.0,0.9053739309310913,0.03280258551239967,,,,,,
933,FARM_12,FARM_12_C054,4,H32_K1_D10,0.9572621583938599,0,0.9084292054176331,0.00011637978605020282,1.0,0.9084292054176331,0.033133115619421005,,,,,,
934,FARM_12,FARM_12_C055,4,H32_K1_D10,0.8612965941429138,0,0.9149661064147949,0.0008469605846441472,1.0,0.9149661064147949,0.040928490459918976,,,,,,
935,FARM_12,FARM_12_C056,4,H32_K1_D10,0.9189726114273071,0,0.913059413433075,0.0003134514947447843,1.0,0.913059413433075,0.03701414912939072,,,,,,
936,FARM_12,FARM_12_C057,4,H32_K1_D10,0.9353856444358826,0,0.9111348390579224,0.00038339920918047945,1.0,0.9111348390579224,0.037049293518066406,,,,,,
937,FARM_12,FARM_12_C058,4,H32_K1_D10,0.9262009263038635,0,0.8927838802337646,0.0003173529927181759,1.0,0.8927838802337646,0.03111574426293373,,,,,,
938,FARM_12,FARM_12_C059,4,H32_K1_D10,0.9745572805404663,0,0.9112619161605835,0.0002387559405094453,1.0,0.9112619161605835,0.03572215512394905,,,,,,
939,FARM_12,FARM_12_C060,4,H32_K1_D10,0.9210612773895264,0,0.9144183397293091,0.0019344382046544682,1.0,0.9144183397293091,0.04428912326693535,,,,,,
940,FARM_12,FARM_12_C061,4,H32_K1_D10,0.9444619417190552,0,0.9137971997261047,0.00038523972133166004,1.0,0.9137971997261047,0.037855472415685654,,,,,,
941,FARM_12,FARM_12_C062,4,H32_K1_D10,0.9315673112869263,0,0.9003649950027466,0.00017972078060614862,1.0,0.9003649950027466,0.031916048377752304,,,,,,
942,FARM_12,FARM_12_C063,4,H32_K1_D10,0.95829838514328,0,0.9129670858383179,0.00019989164244878197,1.0,0.9129670858383179,0.03572792187333107,,,,,,
943,FARM_12,FARM_12_C064,4,H32_K1_D10,0.9066355228424072,0,0.9085047841072083,0.00014552697755177332,1.0,0.9085047841072083,0.033678747713565826,,,,,,
944,FARM_12,FARM_12_C065,4,H32_K1_D10,0.9180848598480225,0,0.888491690158844,0.0005049033381674052,1.0,0.888491690158844,0.031026877462863922,,,,,,
945,FARM_12,FARM_12_C066,4,H32_K1_D10,0.9611150622367859,0,0.9054678082466125,0.00016672817414316112,1.0,0.9054678082466125,0.03316379338502884,,,,,,
946,FARM_12,FARM_12_C067,4,H32_K1_D10,0.8816710710525513,0,0.9057562351226807,0.00014850237741896672,1.0,0.9057562351226807,0.03296778351068497,,,,,,
947,FARM_12,FARM_12_C068,4,H32_K1_D10,0.8912874460220337,0,0.9119421243667603,0.0004703010873127703,1.0,0.9119421243667603,0.03792949393391609,,,,,,
948,FARM_12,FARM_12_C069,4,H32_K1_D10,0.9196591377258301,0,0.9016025066375732,0.0002486209155779046,1.0,0.9016025066375732,0.03305930644273758,,,,,,
949,FARM_12,FARM_12_C070,4,H32_K1_D10,0.9583753943443298,0,0.9068734049797058,0.00012473256918283274,1.0,0.9068734049797058,0.03286856785416603,,,,,,
950,FARM_12,FARM_12_C071,4,H32_K1_D10,0.9100269079208374,0,0.9135172963142395,0.00045318325796411455,1.0,0.9135172963142395,0.03828567638993263,,,,,,
951,FARM_12,FARM_12_C072,4,H32_K1_D10,0.9342278838157654,0,0.912139356136322,0.00019601673570351246,1.0,0.912139356136322,0.03544243052601814,,,,,,
952,FARM_12,FARM_12_C073,4,H32_K1_D10,0.97017502784729,0,0.9097360372543335,0.00012394111301991265,1.0,0.9097360372543335,0.03363514319062233,,,,,,
953,FARM_12,FARM_12_C074,4,H32_K1_D10,0.9031267762184143,0,0.9125227332115173,0.0002306592962830856,1.0,0.9125227332115173,0.03598829731345177,,,,,,
954,FARM_12,FARM_12_C075,4,H32_K1_D10,0.9649606943130493,0,0.9036041498184204,0.0001728878868322172,1.0,0.9036041498184204,0.032730769366025925,,,,,,
955,FARM_12,FARM_12_C076,4,H32_K1_D10,0.9590423703193665,0,0.9132310748100281,0.0007120739079878378,1.0,0.9132310748100281,0.0397367998957634,,,,,,
956,FARM_12,FARM_12_C077,4,H32_K1_D10,0.9806879162788391,0,0.9127282500267029,0.0002395162784162572,1.0,0.9127282500267029,0.0361507274210453,,,,,,
957,FARM_12,FARM_12_C078,4,H32_K1_D10,0.9291258454322815,0,0.9109417200088501,0.00023703520037041703,1.0,0.9109417200088501,0.035610802471637726,,,,,,
958,FARM_12,FARM_12_C079,4,H32_K1_D10,0.9100839495658875,0,0.9112801551818848,0.0005676415196900009,1.0,0.9112801551818848,0.03834441304206848,,,,,,
959,FARM_12,FARM_12_C080,4,H32_K1_D10,0.9338139295578003,0,0.9113361835479736,0.0003195189421806045,1.0,0.9113361835479736,0.03656604513525963,,,,,,
