farm_id,cycle_id,cumulative_stress,peak_stress,low_do_days,high_pathogen_days,management_quality,stocking_intensity,survival_rate,growth_index,harvest_health,severe_event
FARM_01,FARM_01_C001,0.2966033185080453,0.8244830924546261,40,12,0.35,1.15,0.6883988845384009,0.7533420594863559,0.7130772910186238,1
FARM_01,FARM_01_C002,0.28143270142389015,0.7386317881668321,34,12,0.35,1.15,0.6770285692878752,0.83103667244101,0.7355516484860665,1
FARM_01,FARM_01_C003,0.28830039060145035,0.7334884435855928,37,7,0.35,1.15,0.7453320852133912,0.788666178018867,0.761799040479472,1
FARM_01,FARM_01_C004,0.2748550817830344,0.7859817454126575,28,6,0.35,1.15,0.6604066185776725,0.8097995859761693,0.7171759461891012,1
FARM_01,FARM_01_C005,0.26328406699253243,0.7345388926543452,22,8,0.35,1.15,0.6775607010406077,0.7570757919515355,0.7077764355867603,1
FARM_01,FARM_01_C006,0.2686336017108853,0.721091784664219,26,8,0.35,1.15,0.7080738184292293,0.7889329620335325,0.7388002929988645,1
FARM_01,FARM_01_C007,0.2670906632780053,0.8222155686277336,24,8,0.35,1.15,0.6319181393864226,0.8189777394495277,0.7030007874104025,1
FARM_01,FARM_01_C008,0.2516247728530987,0.8281990753374558,20,8,0.35,1.15,0.7427108949586267,0.821872260416321,0.7727922138325506,1
FARM_01,FARM_01_C009,0.23391052176120672,0.6613306221835669,14,7,0.35,1.15,0.6884510898050499,0.7949884031690208,0.7289352688833588,1
FARM_01,FARM_01_C010,0.2590992702198569,0.717200121802637,18,7,0.35,1.15,0.6777906671560309,0.8236911676908786,0.733232857359273,1
FARM_01,FARM_01_C011,0.2411253027053708,0.7293109494143959,14,8,0.35,1.15,0.692039172804341,0.8456779526620559,0.7504219091502726,1
FARM_01,FARM_01_C012,0.22052831184882957,0.6249693954438237,7,4,0.35,1.15,0.7484334775687618,0.8465555656928109,0.7857198710559004,1
FARM_01,FARM_01_C013,0.2416606550642207,0.6878668246862664,13,8,0.35,1.15,0.7433501664773454,0.8209965207170393,0.7728557810884291,1
FARM_01,FARM_01_C014,0.23400078935771929,0.6911870861954357,16,5,0.35,1.15,0.7546552301631891,0.8436681922342091,0.7884801557501767,0
FARM_01,FARM_01_C015,0.23181068808524638,0.7087750164744597,15,5,0.35,1.15,0.7111743775047692,0.8291612026882687,0.7560093710744991,1
FARM_01,FARM_01_C016,0.22961192914582906,0.6449652868524512,18,7,0.35,1.15,0.7137319281820202,0.8498183806216661,0.7654447801090858,1
FARM_01,FARM_01_C017,0.240194656978864,0.7967497486750531,18,11,0.35,1.15,0.6835454804058941,0.844832496418424,0.7448345464906554,1
FARM_01,FARM_01_C018,0.23212927680095358,0.6296771249825434,25,5,0.35,1.15,0.7409501668053992,0.7987424614513623,0.7629112387708652,1
FARM_01,FARM_01_C019,0.27159570003004935,0.7530283823332959,33,11,0.35,1.15,0.6793760384561083,0.8188968754141963,0.7323939565001818,1
FARM_01,FARM_01_C020,0.27653796221863264,0.7363983038202567,32,11,0.35,1.15,0.7818296028550692,0.8070920272454781,0.7914293241234246,0
FARM_01,FARM_01_C021,0.2627322546711253,0.7985684540868179,27,2,0.35,1.15,0.6265220785991357,0.7912689172898704,0.6891258773016149,1
FARM_01,FARM_01_C022,0.26866905781198935,0.8080358180201219,33,8,0.35,1.15,0.7368495518388491,0.7718711413623144,0.7501577558577659,1
FARM_01,FARM_01_C023,0.2751664201663378,0.7931777107464337,33,4,0.35,1.15,0.7358588765362822,0.7699545159013864,0.7488152194950218,1
FARM_01,FARM_01_C024,0.29304511053890925,0.7573759187061406,33,10,0.35,1.15,0.6816767564680684,0.7680106544030468,0.7144836376833601,1
FARM_01,FARM_01_C025,0.2906517209266525,0.8317754704488586,37,14,0.35,1.15,0.7224164913065623,0.822311940748257,0.7603767620944063,1
FARM_01,FARM_01_C026,0.27246976819979085,0.8348249309239156,33,15,0.35,1.15,0.7418847235073287,0.8644025663171566,0.7884415037750634,0
FARM_01,FARM_01_C027,0.2511297170547307,0.6542871760077704,21,4,0.35,1.15,0.7215746756944837,0.8157989744157422,0.757379909208562,1
FARM_01,FARM_01_C028,0.2555172865733182,0.624230119401051,24,5,0.35,1.15,0.7250788382653558,0.7712793953885009,0.7426350499721509,1
FARM_01,FARM_01_C029,0.2596985058412517,0.7028944718333627,20,8,0.35,1.15,0.729275395431565,0.7979733205013827,0.7553806069580957,1
FARM_01,FARM_01_C030,0.2639953038167278,0.6731064827257779,28,8,0.35,1.15,0.7157053823828345,0.8149262335854806,0.75340930583984,1
FARM_01,FARM_01_C031,0.23853217189409834,0.6651438127249863,18,7,0.35,1.15,0.7331946834083436,0.8126108197096794,0.7633728152028512,1
FARM_01,FARM_01_C032,0.24257412200415593,0.7271835714719352,14,9,0.35,1.15,0.7923731942082615,0.7732198745797957,0.7850949327494445,1
FARM_01,FARM_01_C033,0.23707149150364462,0.7213754626031362,22,7,0.35,1.15,0.7164283532254978,0.8175027151039519,0.7548366107393103,1
FARM_01,FARM_01_C034,0.2381330831149459,0.7517966618427206,15,5,0.35,1.15,0.7065991592131686,0.8266392774802286,0.7522144041546515,1
FARM_01,FARM_01_C035,0.2249745500346091,0.7114290123106238,15,9,0.35,1.15,0.7063183401007377,0.7874298494614176,0.7371407136577961,1
FARM_01,FARM_01_C036,0.2329657903222853,0.7102965221249945,18,6,0.35,1.15,0.696277772275868,0.8353717524704709,0.7491334847498171,1
FARM_01,FARM_01_C037,0.23933067613962947,0.7792168831387917,14,9,0.35,1.15,0.7421537016159835,0.8369451765938833,0.7781744621075855,1
FARM_01,FARM_01_C038,0.2429933917795231,0.7586967460817037,23,7,0.35,1.15,0.7337419085578926,0.7749617384803977,0.7494054439284445,1
FARM_01,FARM_01_C039,0.2382652219291517,0.7119700556116069,18,6,0.35,1.15,0.6974904615628044,0.8122435301902575,0.7410966276412365,1
FARM_01,FARM_01_C040,0.25990662780705975,0.7692168905069895,28,5,0.35,1.15,0.6998393001034442,0.7951865340513861,0.736071249003662,1
FARM_01,FARM_01_C041,0.26453386245745514,0.8274805794411995,25,14,0.35,1.15,0.6548741827877375,0.811339734664336,0.7143310925008448,1
FARM_01,FARM_01_C042,0.2778796602220241,0.7793191103865703,36,9,0.35,1.15,0.7628846949911019,0.8223868948170632,0.7854955309249672,1
FARM_01,FARM_01_C043,0.27180595336812424,0.808221754255024,31,8,0.35,1.15,0.6961921370391775,0.8068458829032937,0.7382405604675417,1
FARM_01,FARM_01_C044,0.2631155001578741,0.7596446523689133,30,7,0.35,1.15,0.7438710549112286,0.7885140048790257,0.7608353758989914,1
FARM_01,FARM_01_C045,0.28812256371821565,0.7666498109696211,36,10,0.35,1.15,0.7243521724376073,0.7961846926092561,0.7516485301028338,1
FARM_01,FARM_01_C046,0.28620021373548155,0.7516719948588917,30,8,0.35,1.15,0.716839180492118,0.7992512179130143,0.7481557547120586,1
FARM_01,FARM_01_C047,0.273513147333388,0.8105310399045218,22,4,0.35,1.15,0.6645205876728878,0.8294297729347567,0.727186078072398,1
FARM_01,FARM_01_C048,0.27278844852748135,0.7505708114892766,30,8,0.35,1.15,0.7160705639472653,0.7863812352623666,0.7427886190470039,1
FARM_01,FARM_01_C049,0.2853027923372203,0.7487283277738573,33,8,0.35,1.15,0.730646096272653,0.7650421557248951,0.7437165988645049,1
FARM_01,FARM_01_C050,0.26619203871819297,0.7257154970689431,22,9,0.35,1.15,0.7257582439429978,0.7562723723930618,0.7373536127540221,1
FARM_01,FARM_01_C051,0.24032310552524522,0.6909774025218062,18,6,0.35,1.15,0.7669900622232875,0.8250477589111995,0.789051986964694,0
FARM_01,FARM_01_C052,0.2488607311821522,0.658579378115436,18,8,0.35,1.15,0.7058142812884504,0.8164189065503797,0.7478440388879835,1
FARM_01,FARM_01_C053,0.22089593918876008,0.6670009956030244,16,8,0.35,1.15,0.7543431071212525,0.8170339493325768,0.7781656271615558,1
FARM_01,FARM_01_C054,0.24072023127834233,0.6842696582089105,18,4,0.35,1.15,0.6743211570605638,0.8806580761908341,0.7527291863300666,1
FARM_01,FARM_01_C055,0.2351180702466473,0.6586158121459861,12,7,0.35,1.15,0.7315944188882593,0.8154143639660462,0.7634459980178183,1
FARM_01,FARM_01_C056,0.23896361328113275,0.645115897912083,15,9,0.35,1.15,0.7203561731241764,0.8408093122021603,0.7661283659738103,1
FARM_01,FARM_01_C057,0.24671222262106168,0.6299654409348487,28,7,0.35,1.15,0.8161507916825986,0.7616370205126487,0.7954355586380176,0
FARM_01,FARM_01_C058,0.2326713513683412,0.6942805576767234,18,4,0.35,1.15,0.7376243104657327,0.8123748742466783,0.7660295247024921,1
FARM_01,FARM_01_C059,0.2295312680853205,0.6830548380066988,17,4,0.35,1.15,0.7494402818430561,0.8285817676864865,0.7795140464635597,1
FARM_01,FARM_01_C060,0.22752713617611903,0.6836800420499809,16,3,0.35,1.15,0.7795483184409304,0.8131804984869213,0.7923285468584069,0
FARM_01,FARM_01_C061,0.24030046576533343,0.686239800962012,25,10,0.35,1.15,0.7398736311130399,0.8566443583873043,0.7842465074772604,1
FARM_01,FARM_01_C062,0.2698824979821396,0.713203819113102,32,8,0.35,1.15,0.7295679204311337,0.8020951577129903,0.7571282705982392,1
FARM_01,FARM_01_C063,0.2559205560317111,0.7870245330700122,24,9,0.35,1.15,0.7069846234149493,0.7947948723516222,0.740352518010885,1
FARM_01,FARM_01_C064,0.2813364209611604,0.7099784738377724,32,6,0.35,1.15,0.6410236891598908,0.7815325740174465,0.694417065405762,1
FARM_01,FARM_01_C065,0.2604359558102743,0.7948440189696231,31,6,0.35,1.15,0.7392491141193628,0.8209818001299402,0.7703075348033821,1
FARM_01,FARM_01_C066,0.2781929651928296,0.7190998770420485,34,9,0.35,1.15,0.7469401171317868,0.8020222722347341,0.7678713360709067,1
FARM_01,FARM_01_C067,0.28208955114343964,0.7318092301486435,32,5,0.35,1.15,0.71794622868506,0.8021957648518581,0.7499610524284432,1
FARM_01,FARM_01_C068,0.29182148569963456,0.6896326307745608,35,7,0.35,1.15,0.7342795125183608,0.7488561986620084,0.7398186532529469,1
FARM_01,FARM_01_C069,0.27448712404574754,0.7188361162222322,24,11,0.35,1.15,0.7324621280436712,0.8383709670446982,0.7727074868640613,1
FARM_01,FARM_01_C070,0.2562490684545448,0.6529608097023475,23,8,0.35,1.15,0.6657996373130529,0.8115183899912933,0.7211727633307843,1
FARM_01,FARM_01_C071,0.25952009556042005,0.7494504594008462,21,9,0.35,1.15,0.6442677492951305,0.8225210105738698,0.7120039885810514,1
FARM_01,FARM_01_C072,0.25182480913650956,0.7225294688910313,20,4,0.35,1.15,0.7561158511649572,0.7734210913925564,0.7626918424514448,1
FARM_01,FARM_01_C073,0.235024553015589,0.7083779151145604,14,7,0.35,1.15,0.7675118166686382,0.8238150739049173,0.7889070544184242,0
FARM_01,FARM_01_C074,0.23766138525168473,0.6480599471595685,16,8,0.35,1.15,0.7374930173526525,0.7907788606451862,0.7577416378038153,1
FARM_01,FARM_01_C075,0.2465976634297054,0.6977686664823861,20,7,0.35,1.15,0.744528004717056,0.7923294712083524,0.7626925619837487,1
FARM_01,FARM_01_C076,0.22670414318127313,0.7290461443302434,11,8,0.35,1.15,0.7268125555674418,0.828569872419444,0.7654803359712027,1
FARM_01,FARM_01_C077,0.240894015947738,0.6546165581591765,19,8,0.35,1.15,0.7816393192504173,0.806014820661085,0.7909020097864711,0
FARM_01,FARM_01_C078,0.24900079039568557,0.7180450273076298,21,13,0.35,1.15,0.7385278324239161,0.8125663974151462,0.7666624871205835,1
FARM_01,FARM_01_C079,0.24672041221725008,0.6876533326368461,17,12,0.35,1.15,0.6950783894554219,0.8016020212356836,0.7355573695319213,1
FARM_01,FARM_01_C080,0.22473024926136126,0.6471150139290085,22,6,0.35,1.15,0.7479175719117708,0.8652017084751743,0.7924855438058642,0
FARM_02,FARM_02_C001,0.25185778311197204,0.6660771496176897,25,4,0.3999999999999999,1.0954545454545457,0.7058075019158363,0.8295863190166588,0.7528434524141489,1
FARM_02,FARM_02_C002,0.2621669449318117,0.6983994376554605,29,3,0.3999999999999999,1.0954545454545457,0.777812875734662,0.8109880609931976,0.7904194461329055,0
FARM_02,FARM_02_C003,0.2682279716028719,0.6986559765562614,23,6,0.3999999999999999,1.0954545454545457,0.7298018888119664,0.8077428718589004,0.7594194623698013,1
FARM_02,FARM_02_C004,0.26998987532654267,0.6673957871685938,21,7,0.3999999999999999,1.0954545454545457,0.6687713994790974,0.7764760029129701,0.709699148783969,1
FARM_02,FARM_02_C005,0.25970622283142225,0.7784911251411406,23,4,0.3999999999999999,1.0954545454545457,0.6590978639333834,0.80530470280277,0.7146564627037504,1
FARM_02,FARM_02_C006,0.24657766720772908,0.6271283175318816,21,5,0.3999999999999999,1.0954545454545457,0.7696069002117845,0.7719858024274613,0.7705108830537417,1
FARM_02,FARM_02_C007,0.2505770293879347,0.6442597880256866,22,9,0.3999999999999999,1.0954545454545457,0.7497997126864219,0.7888581656085832,0.7646419247968432,1
FARM_02,FARM_02_C008,0.24569919244325572,0.7101786924335975,19,7,0.3999999999999999,1.0954545454545457,0.7324037567658591,0.7891443837334365,0.7539651950135385,1
FARM_02,FARM_02_C009,0.22911727078074273,0.7098151778782386,16,6,0.3999999999999999,1.0954545454545457,0.7553878146457849,0.8309588513083601,0.7841048085775635,1
FARM_02,FARM_02_C010,0.22819657461596524,0.6964482003940444,13,6,0.3999999999999999,1.0954545454545457,0.7500586228734127,0.7551617115086233,0.7519977965547928,1
FARM_02,FARM_02_C011,0.2147967765387233,0.7000884340606967,10,6,0.3999999999999999,1.0954545454545457,0.811946143738005,0.8472206562860596,0.8253504585062656,0
FARM_02,FARM_02_C012,0.22283274611773438,0.7260187220244436,17,6,0.3999999999999999,1.0954545454545457,0.7240247654250532,0.8032179456720709,0.75411817391892,1
FARM_02,FARM_02_C013,0.23481232068932106,0.7405590474711078,16,9,0.3999999999999999,1.0954545454545457,0.7839055161908138,0.8453059799145787,0.8072376924058444,0
FARM_02,FARM_02_C014,0.22275701290436448,0.7572808396157076,14,7,0.3999999999999999,1.0954545454545457,0.8108613045448672,0.8335346750561591,0.819477185339158,0
FARM_02,FARM_02_C015,0.240397868303751,0.6906984343319872,19,4,0.3999999999999999,1.0954545454545457,0.7461588359691144,0.7857847683397623,0.7612166902699606,1
FARM_02,FARM_02_C016,0.22436716287988787,0.6401956146230648,19,3,0.3999999999999999,1.0954545454545457,0.7586460044052178,0.8208148046558594,0.7822701485004616,1
FARM_02,FARM_02_C017,0.22365604995211974,0.7641444340180619,20,5,0.3999999999999999,1.0954545454545457,0.7534428436626155,0.836136827742862,0.7848665576131091,1
FARM_02,FARM_02_C018,0.21712215727711942,0.7813698810955733,16,3,0.3999999999999999,1.0954545454545457,0.737061616433697,0.8306102749814711,0.7726101066818511,1
FARM_02,FARM_02_C019,0.24976090557360198,0.7355780525194623,27,9,0.3999999999999999,1.0954545454545457,0.7445012701812102,0.7953570720528211,0.7638264748924224,1
FARM_02,FARM_02_C020,0.23683039252472093,0.7603399261027383,25,5,0.3999999999999999,1.0954545454545457,0.7523908272205525,0.8361021495707829,0.78420112971364,1
FARM_02,FARM_02_C021,0.24578628281753528,0.7363671162934133,21,8,0.3999999999999999,1.0954545454545457,0.7593285580417657,0.7904643169002666,0.771160146407996,1
FARM_02,FARM_02_C022,0.2562566745505487,0.7626686597666779,32,7,0.3999999999999999,1.0954545454545457,0.7018687928414242,0.8344201923629796,0.7522383246596153,1
FARM_02,FARM_02_C023,0.26652805629406684,0.7976643314212247,27,7,0.3999999999999999,1.0954545454545457,0.7222308370675511,0.7924437117953614,0.748911729464119,1
FARM_02,FARM_02_C024,0.26754621488160707,0.7566254997278159,31,9,0.3999999999999999,1.0954545454545457,0.6866278865523604,0.8549315372126058,0.7505832738032536,1
FARM_02,FARM_02_C025,0.26383490432547263,0.6756630669298007,31,3,0.3999999999999999,1.0954545454545457,0.794792365274053,0.7852178097895429,0.7911540341899391,0
FARM_02,FARM_02_C026,0.2783881544958403,0.7701937916569521,31,9,0.3999999999999999,1.0954545454545457,0.6821017753967159,0.8386147540128686,0.7415767072708539,1
FARM_02,FARM_02_C027,0.23963689356582651,0.6722475142395624,18,3,0.3999999999999999,1.0954545454545457,0.7281971923563871,0.8110129723766957,0.7596671887641044,1
FARM_02,FARM_02_C028,0.2526715387283966,0.6766872236719198,18,5,0.3999999999999999,1.0954545454545457,0.6990148121106536,0.8692139505897459,0.7636904847327087,1
FARM_02,FARM_02_C029,0.23153705271910582,0.6091825704125483,17,2,0.3999999999999999,1.0954545454545457,0.7064977487356635,0.8340594132849996,0.7549711812644112,1
FARM_02,FARM_02_C030,0.22437896752333303,0.7250599883423205,18,7,0.3999999999999999,1.0954545454545457,0.7497905370661768,0.8564513593924737,0.7903216495501697,0
FARM_02,FARM_02_C031,0.22796944585307843,0.6899968376386958,13,4,0.3999999999999999,1.0954545454545457,0.733352522497212,0.8078190162142023,0.7616497901096683,1
FARM_02,FARM_02_C032,0.21873208704918892,0.7050650510466094,9,5,0.3999999999999999,1.0954545454545457,0.7364050051954428,0.8531875645794255,0.7807823777613563,1
FARM_02,FARM_02_C033,0.21510042131607204,0.6740506270989505,15,7,0.3999999999999999,1.0954545454545457,0.8468906562360036,0.8611745068909895,0.8523185194848981,0
FARM_02,FARM_02_C034,0.21453829748799794,0.6916144714902308,13,8,0.3999999999999999,1.0954545454545457,0.8426908923658164,0.8576580302767192,0.8483784047719595,0
FARM_02,FARM_02_C035,0.2272106484145056,0.6531576330653541,11,11,0.3999999999999999,1.0954545454545457,0.7607046897725012,0.8553784901221918,0.7966807339053836,0
FARM_02,FARM_02_C036,0.2090322636049828,0.6821550604263082,11,6,0.3999999999999999,1.0954545454545457,0.7598464215286354,0.831999001797627,0.7872644020308521,0
FARM_02,FARM_02_C037,0.20337104750184348,0.6490989651432211,10,5,0.3999999999999999,1.0954545454545457,0.8220859508570953,0.8258552175077715,0.8235182721843524,0
FARM_02,FARM_02_C038,0.23774610211342698,0.6651383896383878,25,4,0.3999999999999999,1.0954545454545457,0.7640746846270106,0.794904507048264,0.7757900171470868,1
FARM_02,FARM_02_C039,0.2235734451015212,0.7833351654814735,15,7,0.3999999999999999,1.0954545454545457,0.694557676972305,0.8474256320541463,0.7526474999034047,1
FARM_02,FARM_02_C040,0.23650743239850117,0.7106467758066263,22,5,0.3999999999999999,1.0954545454545457,0.7096076696298534,0.7987834041472374,0.7434944487464594,1
FARM_02,FARM_02_C041,0.25813957970776796,0.7811012572894149,29,4,0.3999999999999999,1.0954545454545457,0.6672824470804372,0.8524202710561577,0.737634820191211,1
FARM_02,FARM_02_C042,0.25682418655400796,0.7973116384454013,27,7,0.3999999999999999,1.0954545454545457,0.6783372707773967,0.8127534380398916,0.7294154143371447,1
FARM_02,FARM_02_C043,0.2443467190919173,0.743459508495411,22,4,0.3999999999999999,1.0954545454545457,0.7572694297682523,0.7827045286382768,0.7669347673388616,1
FARM_02,FARM_02_C044,0.27781430844671806,0.7327417601153124,28,9,0.3999999999999999,1.0954545454545457,0.6091396212768159,0.8185473511377849,0.6887145586239841,1
FARM_02,FARM_02_C045,0.2612532886924568,0.7613006822804416,28,8,0.3999999999999999,1.0954545454545457,0.7430287847354436,0.8253714895122117,0.7743190125506155,1
FARM_02,FARM_02_C046,0.2637705330488712,0.8256220605725602,30,1,0.3999999999999999,1.0954545454545457,0.7612038906235662,0.7928873437387026,0.773243602807318,1
FARM_02,FARM_02_C047,0.26939084521305606,0.8147914344426423,32,9,0.3999999999999999,1.0954545454545457,0.6497239858486756,0.8302347685692716,0.718318083282502,1
FARM_02,FARM_02_C048,0.26114435288073135,0.6855658504466297,26,9,0.3999999999999999,1.0954545454545457,0.7265305750180512,0.7967305774186526,0.7532065759302797,1
FARM_02,FARM_02_C049,0.2356033985031133,0.6701584057815919,16,3,0.3999999999999999,1.0954545454545457,0.7609727996682764,0.834085159023241,0.7887554962231629,0
FARM_02,FARM_02_C050,0.23735378769548499,0.6539683083888093,17,5,0.3999999999999999,1.0954545454545457,0.8015229378273943,0.8204428659390156,0.8087125105098103,0
FARM_02,FARM_02_C051,0.2334205316141098,0.7017806176598066,19,7,0.3999999999999999,1.0954545454545457,0.7705262087030028,0.8086560864932851,0.7850155622633102,1
FARM_02,FARM_02_C052,0.2367387000754177,0.6709652731764786,14,7,0.3999999999999999,1.0954545454545457,0.7224844766665544,0.835669442373728,0.7654947636352804,1
FARM_02,FARM_02_C053,0.24878382709063349,0.6930825603482739,16,8,0.3999999999999999,1.0954545454545457,0.7520676114877343,0.7646792947092508,0.7568600511119106,1
FARM_02,FARM_02_C054,0.22558807125604813,0.7290467649082074,12,3,0.3999999999999999,1.0954545454545457,0.7492796955266391,0.8390944143228336,0.783409288669193,1
FARM_02,FARM_02_C055,0.2137126034326042,0.6590675931678007,14,12,0.3999999999999999,1.0954545454545457,0.757304504627033,0.826584721661004,0.7836309870999421,1
FARM_02,FARM_02_C056,0.23266457865431533,0.6922044461512686,17,10,0.3999999999999999,1.0954545454545457,0.7964923004564447,0.7702948198329332,0.7865372578195103,0
FARM_02,FARM_02_C057,0.21273007728793,0.7259936941774452,13,8,0.3999999999999999,1.0954545454545457,0.7917772307560998,0.8337414351143271,0.8077236284122262,0
FARM_02,FARM_02_C058,0.2148525482924718,0.7126379948793196,17,6,0.3999999999999999,1.0954545454545457,0.7375958783793062,0.8505805822874322,0.7805300658643941,1
FARM_02,FARM_02_C059,0.2166856818326218,0.6874385209276654,15,8,0.3999999999999999,1.0954545454545457,0.8015782191658608,0.8323525906235258,0.8132724803197735,0
FARM_02,FARM_02_C060,0.23013695968683445,0.8159370330760796,19,7,0.3999999999999999,1.0954545454545457,0.7356331384069711,0.819803571784115,0.7676179030902858,1
FARM_02,FARM_02_C061,0.23610630627282253,0.7341950068835972,22,6,0.3999999999999999,1.0954545454545457,0.6900044024620624,0.8725632095860243,0.7593767491691679,1
FARM_02,FARM_02_C062,0.22642876370632142,0.6815297814722187,18,8,0.3999999999999999,1.0954545454545457,0.7617631797494032,0.8026534107743952,0.7773014675389003,1
FARM_02,FARM_02_C063,0.22054134283797416,0.7518755719958057,19,5,0.3999999999999999,1.0954545454545457,0.7650770736129671,0.808945315618273,0.7817470055749833,1
FARM_02,FARM_02_C064,0.2690741077485866,0.7721901903148636,30,9,0.3999999999999999,1.0954545454545457,0.6662389734979548,0.8265448582060728,0.7271552096870397,1
FARM_02,FARM_02_C065,0.2587344011750291,0.6994096732767205,23,3,0.3999999999999999,1.0954545454545457,0.7247626908808903,0.7663016060224337,0.7405474786346767,1
FARM_02,FARM_02_C066,0.2615249978344844,0.7750936508049984,30,6,0.3999999999999999,1.0954545454545457,0.7238315609741492,0.8118854021233519,0.7572920206108462,1
FARM_02,FARM_02_C067,0.2546991431079432,0.7301219600415194,22,7,0.3999999999999999,1.0954545454545457,0.6662322216265801,0.7960074174666534,0.715546796045808,1
FARM_02,FARM_02_C068,0.25449621609224704,0.792078891108094,21,10,0.3999999999999999,1.0954545454545457,0.7394720857687874,0.8410889785919796,0.7780865050416004,1
FARM_02,FARM_02_C069,0.2602008845934344,0.7368436930561493,22,11,0.3999999999999999,1.0954545454545457,0.6617006922807994,0.8176951632645789,0.7209785912546356,1
FARM_02,FARM_02_C070,0.2498546801060448,0.7201862037695261,19,7,0.3999999999999999,1.0954545454545457,0.7526266909571182,0.8232455205270536,0.7794618461936936,1
FARM_02,FARM_02_C071,0.2410847317951221,0.6223867203433111,16,6,0.3999999999999999,1.0954545454545457,0.738946955198556,0.8330765730713607,0.7747162099902218,1
FARM_02,FARM_02_C072,0.24791829690294254,0.6890898507415947,20,8,0.3999999999999999,1.0954545454545457,0.7594891927440747,0.8920958410225603,0.8098797190898992,0
FARM_02,FARM_02_C073,0.20871504057408455,0.613662997903432,11,5,0.3999999999999999,1.0954545454545457,0.7872303612592005,0.8374117093383904,0.8062992735292926,0
FARM_02,FARM_02_C074,0.21893348340958813,0.6223583283079746,13,3,0.3999999999999999,1.0954545454545457,0.7947737212506379,0.8141346400322906,0.802130870387666,0
FARM_02,FARM_02_C075,0.22153521189188133,0.6926008101979192,12,7,0.3999999999999999,1.0954545454545457,0.7330188752905308,0.8450206749607402,0.7755795591652104,1
FARM_02,FARM_02_C076,0.22996363326340627,0.6376313698884338,8,9,0.3999999999999999,1.0954545454545457,0.6842766397053112,0.8437708181260605,0.7448844275051959,1
FARM_02,FARM_02_C077,0.2041277985644611,0.6918227207094467,12,6,0.3999999999999999,1.0954545454545457,0.6956709899384698,0.8376762209395119,0.7496329777188657,1
FARM_02,FARM_02_C078,0.20371018120656695,0.6995364559072628,12,6,0.3999999999999999,1.0954545454545457,0.7896061856235226,0.8786356745398989,0.8234373914117457,0
FARM_02,FARM_02_C079,0.21230080909811264,0.5590204762317068,10,8,0.3999999999999999,1.0954545454545457,0.7483751213062187,0.8504357135799973,0.7871581463702546,0
FARM_02,FARM_02_C080,0.2157456213157357,0.721631772150251,13,8,0.3999999999999999,1.0954545454545457,0.7579767564558108,0.8183847243109856,0.7809317842407772,1
FARM_03,FARM_03_C001,0.22560747731508793,0.8148766369687432,17,4,0.4499999999999999,1.040909090909091,0.7028890031975163,0.8184884280354278,0.7468167846359227,1
FARM_03,FARM_03_C002,0.2551075591843,0.7832435719725315,27,3,0.4499999999999999,1.040909090909091,0.7324789184919684,0.8544176025634258,0.7788156184391222,1
FARM_03,FARM_03_C003,0.25379491715795766,0.6918736848530388,28,3,0.4499999999999999,1.040909090909091,0.7760778427611124,0.8834938299234217,0.8168959178827899,0
FARM_03,FARM_03_C004,0.23907476407488046,0.5850270194116046,25,6,0.4499999999999999,1.040909090909091,0.7498626069116391,0.8002999141622442,0.769028783666869,1
FARM_03,FARM_03_C005,0.24756078748557267,0.8077982096187903,23,6,0.4499999999999999,1.040909090909091,0.7865947272922988,0.7908340118566294,0.7882056554267445,0
FARM_03,FARM_03_C006,0.2202363847691415,0.6801734448329396,17,4,0.4499999999999999,1.040909090909091,0.7010894523180622,0.8084154223805777,0.7418733209418181,1
FARM_03,FARM_03_C007,0.2161838324963907,0.6664984261868854,13,2,0.4499999999999999,1.040909090909091,0.7792147752789285,0.8496723292339261,0.8059886457818275,0
FARM_03,FARM_03_C008,0.22295318522278934,0.6550769417951123,17,10,0.4499999999999999,1.040909090909091,0.8303623979295203,0.8626966808193145,0.842649425427642,0
FARM_03,FARM_03_C009,0.19951477285492883,0.6292069122640647,6,4,0.4499999999999999,1.040909090909091,0.7603060202578049,0.8904260653887978,0.8097516374075822,0
FARM_03,FARM_03_C010,0.19527638722093613,0.5836856896286561,7,3,0.4499999999999999,1.040909090909091,0.8260173141000723,0.8496344502720945,0.8349918258454407,0
FARM_03,FARM_03_C011,0.19130325575660315,0.7114223498210857,11,3,0.4499999999999999,1.040909090909091,0.7716174909270597,0.8607424545387072,0.8054849770994857,0
FARM_03,FARM_03_C012,0.20782270531363706,0.6784984350760841,11,7,0.4499999999999999,1.040909090909091,0.7799945186715547,0.8437833005919263,0.8042342558012959,0
FARM_03,FARM_03_C013,0.1702301414746547,0.6912583114380934,6,4,0.4499999999999999,1.040909090909091,0.7445240854099041,0.921280952763221,0.8116916950041646,0
FARM_03,FARM_03_C014,0.19491551777434812,0.6409043107186347,6,4,0.4499999999999999,1.040909090909091,0.7916664118999588,0.8841377657926436,0.8268055263791789,0
FARM_03,FARM_03_C015,0.20187056413326396,0.7128624787133817,13,8,0.4499999999999999,1.040909090909091,0.7681158609271728,0.8137378099943122,0.7854522015726857,1
FARM_03,FARM_03_C016,0.20060720037135615,0.640657358659166,18,4,0.4499999999999999,1.040909090909091,0.7664587321804998,0.8681423762003434,0.8050985169080402,0
FARM_03,FARM_03_C017,0.21823177807382757,0.7383815310853743,18,3,0.4499999999999999,1.040909090909091,0.7350860763047967,0.8470785737341444,0.7776432253279488,1
FARM_03,FARM_03_C018,0.21728841338328347,0.5927958618621897,16,3,0.4499999999999999,1.040909090909091,0.7662363475846762,0.8148196674514067,0.7846980091340338,1
FARM_03,FARM_03_C019,0.21027985263313656,0.6464564476800242,17,4,0.4499999999999999,1.040909090909091,0.7452878819906885,0.8957439704157806,0.8024611955922235,0
FARM_03,FARM_03_C020,0.21660025444093853,0.6746473029878381,16,1,0.4499999999999999,1.040909090909091,0.791617639666597,0.8605803740897613,0.8178234787473995,0
FARM_03,FARM_03_C021,0.2368644251985348,0.7566452967725084,25,2,0.4499999999999999,1.040909090909091,0.7030341593500788,0.7951644267781688,0.738043660972753,1
FARM_03,FARM_03_C022,0.24509090379497034,0.6955109130265075,22,4,0.4499999999999999,1.040909090909091,0.7518123834475864,0.8432075730261693,0.7865425554874479,0
FARM_03,FARM_03_C023,0.2560956953608644,0.8430533562544849,29,3,0.4499999999999999,1.040909090909091,0.6559242103590237,0.791755487618711,0.7075400957177049,1
FARM_03,FARM_03_C024,0.24413159608754906,0.847057544426427,25,3,0.4499999999999999,1.040909090909091,0.7998947153307815,0.8472215897184977,0.8178789275981136,0
FARM_03,FARM_03_C025,0.24337643404943032,0.7659715954135109,20,3,0.4499999999999999,1.040909090909091,0.6976432937657401,0.833302246338402,0.7491936957433516,1
FARM_03,FARM_03_C026,0.24750951910976304,0.8095083711803558,22,8,0.4499999999999999,1.040909090909091,0.7017107525204775,0.8433694609442489,0.7555410617215107,1
FARM_03,FARM_03_C027,0.23319213223801735,0.7717668762369274,17,5,0.4499999999999999,1.040909090909091,0.7520354948832817,0.8404695174538996,0.7856404234601164,1
FARM_03,FARM_03_C028,0.2188012428335196,0.5607153720882053,12,4,0.4499999999999999,1.040909090909091,0.7866817908082535,0.8436253034966681,0.808320325629851,0
FARM_03,FARM_03_C029,0.24381300740110667,0.7056418114555595,16,7,0.4499999999999999,1.040909090909091,0.7018525969730266,0.8486040061675578,0.7576181324669484,1
FARM_03,FARM_03_C030,0.2208281711809938,0.7024699192200465,10,6,0.4499999999999999,1.040909090909091,0.7501686447088952,0.8552444229370479,0.7900974404355933,0
FARM_03,FARM_03_C031,0.19769605502358506,0.6184747170289878,7,9,0.4499999999999999,1.040909090909091,0.7712028870099806,0.8700253800508267,0.8087554343655021,0
FARM_03,FARM_03_C032,0.19566702373474482,0.5993027335178058,12,3,0.4499999999999999,1.040909090909091,0.8016330726014961,0.8842062920101136,0.8330108959767707,0
FARM_03,FARM_03_C033,0.20657292971045577,0.7182241592909522,11,7,0.4499999999999999,1.040909090909091,0.7217887198787164,0.8422035094987788,0.7675463399343401,1
FARM_03,FARM_03_C034,0.19198044545283066,0.6384023854670593,7,3,0.4499999999999999,1.040909090909091,0.720378560560539,0.86824096079334,0.7765662726490034,1
FARM_03,FARM_03_C035,0.19542583513045161,0.6017701127320986,11,2,0.4499999999999999,1.040909090909091,0.7900178497738571,0.8085550530287307,0.7970619870107091,0
FARM_03,FARM_03_C036,0.19659722081845915,0.680805731722279,8,8,0.4499999999999999,1.040909090909091,0.8084649256134524,0.8716070910925486,0.8324589484955089,0
FARM_03,FARM_03_C037,0.21547082965415115,0.6332458244130188,14,3,0.4499999999999999,1.040909090909091,0.732266820784288,0.8201063658911986,0.765645847924914,1
FARM_03,FARM_03_C038,0.21214622933427618,0.7091364575548981,15,6,0.4499999999999999,1.040909090909091,0.7653130548747381,0.8843046251622126,0.8105298515839785,0
FARM_03,FARM_03_C039,0.2110693690150339,0.6378358592331512,15,5,0.4499999999999999,1.040909090909091,0.8261922190583159,0.9150883931845817,0.859972765226297,0
FARM_03,FARM_03_C040,0.21682144963972777,0.74255371324287,20,4,0.4499999999999999,1.040909090909091,0.8203426903799353,0.8614420343503232,0.8359604410886827,0
FARM_03,FARM_03_C041,0.21654339026319083,0.7372927180121305,18,8,0.4499999999999999,1.040909090909091,0.8015625600248619,0.851820690736539,0.8206606496952992,0
FARM_03,FARM_03_C042,0.24136167855264082,0.6803721094495543,24,7,0.4499999999999999,1.040909090909091,0.7270681527429594,0.7955962023302725,0.7531088115861384,1
FARM_03,FARM_03_C043,0.2229070017078482,0.6418057518733373,19,3,0.4499999999999999,1.040909090909091,0.7516252674638172,0.8295733897390679,0.7812455539284124,1
FARM_03,FARM_03_C044,0.2347295288306755,0.7931959296939182,20,4,0.4499999999999999,1.040909090909091,0.7139364104380347,0.8496947404995954,0.7655245758614277,1
FARM_03,FARM_03_C045,0.25398980922838027,0.7108519499902383,30,4,0.4499999999999999,1.040909090909091,0.7209728122148479,0.826889523488951,0.7612211624990071,1
FARM_03,FARM_03_C046,0.2357470781944163,0.6092817465367485,19,2,0.4499999999999999,1.040909090909091,0.7549932937692964,0.8530767019177354,0.7922649888657032,0
FARM_03,FARM_03_C047,0.24810361583085652,0.7473180644438547,24,6,0.4499999999999999,1.040909090909091,0.7543309897105134,0.819217817993882,0.7789879844581935,1
FARM_03,FARM_03_C048,0.20523814361111486,0.5639900852920826,13,0,0.4499999999999999,1.040909090909091,0.8247975467698178,0.9090473218814831,0.8568124613122506,0
FARM_03,FARM_03_C049,0.22197958730338854,0.578074657902188,10,3,0.4499999999999999,1.040909090909091,0.7606488734552824,0.8779766792875335,0.8052334396715379,0
FARM_03,FARM_03_C050,0.21159795998739553,0.6527545754794272,13,1,0.4499999999999999,1.040909090909091,0.7154067923663943,0.8434674128690793,0.7640698281574145,1
FARM_03,FARM_03_C051,0.20712227169809674,0.597341930285872,5,1,0.4499999999999999,1.040909090909091,0.8638130081625157,0.8552737442660108,0.8605680878818438,0
FARM_03,FARM_03_C052,0.20973073144276103,0.6049979624679178,11,3,0.4499999999999999,1.040909090909091,0.7958122454400411,0.8908764728446372,0.8319366518537876,0
FARM_03,FARM_03_C053,0.19766530497899235,0.656575199451999,9,2,0.4499999999999999,1.040909090909091,0.7840425310742158,0.8879467291916783,0.8235261263588516,0
FARM_03,FARM_03_C054,0.20003445777209758,0.593008588336734,8,3,0.4499999999999999,1.040909090909091,0.7221807681657925,0.8692916074000305,0.7780828870748029,1
FARM_03,FARM_03_C055,0.19885066527742262,0.6340616989870065,9,5,0.4499999999999999,1.040909090909091,0.8094485742893266,0.839470371790424,0.8208568573397437,0
FARM_03,FARM_03_C056,0.2024870359995074,0.6841967123708975,9,3,0.4499999999999999,1.040909090909091,0.7857892388139677,0.8473893499921235,0.8091972810616669,0
FARM_03,FARM_03_C057,0.18648500737427484,0.5399813350424766,7,2,0.4499999999999999,1.040909090909091,0.7656987389935871,0.8724411695858271,0.8062608626186383,0
FARM_03,FARM_03_C058,0.2136168563036437,0.635800454048811,13,7,0.4499999999999999,1.040909090909091,0.8066534445530965,0.8590864950408039,0.8265780037384254,0
FARM_03,FARM_03_C059,0.1894782087386089,0.6223616629596121,13,3,0.4499999999999999,1.040909090909091,0.7906606301875124,0.8351561450497843,0.8075689258351757,0
FARM_03,FARM_03_C060,0.1918941856117381,0.7185723966469657,11,4,0.4499999999999999,1.040909090909091,0.7517415259530094,0.8052213340204792,0.7720638530186479,1
FARM_03,FARM_03_C061,0.21184333167264308,0.6977095989441879,15,3,0.4499999999999999,1.040909090909091,0.7710837595899848,0.8106416016923836,0.7861157395888962,1
FARM_03,FARM_03_C062,0.20986503229357595,0.7085046913294955,21,8,0.4499999999999999,1.040909090909091,0.8203149183227879,0.8789700033381217,0.8426038506286146,0
FARM_03,FARM_03_C063,0.22655033482249123,0.6613316572229222,18,8,0.4499999999999999,1.040909090909091,0.8223722344731796,0.8023596584029522,0.8147674555664932,0
FARM_03,FARM_03_C064,0.23954050915789976,0.7319462970355745,24,8,0.4499999999999999,1.040909090909091,0.7399682525794822,0.7808992328649582,0.7555220250879631,1
FARM_03,FARM_03_C065,0.21917592648985595,0.5544432085081816,21,3,0.4499999999999999,1.040909090909091,0.7188528121179578,0.8345282703965123,0.7628094862638086,1
FARM_03,FARM_03_C066,0.24744339828451647,0.7963622536955324,25,2,0.4499999999999999,1.040909090909091,0.6835119682642484,0.7889013474154665,0.7235599323417112,1
FARM_03,FARM_03_C067,0.24510934384343294,0.7318135390234195,24,5,0.4499999999999999,1.040909090909091,0.7008928085446753,0.8098975937091668,0.7423146269071821,1
FARM_03,FARM_03_C068,0.23718452788661482,0.8201903486189669,15,4,0.4499999999999999,1.040909090909091,0.7474424354250458,0.8288182592871728,0.7783652484926541,1
FARM_03,FARM_03_C069,0.23521850787008816,0.7363260629672228,21,3,0.4499999999999999,1.040909090909091,0.8392897885163175,0.8251037731263692,0.8338991026681372,0
FARM_03,FARM_03_C070,0.229202777996341,0.6813219388465611,16,8,0.4499999999999999,1.040909090909091,0.7345150741917906,0.856163061795319,0.7807413094811314,1
FARM_03,FARM_03_C071,0.22823722088367387,0.7769332032688201,14,3,0.4499999999999999,1.040909090909091,0.7585787290728994,0.8356661039007416,0.7878719315074794,0
FARM_03,FARM_03_C072,0.23333147515585181,0.6318802708510702,19,8,0.4499999999999999,1.040909090909091,0.7751135754176187,0.832990779895168,0.7971069131190874,0
FARM_03,FARM_03_C073,0.21559097641987657,0.826528491969301,14,8,0.4499999999999999,1.040909090909091,0.7231579463590915,0.8531426470150802,0.7725521326083672,1
FARM_03,FARM_03_C074,0.20162413740640409,0.6493319360312211,14,5,0.4499999999999999,1.040909090909091,0.8430411458585209,0.8544696193793759,0.8473839657964458,0
FARM_03,FARM_03_C075,0.21363702271804355,0.6041644309992578,12,2,0.4499999999999999,1.040909090909091,0.7281550541355873,0.8165067735553039,0.7617287075150796,1
FARM_03,FARM_03_C076,0.21542516635330564,0.6395929916741232,17,4,0.4499999999999999,1.040909090909091,0.7505050306373565,0.7977961362270332,0.7684756507614336,1
FARM_03,FARM_03_C077,0.20052434182719392,0.7312249803450851,9,3,0.4499999999999999,1.040909090909091,0.7984703375212822,0.8410359516756242,0.8146452708999321,0
FARM_03,FARM_03_C078,0.20451204698635833,0.6139446692513693,17,2,0.4499999999999999,1.040909090909091,0.8219731679633465,0.8911272927882616,0.8482517353968142,0
FARM_03,FARM_03_C079,0.19896967895932377,0.7742676706285817,8,5,0.4499999999999999,1.040909090909091,0.8197094355943686,0.9102094293377764,0.8540994332168637,0
FARM_03,FARM_03_C080,0.19842718968851084,0.7108077823870548,9,8,0.4499999999999999,1.040909090909091,0.8143265385889338,0.8285772700112232,0.8197418165294037,0
FARM_04,FARM_04_C001,0.2288888568005303,0.6621077627281802,20,5,0.5,0.9863636363636364,0.8329039340287936,0.8561761573431399,0.8417473788882452,0
FARM_04,FARM_04_C002,0.23421304825854306,0.6888476724886599,19,4,0.5,0.9863636363636364,0.729360430286135,0.8266616295163618,0.7663348859936212,1
FARM_04,FARM_04_C003,0.24188303789454105,0.694184048309805,23,4,0.5,0.9863636363636364,0.7579025281329422,0.8598182852339837,0.796630515831338,0
FARM_04,FARM_04_C004,0.2232383044541898,0.5587669976614382,14,4,0.5,0.9863636363636364,0.7719547564449398,0.8768873499141842,0.8118291419632526,0
FARM_04,FARM_04_C005,0.210415337538528,0.7746845511276431,10,1,0.5,0.9863636363636364,0.788412703435908,0.8687213869279007,0.8189300031628652,0
FARM_04,FARM_04_C006,0.22080808877280575,0.6963007634728103,15,4,0.5,0.9863636363636364,0.7234496822008847,0.8860705911519188,0.7852456276022777,1
FARM_04,FARM_04_C007,0.2063820551633898,0.6963926638627254,10,3,0.5,0.9863636363636364,0.757321421434494,0.8263027381196573,0.783534321774856,1
FARM_04,FARM_04_C008,0.20097283245370387,0.5816005273665399,11,2,0.5,0.9863636363636364,0.7037576217735492,0.8253958900278417,0.7499801637101804,1
FARM_04,FARM_04_C009,0.19243871953557798,0.7203966989371423,9,4,0.5,0.9863636363636364,0.7704236133308392,0.8266373168657614,0.7917848206741096,0
FARM_04,FARM_04_C010,0.1828160265143103,0.6412241092994896,3,2,0.5,0.9863636363636364,0.8078664594141757,0.823389090021978,0.8137650590451405,0
FARM_04,FARM_04_C011,0.18525426711365817,0.5813312536901857,8,4,0.5,0.9863636363636364,0.7714673008800957,0.8866638403303907,0.8152419858712079,0
FARM_04,FARM_04_C012,0.1818361901101178,0.636658927152798,9,4,0.5,0.9863636363636364,0.7645280274508738,0.8637699619102676,0.8022399625454435,0
FARM_04,FARM_04_C013,0.19941952348613573,0.6781266885285658,12,4,0.5,0.9863636363636364,0.7741488554996607,0.9134094214932398,0.8270678705772208,0
FARM_04,FARM_04_C014,0.1793888621753606,0.6402372849083802,11,5,0.5,0.9863636363636364,0.8087198880888713,0.8548592235537256,0.8262528355655159,0
FARM_04,FARM_04_C015,0.17458318865003303,0.6862379027131086,9,4,0.5,0.9863636363636364,0.7673197929582609,0.90036772520706,0.8178780072128046,0
FARM_04,FARM_04_C016,0.1822056515030602,0.8091133907952621,8,7,0.5,0.9863636363636364,0.7941808095035457,0.8463820740617467,0.8140172900356621,0
FARM_04,FARM_04_C017,0.17534871461354812,0.5749658199712661,10,1,0.5,0.9863636363636364,0.8357887827503273,0.8687496981840385,0.8483139306151375,0
FARM_04,FARM_04_C018,0.182284811039326,0.637426348077309,12,4,0.5,0.9863636363636364,0.8372696918070152,0.8610637113600935,0.846311419237185,0
FARM_04,FARM_04_C019,0.19048062429070384,0.6522687136113527,11,1,0.5,0.9863636363636364,0.8001334223084903,0.8791194681934198,0.8301481197447635,0
FARM_04,FARM_04_C020,0.21038783006814812,0.6409580490800488,18,5,0.5,0.9863636363636364,0.725458172001458,0.8872763043359068,0.7869490622885486,0
FARM_04,FARM_04_C021,0.22409858944003355,0.6518095474601138,24,3,0.5,0.9863636363636364,0.79650156895828,0.8714100004740173,0.8249667729342601,0
FARM_04,FARM_04_C022,0.23533315608789723,0.714010196705961,18,8,0.5,0.9863636363636364,0.7209991899323837,0.8360697769510482,0.7647260129994762,1
FARM_04,FARM_04_C023,0.21819293444610818,0.7321216281582296,18,7,0.5,0.9863636363636364,0.7179988362380334,0.859220111248774,0.7716629207421148,1
FARM_04,FARM_04_C024,0.23055349234617903,0.7260664545384068,24,8,0.5,0.9863636363636364,0.7261267813325082,0.830179956706551,0.7656669879746445,1
FARM_04,FARM_04_C025,0.23621264442960488,0.6662501150844646,21,4,0.5,0.9863636363636364,0.7305364038091335,0.8143433123308371,0.762383029047381,1
FARM_04,FARM_04_C026,0.22206935646204762,0.6272723193107532,18,0,0.5,0.9863636363636364,0.7566369978014671,0.8881971640995817,0.8066298609947506,0
FARM_04,FARM_04_C027,0.2086776306201929,0.6301932797108222,13,4,0.5,0.9863636363636364,0.7209460310202827,0.8546648983384477,0.7717592006011854,1
FARM_04,FARM_04_C028,0.21291488215754403,0.6788917116196779,15,3,0.5,0.9863636363636364,0.7169912730575826,0.8739016904123866,0.7766172316524081,1
FARM_04,FARM_04_C029,0.20599231699749318,0.5304349112712909,7,2,0.5,0.9863636363636364,0.7821288737427867,0.8370341751804156,0.8029928882890858,0
FARM_04,FARM_04_C030,0.19786351755276613,0.6729853386856143,12,3,0.5,0.9863636363636364,0.751434583357215,0.864283830491207,0.794317297268132,0
FARM_04,FARM_04_C031,0.204195802934963,0.7183220970584268,13,7,0.5,0.9863636363636364,0.7961066967708731,0.8947949331515292,0.8336082265955225,0
FARM_04,FARM_04_C032,0.18160659721399186,0.646027428439979,8,7,0.5,0.9863636363636364,0.7717763332593925,0.9138593995406588,0.8257678984462737,0
FARM_04,FARM_04_C033,0.16278851675475137,0.5661889811372043,6,3,0.5,0.9863636363636364,0.7931960096864618,0.8900294465397018,0.829992715690693,0
FARM_04,FARM_04_C034,0.18823066413036066,0.7213458898618922,7,5,0.5,0.9863636363636364,0.8149985443719729,0.8366659208210521,0.823232147422623,0
FARM_04,FARM_04_C035,0.1818408836330218,0.618070851607682,8,4,0.5,0.9863636363636364,0.8393869346297723,0.8607125944569863,0.8474906853641136,0
FARM_04,FARM_04_C036,0.17387492298017065,0.6877733654514372,10,3,0.5,0.9863636363636364,0.7373719332612694,0.9212358246117637,0.8072402119744573,0
FARM_04,FARM_04_C037,0.19540246127884303,0.5889326932786954,11,6,0.5,0.9863636363636364,0.7626440748666288,0.8559009404850008,0.7980816838016102,0
FARM_04,FARM_04_C038,0.1982753616740466,0.668967169465593,12,1,0.5,0.9863636363636364,0.7688573046418385,0.896477414077436,0.8173529462273657,0
FARM_04,FARM_04_C039,0.19194625689193645,0.6526590257589717,13,4,0.5,0.9863636363636364,0.780732904906673,0.87925257037409,0.8181703777842915,0
FARM_04,FARM_04_C040,0.20914099302488592,0.7013342967779594,21,2,0.5,0.9863636363636364,0.7564174450938702,0.8889968590475341,0.8067976223962625,0
FARM_04,FARM_04_C041,0.21168863379341324,0.7418323950572128,16,7,0.5,0.9863636363636364,0.7199588070842676,0.8916949417044681,0.7852185382399438,1
FARM_04,FARM_04_C042,0.21863453031682,0.6798100583843073,23,4,0.5,0.9863636363636364,0.7470255016793742,0.8412626210315477,0.7828356070332001,1
FARM_04,FARM_04_C043,0.22010048351436617,0.7333828027017029,21,5,0.5,0.9863636363636364,0.7627495307501786,0.825412662987127,0.786561521000219,0
FARM_04,FARM_04_C044,0.2461066652537897,0.7712668749022165,23,3,0.5,0.9863636363636364,0.7252491912514846,0.7917310804222393,0.7505123091363713,1
FARM_04,FARM_04_C045,0.21869671013111955,0.5911535242592467,18,0,0.5,0.9863636363636364,0.7691819114483882,0.8699627569416312,0.8074786327358205,0
FARM_04,FARM_04_C046,0.21339738926165167,0.7331799317633393,17,6,0.5,0.9863636363636364,0.809516873899961,0.8653652351479628,0.8307392511742017,0
FARM_04,FARM_04_C047,0.22975772727406857,0.6441168502027818,22,1,0.5,0.9863636363636364,0.770817316395847,0.8766320672629625,0.811026921725351,0
FARM_04,FARM_04_C048,0.20826176907032581,0.5543260848356075,13,1,0.5,0.9863636363636364,0.7785949339494257,0.8579427309278435,0.8087470968012245,0
FARM_04,FARM_04_C049,0.20921864403911547,0.5813503208261511,13,2,0.5,0.9863636363636364,0.7962810838156842,0.8764761950827687,0.8267552260971763,0
FARM_04,FARM_04_C050,0.1987777671796633,0.6410416200451399,11,4,0.5,0.9863636363636364,0.746156339263647,0.8314483689862411,0.7785673105582327,1
FARM_04,FARM_04_C051,0.1935670450851802,0.6125685233751091,10,4,0.5,0.9863636363636364,0.764577752794952,0.8714269329307519,0.805180441246556,0
FARM_04,FARM_04_C052,0.19618884183305205,0.6173945946037996,8,4,0.5,0.9863636363636364,0.8414248539778741,0.8712066551424762,0.8527419384204229,0
FARM_04,FARM_04_C053,0.19230521361312514,0.6760884484880526,9,3,0.5,0.9863636363636364,0.7908248184933244,0.8755816114341282,0.8230323998108298,0
FARM_04,FARM_04_C054,0.18597961767849833,0.6391957810653602,8,3,0.5,0.9863636363636364,0.7901417165137579,0.8879791499305203,0.8273199412121276,0
FARM_04,FARM_04_C055,0.1705350399784637,0.6643801803426556,6,1,0.5,0.9863636363636364,0.787573772280168,0.8291566385749742,0.8033752614721943,0
FARM_04,FARM_04_C056,0.18110812390269176,0.6415377004225622,10,3,0.5,0.9863636363636364,0.7341757983872952,0.8461816284474739,0.7767380138101632,1
FARM_04,FARM_04_C057,0.16864208301876357,0.5419375572148923,7,2,0.5,0.9863636363636364,0.7964270744478609,0.8729717085278281,0.8255140353982484,0
FARM_04,FARM_04_C058,0.18055973731691052,0.6477419389268708,8,3,0.5,0.9863636363636364,0.7987658472730464,0.8569254966587163,0.820866514039601,0
FARM_04,FARM_04_C059,0.1943363324745086,0.7515146406629342,14,3,0.5,0.9863636363636364,0.7193124957760795,0.8666161704236255,0.775287892142147,1
FARM_04,FARM_04_C060,0.17990473278812258,0.7127997704018044,6,2,0.5,0.9863636363636364,0.7443456437563644,0.8736025982147687,0.793463286450558,0
FARM_04,FARM_04_C061,0.19637398152212196,0.6563213976867339,13,2,0.5,0.9863636363636364,0.7821807873009095,0.8383184513486486,0.8035130996390503,0
FARM_04,FARM_04_C062,0.19270024912669886,0.6255396765679417,14,5,0.5,0.9863636363636364,0.8116494980462264,0.9167469578639347,0.8515865327769556,0
FARM_04,FARM_04_C063,0.20525518840223764,0.6975952133215728,15,2,0.5,0.9863636363636364,0.7734014703745112,0.8711673884203912,0.8105525192319456,0
FARM_04,FARM_04_C064,0.22407315591686927,0.6346560722785604,21,4,0.5,0.9863636363636364,0.7483162229750843,0.8451397442899381,0.7851091610747287,1
FARM_04,FARM_04_C065,0.22842220934587334,0.7793668275571894,18,4,0.5,0.9863636363636364,0.6800925455096498,0.8195830206373136,0.733098926058162,1
FARM_04,FARM_04_C066,0.2519625147025582,0.6720772785085845,30,5,0.5,0.9863636363636364,0.7399531860794266,0.8119823130828899,0.7673242543407427,1
FARM_04,FARM_04_C067,0.23573910377098303,0.7135653936214692,28,4,0.5,0.9863636363636364,0.7591767967085398,0.8251735015839048,0.7842555445611785,1
FARM_04,FARM_04_C068,0.22982009189240835,0.6032474225287928,22,1,0.5,0.9863636363636364,0.7711289073625833,0.8719423516952489,0.8094380162089962,0
FARM_04,FARM_04_C069,0.2381360679030604,0.7126655806895235,20,4,0.5,0.9863636363636364,0.8005420256393966,0.8359263151196953,0.8139880556419101,0
FARM_04,FARM_04_C070,0.21631326949558496,0.6519253290779539,16,4,0.5,0.9863636363636364,0.7921777612245803,0.8558739312013603,0.8163823058157567,0
FARM_04,FARM_04_C071,0.1995437016000196,0.5922443693440301,14,2,0.5,0.9863636363636364,0.7984405267840685,0.8336594560373776,0.811823719900326,0
FARM_04,FARM_04_C072,0.19576944578063518,0.604827905712457,15,2,0.5,0.9863636363636364,0.7985152783814568,0.9187773830293591,0.8442148781476597,0
FARM_04,FARM_04_C073,0.19442627965525452,0.7409094621355528,11,4,0.5,0.9863636363636364,0.6877629180964142,0.9268857093428362,0.7786295787700546,1
FARM_04,FARM_04_C074,0.18754358789513376,0.6736252749353413,5,2,0.5,0.9863636363636364,0.8082204056687364,0.8753677001899326,0.833736377586791,0
FARM_04,FARM_04_C075,0.17426589950689914,0.5443866359038958,2,2,0.5,0.9863636363636364,0.7772639140310823,0.863203773983543,0.8099210608130174,0
FARM_04,FARM_04_C076,0.1784877645003577,0.6158173861936797,8,2,0.5,0.9863636363636364,0.8335298387683829,0.896228228184741,0.857355226746599,0
FARM_04,FARM_04_C077,0.18814539929397103,0.5734797195011947,8,6,0.5,0.9863636363636364,0.8139443768487951,0.8366358257470883,0.8225671274301465,0
FARM_04,FARM_04_C078,0.16396129465457662,0.5446708870726952,3,1,0.5,0.9863636363636364,0.8246271682702675,0.9072711441599486,0.8560318791083463,0
FARM_04,FARM_04_C079,0.17040140518819408,0.5859353481676689,9,1,0.5,0.9863636363636364,0.8427971261813858,0.8622980395431511,0.8502074732588566,0
FARM_04,FARM_04_C080,0.19546313057335896,0.7677810854586764,13,5,0.5,0.9863636363636364,0.7467798364136913,0.817782258498664,0.773760756805981,1
FARM_05,FARM_05_C001,0.20768446446355512,0.6480619609560285,18,0,0.55,0.9318181818181818,0.748159737065714,0.8752637708382164,0.796459269899265,0
FARM_05,FARM_05_C002,0.20129457848810606,0.6769379960241322,18,1,0.55,0.9318181818181818,0.7661320542294037,0.8530463149824188,0.7991594733155494,0
FARM_05,FARM_05_C003,0.21866960770286653,0.6270290012244422,17,0,0.55,0.9318181818181818,0.775550604939117,0.8639739321250449,0.8091514692697697,0
FARM_05,FARM_05_C004,0.2173858762883817,0.6295838315166364,19,5,0.55,0.9318181818181818,0.8057793495864005,0.8482748054173276,0.8219276228021528,0
FARM_05,FARM_05_C005,0.20813705236929564,0.7203457443524919,18,5,0.55,0.9318181818181818,0.7343835962191798,0.8410062031125333,0.774900186838654,1
FARM_05,FARM_05_C006,0.18868538448781763,0.621396150777423,11,2,0.55,0.9318181818181818,0.7768105115541459,0.8860830055704004,0.8183340592803227,0
FARM_05,FARM_05_C007,0.18918326788164103,0.6438395235308129,10,1,0.55,0.9318181818181818,0.7833407883442853,0.8577685216482924,0.811623326999808,0
FARM_05,FARM_05_C008,0.17721553357769138,0.6011278021249303,5,3,0.55,0.9318181818181818,0.8126773948236682,0.9081637260917262,0.8489622007055302,0
FARM_05,FARM_05_C009,0.1809064794783186,0.7497335563362406,4,6,0.55,0.9318181818181818,0.7806376727268562,0.9102596890092545,0.8298940389141676,0
FARM_05,FARM_05_C010,0.174887926116264,0.5937348296557756,7,0,0.55,0.9318181818181818,0.8007516306833012,0.8445643178828244,0.81740045181912,0
FARM_05,FARM_05_C011,0.1767403995047401,0.6788245862231091,6,4,0.55,0.9318181818181818,0.7584727658055015,0.9254683885289019,0.8219311024403937,0
FARM_05,FARM_05_C012,0.16217046972218918,0.7258843339323762,4,1,0.55,0.9318181818181818,0.8124282966959956,0.9101347832663377,0.8495567615927255,0
FARM_05,FARM_05_C013,0.15716790760995192,0.5732788255120338,6,3,0.55,0.9318181818181818,0.8035371270632761,0.8935595563530597,0.8377456501933939,0
FARM_05,FARM_05_C014,0.17033116513762234,0.5783119237739516,7,1,0.55,0.9318181818181818,0.8293369373892955,0.8941363806113344,0.8539607258136703,0
FARM_05,FARM_05_C015,0.17028084162822263,0.6511623323646306,10,3,0.55,0.9318181818181818,0.744487474811391,0.8565712386886225,0.7870793050847389,0
FARM_05,FARM_05_C016,0.1724826223844888,0.5401300296187549,5,2,0.55,0.9318181818181818,0.8116013548303626,0.8832678107543535,0.838834608081479,0
FARM_05,FARM_05_C017,0.19186865286214325,0.7003777873457475,12,3,0.55,0.9318181818181818,0.7461548961306231,0.9195965165213368,0.8120627118790944,0
FARM_05,FARM_05_C018,0.17668668866889253,0.7453624887186543,11,3,0.55,0.9318181818181818,0.7763531659733637,0.8989616908819662,0.8229444054386327,0
FARM_05,FARM_05_C019,0.17600468148148588,0.6519627568231262,9,1,0.55,0.9318181818181818,0.8301283517986076,0.8605147137103919,0.8416751693250856,0
FARM_05,FARM_05_C020,0.18435433742051596,0.5544517755461605,13,1,0.55,0.9318181818181818,0.8247142208529272,0.8802779484179213,0.845828437327625,0
FARM_05,FARM_05_C021,0.18996744751716627,0.8469953445777525,15,3,0.55,0.9318181818181818,0.7809324272168844,0.8986870346674478,0.8256791780480985,0
FARM_05,FARM_05_C022,0.20559059937582339,0.6201381343556495,12,3,0.55,0.9318181818181818,0.7698776812064384,0.8539658397877624,0.8018311814673416,0
FARM_05,FARM_05_C023,0.2063969575601442,0.6516883664389825,16,0,0.55,0.9318181818181818,0.7961248173220346,0.8481681322010408,0.815901276976057,0
FARM_05,FARM_05_C024,0.21848653925394615,0.6049430928329981,17,3,0.55,0.9318181818181818,0.8225281202756507,0.8385659741141649,0.8286225047342861,0
FARM_05,FARM_05_C025,0.22008281007157882,0.7140474945297723,19,5,0.55,0.9318181818181818,0.7741060181107413,0.8686366140647466,0.8100276445732633,0
FARM_05,FARM_05_C026,0.21533008694130146,0.5936090390129033,22,1,0.55,0.9318181818181818,0.7185903491217466,0.8870614525063444,0.7826093684078937,1
FARM_05,FARM_05_C027,0.20008165976910336,0.5906909107910073,9,3,0.55,0.9318181818181818,0.8221597723172218,0.8640873771270893,0.8380922621449713,0
FARM_05,FARM_05_C028,0.2011855764887795,0.5468268136690514,11,1,0.55,0.9318181818181818,0.7839213540420574,0.8554760364393897,0.8111121333530437,0
FARM_05,FARM_05_C029,0.1725181064329308,0.44445588214748133,4,1,0.55,0.9318181818181818,0.7712292603762606,0.901940774460162,0.8208996357281431,0
FARM_05,FARM_05_C030,0.16586049777705944,0.5074312534479708,7,0,0.55,0.9318181818181818,0.7983623663632822,0.8753872225449281,0.8276318117123076,0
FARM_05,FARM_05_C031,0.16336491441021664,0.5224223330166267,8,3,0.55,0.9318181818181818,0.7907986189369299,0.8796901246955305,0.8245773911251981,0
FARM_05,FARM_05_C032,0.17289862707504444,0.5646601100990243,8,1,0.55,0.9318181818181818,0.8524053387278606,0.8586512335029809,0.8547787787424064,0
FARM_05,FARM_05_C033,0.15935737436601058,0.6647109329549964,4,2,0.55,0.9318181818181818,0.790889323356258,0.8972943936335388,0.8313232500616247,0
FARM_05,FARM_05_C034,0.15966296190681276,0.6650116947783378,3,4,0.55,0.9318181818181818,0.8379283376359726,0.9209734136441216,0.8694854665190692,0
FARM_05,FARM_05_C035,0.1705654913044044,0.5782754853149467,3,3,0.55,0.9318181818181818,0.832244776727283,0.8705224527057593,0.8467902935991041,0
FARM_05,FARM_05_C036,0.1758316643303881,0.6652614513281738,12,4,0.55,0.9318181818181818,0.7322279873243988,0.874421868693932,0.7862616622448214,1
FARM_05,FARM_05_C037,0.14703961343567595,0.504337629051083,5,0,0.55,0.9318181818181818,0.8976667661804013,0.9017285611744119,0.8992102482781255,0
FARM_05,FARM_05_C038,0.17736868522987426,0.6273452165182188,9,2,0.55,0.9318181818181818,0.7626235752814546,0.9061238715110863,0.8171536878487147,0
FARM_05,FARM_05_C039,0.18563547741568714,0.6452294673275154,14,3,0.55,0.9318181818181818,0.7637428996116402,0.8795161534006972,0.8077367360514819,0
FARM_05,FARM_05_C040,0.17691180734046844,0.5000056400107045,9,0,0.55,0.9318181818181818,0.8288706901827789,0.8232061262192514,0.8267181558766384,0
FARM_05,FARM_05_C041,0.16906344885749755,0.5699818455172401,11,2,0.55,0.9318181818181818,0.8015629782009738,0.9128589947563941,0.8438554644920335,0
FARM_05,FARM_05_C042,0.20101642448442872,0.7397953190098866,18,2,0.55,0.9318181818181818,0.7831094291567234,0.8763056170979137,0.8185239805743758,0
FARM_05,FARM_05_C043,0.22674876254384493,0.5776310182943822,20,1,0.55,0.9318181818181818,0.7009419006799318,0.8470106002225937,0.7564480065061433,1
FARM_05,FARM_05_C044,0.20520540043206184,0.7074671608227829,19,3,0.55,0.9318181818181818,0.7870053777998481,0.8390453308630413,0.8067805599638616,0
FARM_05,FARM_05_C045,0.1999502014696856,0.6358620669118228,10,3,0.55,0.9318181818181818,0.8074027577942952,0.8880890218153547,0.8380635381222978,0
FARM_05,FARM_05_C046,0.21274142716341501,0.6507906240868513,17,1,0.55,0.9318181818181818,0.7547988248255534,0.884194049228871,0.803969010098814,0
FARM_05,FARM_05_C047,0.21946532736352722,0.7080476979824436,13,5,0.55,0.9318181818181818,0.7850934685852098,0.865273478837501,0.8155618724810805,0
FARM_05,FARM_05_C048,0.2083945838403376,0.600473124528997,15,2,0.55,0.9318181818181818,0.7587124281798604,0.8971827215043258,0.8113311396431573,0
FARM_05,FARM_05_C049,0.17720428287347953,0.547039709184435,9,2,0.55,0.9318181818181818,0.829305116325053,0.8241491440375339,0.8273458468557958,0
FARM_05,FARM_05_C050,0.19471679174007386,0.6470347684598037,9,1,0.55,0.9318181818181818,0.8078726685706582,0.8688856415079185,0.8310575982868171,0
FARM_05,FARM_05_C051,0.18105432987948353,0.541184826931182,9,3,0.55,0.9318181818181818,0.8551294454588179,0.9060494605875445,0.8744790512077341,0
FARM_05,FARM_05_C052,0.1841494753817387,0.5101392572115067,7,2,0.55,0.9318181818181818,0.8370655199720356,0.90143251166432,0.8615249768151036,0
FARM_05,FARM_05_C053,0.18858655956054107,0.5574485297014433,6,7,0.55,0.9318181818181818,0.8252844302599512,0.8857940405588244,0.8482780821735231,0
FARM_05,FARM_05_C054,0.16345745125321612,0.537920194761266,2,1,0.55,0.9318181818181818,0.8129731309025057,0.9020869185350109,0.8468363702028576,0
FARM_05,FARM_05_C055,0.14796259774188886,0.44953124253716503,1,0,0.55,0.9318181818181818,0.801609107128345,0.8806051336082276,0.8316275971907003,0
FARM_05,FARM_05_C056,0.14903391593326404,0.5441739871230596,4,1,0.55,0.9318181818181818,0.8881017309626393,0.9372799889473088,0.9067894689968137,0
FARM_05,FARM_05_C057,0.16143656945621707,0.6255566100366443,5,1,0.55,0.9318181818181818,0.7698910812941296,0.8877299043359502,0.8146698340500215,0
FARM_05,FARM_05_C058,0.16004631209140324,0.6545052075448783,9,6,0.55,0.9318181818181818,0.7770019951444946,0.8475973905231121,0.8038282453883693,0
FARM_05,FARM_05_C059,0.15952140508770124,0.48999518302411244,3,3,0.55,0.9318181818181818,0.7603074037574485,0.8779519547820493,0.8050123331467969,0
FARM_05,FARM_05_C060,0.16121915156112213,0.7751615663296257,9,1,0.55,0.9318181818181818,0.7822162681244365,0.8747915468204095,0.8173948740289062,0
FARM_05,FARM_05_C061,0.17936379777846287,0.5723892702292248,13,2,0.55,0.9318181818181818,0.7541391364284877,0.900461779829226,0.8097417409207683,0
FARM_05,FARM_05_C062,0.1838690375869811,0.6645368022660878,14,3,0.55,0.9318181818181818,0.7797530465095603,0.8749243382676144,0.8159181373776209,0
FARM_05,FARM_05_C063,0.21158112305587937,0.569876281557159,23,2,0.55,0.9318181818181818,0.7896959526829557,0.815169797649713,0.7993760137703234,0
FARM_05,FARM_05_C064,0.21084055938294327,0.6759941583138265,19,3,0.55,0.9318181818181818,0.7389938547966399,0.8981155636239283,0.7994601041510094,0
FARM_05,FARM_05_C065,0.21083227906807508,0.6946336487423741,20,3,0.55,0.9318181818181818,0.777986156493428,0.8500991026821415,0.8053890760451391,0
FARM_05,FARM_05_C066,0.21773576775968323,0.7897619241266,17,6,0.55,0.9318181818181818,0.8555112179700574,0.8150015071448119,0.8401175278564641,0
FARM_05,FARM_05_C067,0.20877878546681064,0.6073134955969781,17,1,0.55,0.9318181818181818,0.8175638300686697,0.8651381708177414,0.8356420795533169,0
FARM_05,FARM_05_C068,0.20736736104316555,0.6389446653415225,16,4,0.55,0.9318181818181818,0.7875555655467794,0.8525681626742534,0.8122603524552194,0
FARM_05,FARM_05_C069,0.22125667346302186,0.7434963502366319,18,4,0.55,0.9318181818181818,0.7799166083035988,0.8250712203618017,0.7970753608857158,0
FARM_05,FARM_05_C070,0.20877963812196307,0.6734097231176288,19,6,0.55,0.9318181818181818,0.7602447733906472,0.8137458158408498,0.7805751695217242,1
FARM_05,FARM_05_C071,0.18597309778652113,0.505148322354114,6,1,0.55,0.9318181818181818,0.7520567506378116,0.8839333643147849,0.8021698638350614,0
FARM_05,FARM_05_C072,0.18292113043635908,0.5776153834690245,8,3,0.55,0.9318181818181818,0.7497047164240187,0.8790205550703394,0.7988447351096206,0
FARM_05,FARM_05_C073,0.17676349434249614,0.6575114575507828,6,1,0.55,0.9318181818181818,0.7834953797193082,0.8851868847901856,0.8221381516462416,0
FARM_05,FARM_05_C074,0.17270540177801139,0.6565869896456182,6,2,0.55,0.9318181818181818,0.8115892019161538,0.8936994575046058,0.8427910990397656,0
FARM_05,FARM_05_C075,0.1495042704261725,0.47886789144833997,2,2,0.55,0.9318181818181818,0.7793512674013946,0.9411302650888853,0.840827286522641,0
FARM_05,FARM_05_C076,0.1747935362253338,0.6113774766410649,5,2,0.55,0.9318181818181818,0.7513055559523016,0.8824480329517052,0.801139697212075,0
FARM_05,FARM_05_C077,0.17712905571158813,0.6313829208340132,7,5,0.55,0.9318181818181818,0.8107278345211429,0.8372147879715337,0.8207928768322914,0
FARM_05,FARM_05_C078,0.14524048801274675,0.6414681352515154,2,3,0.55,0.9318181818181818,0.8438226285298746,0.8768631006097886,0.8563780079202419,0
FARM_05,FARM_05_C079,0.1735860217606109,0.5838387095432183,6,3,0.55,0.9318181818181818,0.7998939346103637,0.841935343381178,0.8158696699432733,0
FARM_05,FARM_05_C080,0.16871952368839024,0.6681824730342787,9,2,0.55,0.9318181818181818,0.8214419067050558,0.8542636637670672,0.8339141743886201,0
FARM_06,FARM_06_C001,0.1966654106763294,0.6997496460994195,15,4,0.6,0.8772727272727272,0.780962545520723,0.905282099156755,0.8282039759024151,0
FARM_06,FARM_06_C002,0.20211616665787352,0.5683907298378053,15,2,0.6,0.8772727272727272,0.8165008417439829,0.8742627225006829,0.8384503564315289,0
FARM_06,FARM_06_C003,0.19624184992193555,0.6492616348768184,10,1,0.6,0.8772727272727272,0.7795197496643841,0.8419003616996021,0.8032243822377669,0
FARM_06,FARM_06_C004,0.1858200983945414,0.6322422646830241,17,1,0.6,0.8772727272727272,0.7595888963440696,0.9036460478091003,0.8143306139007813,0
FARM_06,FARM_06_C005,0.1852179462661331,0.6727858730429476,11,3,0.6,0.8772727272727272,0.8127983030291203,0.8952008103423179,0.8441112558081354,0
FARM_06,FARM_06_C006,0.18775251480042018,0.5447264628408093,7,5,0.6,0.8772727272727272,0.8655374507703689,0.8722204829908947,0.8680770030141687,0
FARM_06,FARM_06_C007,0.16069215913986917,0.47873542655086854,1,2,0.6,0.8772727272727272,0.8668726492032142,0.9012457208827614,0.8799344164414422,0
FARM_06,FARM_06_C008,0.17392251369837303,0.5587034150213345,5,3,0.6,0.8772727272727272,0.7950355262136094,0.8943611647295965,0.8327792688496845,0
FARM_06,FARM_06_C009,0.1643809391488473,0.6381863543034085,7,2,0.6,0.8772727272727272,0.8536219336533436,0.8658557197412633,0.8582707723667531,0
FARM_06,FARM_06_C010,0.1501862366280277,0.5448426654857162,1,2,0.6,0.8772727272727272,0.7933539447449043,0.9235616456838646,0.8428328711017092,0
FARM_06,FARM_06_C011,0.15481454529785824,0.5709065846166934,5,1,0.6,0.8772727272727272,0.8330513069311802,0.8985927791805063,0.8579570663859242,0
FARM_06,FARM_06_C012,0.14002923472553833,0.642176741687254,4,3,0.6,0.8772727272727272,0.7946447505986709,0.9410753955211675,0.8502883956692197,0
FARM_06,FARM_06_C013,0.14038404690497466,0.47504790566826705,3,2,0.6,0.8772727272727272,0.8073331783581557,0.9167401916675787,0.8489078434157364,0
FARM_06,FARM_06_C014,0.1466483626511767,0.4946847044140523,4,1,0.6,0.8772727272727272,0.8281111297956025,0.8846080294146096,0.8495799516508253,0
FARM_06,FARM_06_C015,0.15735030819232515,0.5509783821428361,6,1,0.6,0.8772727272727272,0.873922238809538,0.8758262958593406,0.874645780488463,0
FARM_06,FARM_06_C016,0.14315162408442028,0.5943396282693881,6,3,0.6,0.8772727272727272,0.8652757991847676,0.9021358566721619,0.8792826210299775,0
FARM_06,FARM_06_C017,0.15948464456564748,0.6369424726894144,7,3,0.6,0.8772727272727272,0.7478788630980346,0.8946940099250492,0.8036686188923001,0
FARM_06,FARM_06_C018,0.17055620794460596,0.8039612694361082,7,1,0.6,0.8772727272727272,0.7569353987269598,0.8666581504514557,0.7986300443822683,0
FARM_06,FARM_06_C019,0.15913053420077777,0.6239109578239876,8,1,0.6,0.8772727272727272,0.8147804076314904,0.8977965380980115,0.8463265372087685,0
FARM_06,FARM_06_C020,0.18728311909758544,0.5949444973408107,12,1,0.6,0.8772727272727272,0.8247960224939599,0.8731134687774154,0.843156652081673,0
FARM_06,FARM_06_C021,0.19074446537506898,0.7257459228590021,11,2,0.6,0.8772727272727272,0.7615527171839466,0.8628296842840021,0.8000379646819678,0
FARM_06,FARM_06_C022,0.19136551839717472,0.6595082388717625,16,2,0.6,0.8772727272727272,0.7527399945487222,0.8737962071564651,0.7987413553396645,0
FARM_06,FARM_06_C023,0.19478381332025704,0.7609727033014527,15,4,0.6,0.8772727272727272,0.7268552011296764,0.891452278564565,0.789402090554934,0
FARM_06,FARM_06_C024,0.19495943444368094,0.6332415778267102,13,2,0.6,0.8772727272727272,0.8313468776564792,0.8479665377983311,0.8376623485103829,0
FARM_06,FARM_06_C025,0.20643074096231087,0.5997056571164259,7,2,0.6,0.8772727272727272,0.8223778247212549,0.8564034083236809,0.8353075464901767,0
FARM_06,FARM_06_C026,0.20001978459154018,0.6457684177993427,14,5,0.6,0.8772727272727272,0.7495261191487101,0.9015287749300757,0.8072871283456291,0
FARM_06,FARM_06_C027,0.17842394678886606,0.6466907318779991,6,2,0.6,0.8772727272727272,0.7791588513544885,0.9158104866698908,0.8310864727743414,0
FARM_06,FARM_06_C028,0.18981675530055928,0.6872607626694287,5,2,0.6,0.8772727272727272,0.8147851339018595,0.9263499689041912,0.8571797712027456,0
FARM_06,FARM_06_C029,0.17103825413792856,0.6260223802520963,8,1,0.6,0.8772727272727272,0.7882405714709237,0.906323394984843,0.833112044406213,0
FARM_06,FARM_06_C030,0.1821838689198864,0.5638847520733646,10,3,0.6,0.8772727272727272,0.7987924705641379,0.8760154333403257,0.8281371964190893,0
FARM_06,FARM_06_C031,0.15939793855416792,0.5415177277564396,3,0,0.6,0.8772727272727272,0.8303776454067068,0.875489707160965,0.8475202288733249,0
FARM_06,FARM_06_C032,0.16819400779788385,0.5028932791067601,7,1,0.6,0.8772727272727272,0.8360929552745093,0.8815858989552545,0.8533802738731924,0
FARM_06,FARM_06_C033,0.1353754302316623,0.4532597072681325,1,1,0.6,0.8772727272727272,0.8720157538888716,0.89575197505981,0.8810355179338282,0
FARM_06,FARM_06_C034,0.1478519749265967,0.4928215854919675,2,3,0.6,0.8772727272727272,0.9098669266933317,0.8702292178831919,0.8948045973454786,0
FARM_06,FARM_06_C035,0.15587342391552056,0.6726387548975077,2,5,0.6,0.8772727272727272,0.836515310445576,0.8574078356714021,0.84445447003139,0
FARM_06,FARM_06_C036,0.14483570060179182,0.7357153654996049,5,3,0.6,0.8772727272727272,0.8280905250980135,0.8760341708598135,0.8463091104874975,0
FARM_06,FARM_06_C037,0.1499291011329709,0.6989304803456922,4,4,0.6,0.8772727272727272,0.8201340612308373,0.9252299293293186,0.8600704911082602,0
FARM_06,FARM_06_C038,0.1562720633049463,0.6514861364371166,8,2,0.6,0.8772727272727272,0.83614076169038,0.8889444337746114,0.856206157082388,0
FARM_06,FARM_06_C039,0.17148825749977378,0.6420311049316691,8,5,0.6,0.8772727272727272,0.7819393429806221,0.8869405115821264,0.8218397870491938,0
FARM_06,FARM_06_C040,0.16706643613666744,0.5715486903450522,9,2,0.6,0.8772727272727272,0.7694334525373296,0.9005961347438908,0.8192752717758229,0
FARM_06,FARM_06_C041,0.18531001513340847,0.7143645308928843,11,3,0.6,0.8772727272727272,0.8250703812126026,0.8820300403110164,0.8467150516699997,0
FARM_06,FARM_06_C042,0.1902973601183741,0.6269524809471116,19,1,0.6,0.8772727272727272,0.7246031747447723,0.8674840473574111,0.7788979063375752,1
FARM_06,FARM_06_C043,0.18679374942396648,0.5927603771022907,14,2,0.6,0.8772727272727272,0.8709120864265143,0.8787018914808711,0.8738722123471699,0
FARM_06,FARM_06_C044,0.19297540905798566,0.5694651034820839,15,1,0.6,0.8772727272727272,0.8832383473632085,0.8568079026862073,0.873194778385948,0
FARM_06,FARM_06_C045,0.17959268065075668,0.5478775693032436,14,1,0.6,0.8772727272727272,0.8325469250540917,0.9024597216377397,0.8591137877558779,0
FARM_06,FARM_06_C046,0.1905465260935302,0.7147228240593664,13,4,0.6,0.8772727272727272,0.7730053286122469,0.8790366806713319,0.8132972423946991,0
FARM_06,FARM_06_C047,0.1976707044994139,0.6267787919039608,11,3,0.6,0.8772727272727272,0.7668513194988805,0.879485177212282,0.8096521854299731,0
FARM_06,FARM_06_C048,0.1833108454382465,0.6048934555192926,10,1,0.6,0.8772727272727272,0.7750857518426122,0.9266187065336229,0.8326682746251963,0
FARM_06,FARM_06_C049,0.16838096012640585,0.5485595027449898,7,2,0.6,0.8772727272727272,0.8052425307683655,0.9361069841694091,0.8549710230607621,0
FARM_06,FARM_06_C050,0.18091141323412208,0.6237950105228778,10,1,0.6,0.8772727272727272,0.882622589047509,0.9186905889182816,0.8963284289984026,0
FARM_06,FARM_06_C051,0.1837458107707849,0.7028863871624405,10,3,0.6,0.8772727272727272,0.7948079257982577,0.9065080677718756,0.8372539797482326,0
FARM_06,FARM_06_C052,0.15834375662333672,0.5124356222803275,2,2,0.6,0.8772727272727272,0.7679031867108933,0.9093813291936046,0.8216648808543237,0
FARM_06,FARM_06_C053,0.14791451967629465,0.5938649125992479,5,1,0.6,0.8772727272727272,0.8463435561176649,0.8862919024122412,0.8615239277096038,0
FARM_06,FARM_06_C054,0.16813068359941558,0.5449004253601113,3,0,0.6,0.8772727272727272,0.8137159247424998,0.8907431144894139,0.8429862568463271,0
FARM_06,FARM_06_C055,0.1292162357241434,0.359717154537034,0,0,0.6,0.8772727272727272,0.9065050940642138,0.9179681562257372,0.9108610576855927,0
FARM_06,FARM_06_C056,0.16926166768202933,0.6104411263379922,5,2,0.6,0.8772727272727272,0.8333252371950564,0.8622557813052595,0.8443188439569336,0
FARM_06,FARM_06_C057,0.1491898248170403,0.5356910949352379,4,0,0.6,0.8772727272727272,0.8319263753208876,0.8851016146437548,0.8521329662635773,0
FARM_06,FARM_06_C058,0.1406464243528806,0.5191587885077051,3,1,0.6,0.8772727272727272,0.8475127324588951,0.8857072244320812,0.8620266394087057,0
FARM_06,FARM_06_C059,0.1532465306124892,0.6025928892567051,5,1,0.6,0.8772727272727272,0.8598250589453607,0.9181340215206676,0.8819824647239773,0
FARM_06,FARM_06_C060,0.14156868255167898,0.7283674675411067,2,1,0.6,0.8772727272727272,0.8179309119209162,0.9207402984155588,0.8569984787888802,0
FARM_06,FARM_06_C061,0.17360734419573917,0.6810764444042687,13,2,0.6,0.8772727272727272,0.8581466153826676,0.8747976566036645,0.8644740110466465,0
FARM_06,FARM_06_C062,0.1701556797637765,0.5398247408712219,10,1,0.6,0.8772727272727272,0.8524698227652504,0.8864350501334314,0.8653766091651591,0
FARM_06,FARM_06_C063,0.1826240724484459,0.5802471286975621,14,2,0.6,0.8772727272727272,0.8104060071414971,0.8627306003278407,0.8302893525523076,0
FARM_06,FARM_06_C064,0.16797683762196308,0.5731824574488475,9,2,0.6,0.8772727272727272,0.7994130391928503,0.9157796407525425,0.8436323477855333,0
FARM_06,FARM_06_C065,0.18868379249060221,0.6888633129972305,16,1,0.6,0.8772727272727272,0.8089197229097176,0.890246372344211,0.8398238496948252,0
FARM_06,FARM_06_C066,0.2035275323496679,0.5724461476972225,16,0,0.6,0.8772727272727272,0.8293630779109689,0.8974130651541573,0.8552220730633805,0
FARM_06,FARM_06_C067,0.18796746597048736,0.6391406447355362,10,3,0.6,0.8772727272727272,0.7826976776944916,0.844425044819581,0.8061540772020256,0
FARM_06,FARM_06_C068,0.1816429253307668,0.4864367778940864,10,1,0.6,0.8772727272727272,0.8183609016109678,0.9347725634353318,0.862597333104226,0
FARM_06,FARM_06_C069,0.20077944553260904,0.6179215018034753,12,1,0.6,0.8772727272727272,0.773128700885506,0.9402006826297348,0.836616053948313,0
FARM_06,FARM_06_C070,0.19946439320247897,0.7433656163576099,14,4,0.6,0.8772727272727272,0.844775358303669,0.8845790278818441,0.8599007527433755,0
FARM_06,FARM_06_C071,0.17641437542505323,0.5522868809469119,11,0,0.6,0.8772727272727272,0.811739445321485,0.9368921287119524,0.8592974650098626,0
FARM_06,FARM_06_C072,0.17367376006472013,0.5465108840708355,7,2,0.6,0.8772727272727272,0.8114962283872319,0.8539363308068485,0.8276234673066862,0
FARM_06,FARM_06_C073,0.16092950870926218,0.5076193883559047,2,1,0.6,0.8772727272727272,0.9084307799898638,0.8887049497365379,0.9009349644936,0
FARM_06,FARM_06_C074,0.15624689717850646,0.602667030904656,3,1,0.6,0.8772727272727272,0.8410802896226709,0.8665862285796713,0.8507725464263312,0
FARM_06,FARM_06_C075,0.151935771931383,0.5202509713811658,1,1,0.6,0.8772727272727272,0.8484273094029229,0.8465545535044188,0.8477156621614913,0
FARM_06,FARM_06_C076,0.14552344711876042,0.520700496052944,4,3,0.6,0.8772727272727272,0.8085884590349457,0.883662064787626,0.8371164292209643,0
FARM_06,FARM_06_C077,0.15348255452779175,0.5365480652341867,7,1,0.6,0.8772727272727272,0.8020758938451679,0.9151915573980939,0.8450598459952798,0
FARM_06,FARM_06_C078,0.15615387756663918,0.6495661293271028,6,5,0.6,0.8772727272727272,0.7933561560462161,0.9248906526017845,0.8433392647373321,0
FARM_06,FARM_06_C079,0.13749093732772202,0.5621219329966608,3,0,0.6,0.8772727272727272,0.8452783496637538,0.9269807823967368,0.8763252741022873,0
FARM_06,FARM_06_C080,0.14655062013398815,0.6241797655061528,7,4,0.6,0.8772727272727272,0.8152187832938239,0.919065074202757,0.8546803738392185,0
FARM_07,FARM_07_C001,0.18465859185011893,0.5630244171511163,13,0,0.65,0.8227272727272728,0.8174987944642372,0.9037244604464508,0.8502645475374784,0
FARM_07,FARM_07_C002,0.18243035718153597,0.7590106785749,8,3,0.65,0.8227272727272728,0.797853842792534,0.8777979863424183,0.82823261734149,0
FARM_07,FARM_07_C003,0.1827332466546717,0.7288914809849645,11,1,0.65,0.8227272727272728,0.8198753628195116,0.9214341739991273,0.8584677110677655,0
FARM_07,FARM_07_C004,0.16267070360403732,0.5783283804202264,6,0,0.65,0.8227272727272728,0.8613517736732956,0.9066366096913536,0.8785600113601577,0
FARM_07,FARM_07_C005,0.18627433565851634,0.689809283306957,11,1,0.65,0.8227272727272728,0.7703009971480157,0.842509242729869,0.79774013046912,0
FARM_07,FARM_07_C006,0.16787016114064324,0.5409215640456815,5,1,0.65,0.8227272727272728,0.8061902806694036,0.8746744832584182,0.8322142776532291,0
FARM_07,FARM_07_C007,0.15216511090795037,0.5600128019217578,8,0,0.65,0.8227272727272728,0.773358514084608,0.8949968936101587,0.8195810983043172,0
FARM_07,FARM_07_C008,0.162067862331494,0.5683816125609238,7,0,0.65,0.8227272727272728,0.8211643584156246,0.860497683014162,0.8361110217630688,0
FARM_07,FARM_07_C009,0.14037591908713346,0.37018685893463704,1,1,0.65,0.8227272727272728,0.8793028779707208,0.9422395865751731,0.9032188272404127,0
FARM_07,FARM_07_C010,0.1326502195577609,0.547829918900443,4,2,0.65,0.8227272727272728,0.8801630902136484,0.9148828353629598,0.8933565933703866,0
FARM_07,FARM_07_C011,0.13614797066777007,0.485189136084298,1,0,0.65,0.8227272727272728,0.8547606847659479,0.9324645515407471,0.8842881541403715,0
FARM_07,FARM_07_C012,0.13733523515531434,0.5643798777042767,2,2,0.65,0.8227272727272728,0.8725204588210419,0.944675202144872,0.8999392612840973,0
FARM_07,FARM_07_C013,0.13622233266452613,0.5663001538059604,3,0,0.65,0.8227272727272728,0.8136513600849654,0.8902123378142468,0.8427445316220923,0
FARM_07,FARM_07_C014,0.13038564475091613,0.5510706275303705,3,2,0.65,0.8227272727272728,0.8408039471947476,0.9312902208402174,0.8751887311800262,0
FARM_07,FARM_07_C015,0.12251733857419284,0.5036046390577238,2,1,0.65,0.8227272727272728,0.8928595313235889,0.9566772959777898,0.9171102818921852,0
FARM_07,FARM_07_C016,0.15279445556957277,0.6211463170781836,8,2,0.65,0.8227272727272728,0.8385833323635465,0.9084445215287253,0.8651305842463144,0
FARM_07,FARM_07_C017,0.14427824656143434,0.7473494090483116,4,2,0.65,0.8227272727272728,0.8345831872581304,0.9126261846147676,0.8642395262536525,0
FARM_07,FARM_07_C018,0.13486971465854397,0.6576295280626449,4,2,0.65,0.8227272727272728,0.8585956375084747,0.901599871825075,0.8749372465487828,0
FARM_07,FARM_07_C019,0.15990097726382232,0.7062789740381823,8,0,0.65,0.8227272727272728,0.843880913885152,0.8516797883399974,0.8468444861779932,0
FARM_07,FARM_07_C020,0.158172200709695,0.6776595578683569,4,1,0.65,0.8227272727272728,0.7853820424292001,0.8876135664466224,0.8242300215558205,0
FARM_07,FARM_07_C021,0.1791341617521897,0.6312279250331938,8,0,0.65,0.8227272727272728,0.7892054074555815,0.9065524538167645,0.833797285072831,0
FARM_07,FARM_07_C022,0.18673413702321764,0.6693611792337761,11,2,0.65,0.8227272727272728,0.8424910653746727,0.8421521940912842,0.8423622942869851,0
FARM_07,FARM_07_C023,0.16989872417503063,0.557644370188174,9,1,0.65,0.8227272727272728,0.8335553998467511,0.8795059722405784,0.8510166173564054,0
FARM_07,FARM_07_C024,0.17987004390270395,0.6802337171923257,8,2,0.65,0.8227272727272728,0.7802283733530058,0.855267945954483,0.8087434109415671,0
FARM_07,FARM_07_C025,0.1817597075110879,0.6266028930807876,7,3,0.65,0.8227272727272728,0.7047319231219151,0.9225968145178163,0.7875205818523576,0
FARM_07,FARM_07_C026,0.16812739121132578,0.562599216779651,10,2,0.65,0.8227272727272728,0.86969023469596,0.925499369967922,0.8908977060993055,0
FARM_07,FARM_07_C027,0.18513554144345726,0.6287562938987306,11,2,0.65,0.8227272727272728,0.7485232154640482,0.8838021472997108,0.7999292095616,0
FARM_07,FARM_07_C028,0.15961018829760748,0.5684498448375658,4,1,0.65,0.8227272727272728,0.793669853688508,0.8879099899577303,0.8294811054708124,0
FARM_07,FARM_07_C029,0.15927448916290424,0.543735495753808,2,1,0.65,0.8227272727272728,0.792307799994679,0.9111960632933479,0.8374853400481732,0
FARM_07,FARM_07_C030,0.14691952611620396,0.5419712652539779,6,0,0.65,0.8227272727272728,0.8482037283023416,0.8987033410488001,0.8673935811459959,0
FARM_07,FARM_07_C031,0.15317319186634665,0.5073335141045039,3,0,0.65,0.8227272727272728,0.8147224179408528,0.8632913867467251,0.8331786260870842,0
FARM_07,FARM_07_C032,0.15586920187767087,0.7114192668132278,3,2,0.65,0.8227272727272728,0.7534380876572515,0.9304070307139438,0.8206862860187947,0
FARM_07,FARM_07_C033,0.14102517366958575,0.5247284055976708,0,0,0.65,0.8227272727272728,0.8396367911672694,0.8986469293583446,0.8620606436798779,0
FARM_07,FARM_07_C034,0.13684408305823498,0.449415810586143,2,1,0.65,0.8227272727272728,0.8422682852762258,0.8719713175793549,0.8535554375514147,0
FARM_07,FARM_07_C035,0.14160590245905313,0.5557191350639581,3,3,0.65,0.8227272727272728,0.8593569852161019,0.932105119487896,0.8870012762393836,0
FARM_07,FARM_07_C036,0.12860250361113984,0.4641871356688694,2,0,0.65,0.8227272727272728,0.7965703784985023,0.8872851502016196,0.8310419917456868,0
FARM_07,FARM_07_C037,0.13685262509091886,0.5768255341064941,5,0,0.65,0.8227272727272728,0.8696322192815995,0.894242395876578,0.8789840863876912,0
FARM_07,FARM_07_C038,0.14399638693185943,0.4778581429573427,7,0,0.65,0.8227272727272728,0.8524858540903315,0.9219171189201173,0.8788697347256502,0
FARM_07,FARM_07_C039,0.1471150260009777,0.5530082085696887,5,1,0.65,0.8227272727272728,0.7774473258908525,0.8634867242671704,0.8101422972738533,0
FARM_07,FARM_07_C040,0.14866110577849012,0.6496532652328524,8,2,0.65,0.8227272727272728,0.8017189394040826,0.9335754458817853,0.8518244118656096,0
FARM_07,FARM_07_C041,0.1582810659822359,0.5753009132488333,7,2,0.65,0.8227272727272728,0.7992601429113223,0.9107080805052895,0.8416103591970299,0
FARM_07,FARM_07_C042,0.18480727349231352,0.6063918217872328,11,1,0.65,0.8227272727272728,0.8652671573595987,0.8780763642816968,0.870134655989996,0
FARM_07,FARM_07_C043,0.17459215502401046,0.6834976683605541,8,1,0.65,0.8227272727272728,0.8174937917836522,0.9248232768727502,0.8582789961175095,0
FARM_07,FARM_07_C044,0.16301524360823325,0.5882047713104801,12,1,0.65,0.8227272727272728,0.8047699174164715,0.9248476114308846,0.8503994411419484,0
FARM_07,FARM_07_C045,0.1781676809664721,0.5999812062902491,12,1,0.65,0.8227272727272728,0.7488559275742479,0.9296897520754653,0.8175727808847106,0
FARM_07,FARM_07_C046,0.18447546137734422,0.6111298540388828,11,2,0.65,0.8227272727272728,0.7877443842573429,0.9056857416341731,0.8325621000605384,0
FARM_07,FARM_07_C047,0.16813494210719826,0.6001900975582093,4,0,0.65,0.8227272727272728,0.8112846725101904,0.8967982902771433,0.8437798472616326,0
FARM_07,FARM_07_C048,0.16434216892753942,0.6330778789750982,5,0,0.65,0.8227272727272728,0.8550024807409056,0.9346835238936335,0.8852812771389422,0
FARM_07,FARM_07_C049,0.18243987870902734,0.6140857639828006,8,2,0.65,0.8227272727272728,0.7712808539346319,0.8749887655687685,0.8106898603556039,0
FARM_07,FARM_07_C050,0.15947169319518065,0.5823613157460267,5,3,0.65,0.8227272727272728,0.77076073612906,0.8697840285709788,0.8083895872569892,0
FARM_07,FARM_07_C051,0.1501827376832807,0.5389008634562203,2,2,0.65,0.8227272727272728,0.8856929014351507,0.9090780583718883,0.894579261071111,0
FARM_07,FARM_07_C052,0.14776587406830607,0.7659541910549242,2,1,0.65,0.8227272727272728,0.8128812101424372,0.9277165646698831,0.8565186448628667,0
FARM_07,FARM_07_C053,0.1458894718936481,0.5015718320903042,3,1,0.65,0.8227272727272728,0.9088288358005452,0.8952753074355014,0.9036784950218285,0
FARM_07,FARM_07_C054,0.14094829802774264,0.4948037205097837,2,3,0.65,0.8227272727272728,0.8788797297112839,0.9038959876192182,0.8883859077162989,0
FARM_07,FARM_07_C055,0.12617383523426975,0.5611466808436517,3,1,0.65,0.8227272727272728,0.858166779631996,0.9239861057601703,0.8831781235607021,0
FARM_07,FARM_07_C056,0.13188041665191552,0.5251267990135555,3,0,0.65,0.8227272727272728,0.8526989785882332,0.9287029956104056,0.8815805050566587,0
FARM_07,FARM_07_C057,0.13554862433931053,0.46122616791229726,3,0,0.65,0.8227272727272728,0.8528356259007098,0.9528119008275227,0.8908266103728987,0
FARM_07,FARM_07_C058,0.1250108817568355,0.4213052128357422,2,2,0.65,0.8227272727272728,0.9008625618808658,0.8773476566901934,0.8919268979084103,0
FARM_07,FARM_07_C059,0.12377976083900315,0.43989581920202714,0,0,0.65,0.8227272727272728,0.8866042416069497,0.9298385695055054,0.9030332862084008,0
FARM_07,FARM_07_C060,0.16264755631582417,0.5193533430831542,9,0,0.65,0.8227272727272728,0.8283409490835657,0.8937871668730231,0.8532105118435596,0
FARM_07,FARM_07_C061,0.15354689909208094,0.4767927648302427,10,1,0.65,0.8227272727272728,0.8436820684056352,0.902476048357101,0.8660237807871922,0
FARM_07,FARM_07_C062,0.1610236109313226,0.6898327359262566,10,1,0.65,0.8227272727272728,0.802712987741133,0.917834939172328,0.846459329284987,0
FARM_07,FARM_07_C063,0.15752601507990682,0.5477116145069397,9,0,0.65,0.8227272727272728,0.8381045567019089,0.907896252097381,0.8646254009521883,0
FARM_07,FARM_07_C064,0.16597763128473764,0.72455932831469,11,2,0.65,0.8227272727272728,0.7811401651164801,0.8798349279891756,0.8186441750081044,0
FARM_07,FARM_07_C065,0.1561463192880386,0.4426798008175347,4,0,0.65,0.8227272727272728,0.8429251734940871,0.8863746004988134,0.859435955755883,0
FARM_07,FARM_07_C066,0.19180183952680444,0.5967108181942593,16,1,0.65,0.8227272727272728,0.7844761603431907,0.9048525983930203,0.8302192068021259,0
FARM_07,FARM_07_C067,0.17497458097409999,0.6398184873421656,11,0,0.65,0.8227272727272728,0.790374618769269,0.9017358797986618,0.8326918979604383,0
FARM_07,FARM_07_C068,0.1822829083409229,0.4777587826338362,4,2,0.65,0.8227272727272728,0.7873398878617281,0.9213817902746398,0.8382758107786346,0
FARM_07,FARM_07_C069,0.18150368139398643,0.7601173255691676,5,4,0.65,0.8227272727272728,0.7718791249881358,0.9136175129955938,0.8257397124309699,0
FARM_07,FARM_07_C070,0.15378457845139032,0.5470520196993965,6,0,0.65,0.8227272727272728,0.8419937049415303,0.9111810598078893,0.8682848997907466,0
FARM_07,FARM_07_C071,0.15921779897848104,0.618253106653958,5,1,0.65,0.8227272727272728,0.8967042949951194,0.9536008984223449,0.9183250042974651,0
FARM_07,FARM_07_C072,0.15198804018192855,0.5031329535460145,2,4,0.65,0.8227272727272728,0.798144943440351,0.9049453636091512,0.8387291031044951,0
FARM_07,FARM_07_C073,0.14008015497425935,0.47076645713309306,2,2,0.65,0.8227272727272728,0.8191663210141339,0.8715067276794162,0.8390556755469412,0
FARM_07,FARM_07_C074,0.1494896472724373,0.5665266296050937,4,0,0.65,0.8227272727272728,0.768664804995713,0.9443470314489973,0.8354240510479611,0
FARM_07,FARM_07_C075,0.14253412545895378,0.5556364428488983,5,2,0.65,0.8227272727272728,0.841017709985015,0.9033680536632753,0.8647108405827539,0
FARM_07,FARM_07_C076,0.12932542867289265,0.347338100846595,0,0,0.65,0.8227272727272728,0.8871937457834304,0.9293810920562703,0.9032249373671095,0
FARM_07,FARM_07_C077,0.14327630133552968,0.5055787516795033,3,2,0.65,0.8227272727272728,0.8469667490376601,0.9571584878914396,0.8888396098020963,0
FARM_07,FARM_07_C078,0.14019174751632904,0.6048542181724343,1,2,0.65,0.8227272727272728,0.8286996064238412,0.9538182596984471,0.8762446946681914,0
FARM_07,FARM_07_C079,0.1257914009384528,0.43570582302816646,1,0,0.65,0.8227272727272728,0.9281013275960872,0.9108221461469445,0.921535238645413,0
FARM_07,FARM_07_C080,0.14057633082525586,0.5712447695577065,6,2,0.65,0.8227272727272728,0.8410877615132042,0.9485849300072061,0.881936685540925,0
FARM_08,FARM_08_C001,0.16654089973556846,0.6385391087066933,8,2,0.7,0.7681818181818182,0.7652939010625333,0.9464702476155591,0.8341409127526831,0
FARM_08,FARM_08_C002,0.147864211063632,0.6724838420359655,5,1,0.7,0.7681818181818182,0.8999464823336156,0.9880488874383118,0.9334253962734,0
FARM_08,FARM_08_C003,0.17016963839582547,0.6504726883333047,8,1,0.7,0.7681818181818182,0.8175199032196324,0.9014801445141398,0.8494247949115452,0
FARM_08,FARM_08_C004,0.1723981162328789,0.6391497074044491,9,1,0.7,0.7681818181818182,0.7654262912980607,0.9334513448912735,0.8292758116634815,0
FARM_08,FARM_08_C005,0.15286076872510457,0.5325555571724913,3,4,0.7,0.7681818181818182,0.8325364785975061,0.8987065124478029,0.8576810914606189,0
FARM_08,FARM_08_C006,0.15193185036334592,0.5360969824163353,3,0,0.7,0.7681818181818182,0.8591674754679136,0.9141574856027129,0.8800636793191373,0
FARM_08,FARM_08_C007,0.1397477429388653,0.520533259492513,8,1,0.7,0.7681818181818182,0.9493924221240722,0.9176482579385662,0.93732963973358,0
FARM_08,FARM_08_C008,0.16637530824667646,0.6720431559631411,11,4,0.7,0.7681818181818182,0.8752971427689321,0.9100093571481719,0.8884877842330432,0
FARM_08,FARM_08_C009,0.12974149974036087,0.45427834414117296,4,0,0.7,0.7681818181818182,0.9193817541265217,0.9046719562635916,0.9137920309386083,0
FARM_08,FARM_08_C010,0.12012856136326194,0.594260589318112,2,1,0.7,0.7681818181818182,0.8643523509250012,0.9567623777693866,0.8994681611258677,0
FARM_08,FARM_08_C011,0.1236868872811589,0.5281233033374557,2,0,0.7,0.7681818181818182,0.8132393609898033,0.9530666995167109,0.8663737496300281,0
FARM_08,FARM_08_C012,0.1256469552911263,0.4741568585518225,1,0,0.7,0.7681818181818182,0.8930048159407354,0.9343184436319827,0.9087039944634094,0
FARM_08,FARM_08_C013,0.13092280105282175,0.5572269706662308,2,1,0.7,0.7681818181818182,0.8509611795717836,0.9236039810605925,0.878565444137531,0
FARM_08,FARM_08_C014,0.12305836346214022,0.5097900048454789,4,2,0.7,0.7681818181818182,0.8554163481341376,0.875968987824251,0.8632263512163807,0
FARM_08,FARM_08_C015,0.13095638361094616,0.4987491639140262,3,1,0.7,0.7681818181818182,0.8320213631292657,0.9565246557792753,0.8793326143362694,0
FARM_08,FARM_08_C016,0.11779819561193988,0.4914357140954956,4,1,0.7,0.7681818181818182,0.8158036528950078,0.9284851233176479,0.858622611655611,0
FARM_08,FARM_08_C017,0.14030142844488605,0.6554447401751964,7,3,0.7,0.7681818181818182,0.7984724289853925,0.8882880647600851,0.8326023705797757,0
FARM_08,FARM_08_C018,0.1388387086541759,0.6610200900304195,4,1,0.7,0.7681818181818182,0.8719687025631984,0.9018753273492163,0.8833332199818851,0
FARM_08,FARM_08_C019,0.15389748268259498,0.5721610327203367,7,2,0.7,0.7681818181818182,0.8459118342956916,0.9317226950233971,0.8785199613722197,0
FARM_08,FARM_08_C020,0.14593965526620517,0.5761981714608349,6,0,0.7,0.7681818181818182,0.8548361554193029,0.9471747459991758,0.8899248198396545,0
FARM_08,FARM_08_C021,0.16493138771059876,0.5650408994204009,9,1,0.7,0.7681818181818182,0.8468004578826757,0.8950921182770003,0.865151288832519,0
FARM_08,FARM_08_C022,0.15988200145702383,0.7903108785848502,9,3,0.7,0.7681818181818182,0.8568739916729738,0.9357996501325903,0.886865741887628,0
FARM_08,FARM_08_C023,0.1655719276700028,0.5491869507467084,9,0,0.7,0.7681818181818182,0.7671404023638836,0.9039249489611979,0.819118530070863,0
FARM_08,FARM_08_C024,0.16505078052951164,0.5072034648696421,6,2,0.7,0.7681818181818182,0.8492504134163096,0.8984133468182239,0.867932328109037,0
FARM_08,FARM_08_C025,0.16351131933203297,0.6661088844978007,8,1,0.7,0.7681818181818182,0.7442146531111294,0.9461411957707767,0.8209467393217954,0
FARM_08,FARM_08_C026,0.15349285086133185,0.5682947281871376,6,1,0.7,0.7681818181818182,0.8023988074090579,0.9160885217016885,0.8456008988402575,0
FARM_08,FARM_08_C027,0.15666018102671178,0.5329517286178834,5,0,0.7,0.7681818181818182,0.8389060561394924,0.9556603624931135,0.8832726925538683,0
FARM_08,FARM_08_C028,0.13149665533039231,0.41512256686033644,1,0,0.7,0.7681818181818182,0.8792291274924378,0.9576145488498404,0.9090155876082509,0
FARM_08,FARM_08_C029,0.15390158432828924,0.44723367601264225,5,0,0.7,0.7681818181818182,0.866859715821094,0.9351767326679384,0.8928201822228948,0
FARM_08,FARM_08_C030,0.13970350374402302,0.5106837846029728,1,1,0.7,0.7681818181818182,0.8632666652293904,0.9082666227153696,0.8803666490740625,0
FARM_08,FARM_08_C031,0.13387658266129554,0.5296996944638502,1,1,0.7,0.7681818181818182,0.790953538815695,0.9199879763228926,0.83998662506843,0
FARM_08,FARM_08_C032,0.12636509556143044,0.537114523030027,3,1,0.7,0.7681818181818182,0.8388424170882053,0.9438333891851902,0.8787389864850595,0
FARM_08,FARM_08_C033,0.10915625580435298,0.4388632494721961,1,3,0.7,0.7681818181818182,0.8036540411849994,0.934951243799649,0.8535469781785663,0
FARM_08,FARM_08_C034,0.13092078040430397,0.5619290143464726,3,2,0.7,0.7681818181818182,0.8655999048700842,0.9721423188706348,0.9060860221902933,0
FARM_08,FARM_08_C035,0.12251765179076182,0.42768134541086755,0,1,0.7,0.7681818181818182,0.9093299484673322,0.9519001546534845,0.92550662681807,0
FARM_08,FARM_08_C036,0.1307202248477554,0.4863862465959582,4,1,0.7,0.7681818181818182,0.8632774637813154,0.884290353824502,0.8712623619977263,0
FARM_08,FARM_08_C037,0.11005474372433512,0.3464528248446959,1,0,0.7,0.7681818181818182,0.9042625292708939,0.969252161256386,0.9289585894253809,0
FARM_08,FARM_08_C038,0.129128525066741,0.5095881185711711,5,0,0.7,0.7681818181818182,0.8358709319472618,0.9635098647662641,0.8843737264184828,0
FARM_08,FARM_08_C039,0.12286285585535417,0.6182270986808283,2,0,0.7,0.7681818181818182,0.8377656648834456,0.9627621527611797,0.8852643302769846,0
FARM_08,FARM_08_C040,0.1238917146025187,0.4205277923210956,3,1,0.7,0.7681818181818182,0.8933818208873353,0.9620435948103949,0.9194732949780979,0
FARM_08,FARM_08_C041,0.13628766755521787,0.5550633151655258,6,0,0.7,0.7681818181818182,0.8329264048964566,0.8925849732071705,0.8555966608545279,0
FARM_08,FARM_08_C042,0.14294498869461245,0.5868879200358191,6,0,0.7,0.7681818181818182,0.8621286461305365,0.9025726959957472,0.8774973850793166,0
FARM_08,FARM_08_C043,0.15686873756545144,0.6431757136246233,8,1,0.7,0.7681818181818182,0.7854934600273421,0.8738615075804874,0.8190733180975374,0
FARM_08,FARM_08_C044,0.17028689453062792,0.5992291338766692,13,0,0.7,0.7681818181818182,0.8581728653141195,0.9408244576426382,0.8895804703989567,0
FARM_08,FARM_08_C045,0.15670697982225876,0.4941379789587502,10,0,0.7,0.7681818181818182,0.869271422112128,0.9229274947814945,0.8896607297264874,0
FARM_08,FARM_08_C046,0.15960572849848173,0.434312597541748,5,0,0.7,0.7681818181818182,0.8398396119070144,0.8871260442213265,0.857808456186453,0
FARM_08,FARM_08_C047,0.15992050938085992,0.5435807673198297,9,0,0.7,0.7681818181818182,0.7671641258412571,0.9037021966238743,0.8190485927386517,0
FARM_08,FARM_08_C048,0.1584765243125622,0.5050594997165907,5,0,0.7,0.7681818181818182,0.8959207753406518,0.9047382528707115,0.8992714168020745,0
FARM_08,FARM_08_C049,0.16200902956207983,0.5206570443960105,5,1,0.7,0.7681818181818182,0.8025865868430744,0.9273670618330019,0.8500031673392467,0
FARM_08,FARM_08_C050,0.1518178849122628,0.5070389290039585,6,3,0.7,0.7681818181818182,0.8374110858066565,0.9116474245467057,0.8656208945278752,0
FARM_08,FARM_08_C051,0.1381933692569182,0.49340055177744624,3,1,0.7,0.7681818181818182,0.8511569621854622,0.9439978449933538,0.886436497652461,0
FARM_08,FARM_08_C052,0.12983388605372123,0.5080843659526535,2,0,0.7,0.7681818181818182,0.842412043239727,0.8935506717244083,0.8618447220639058,0
FARM_08,FARM_08_C053,0.13196208229567125,0.48000036577011046,2,0,0.7,0.7681818181818182,0.862109098426169,0.9198776859743312,0.8840611616944707,0
FARM_08,FARM_08_C054,0.12476865449545113,0.4766583510790297,2,0,0.7,0.7681818181818182,0.8344892237240307,0.9236708147960001,0.868378228331379,0
FARM_08,FARM_08_C055,0.113856475012272,0.38123097929046057,2,0,0.7,0.7681818181818182,0.98,0.9513426010137503,0.9691101883852251,0
FARM_08,FARM_08_C056,0.12135266682349706,0.495589342535846,2,1,0.7,0.7681818181818182,0.865969115064322,0.9673479859294216,0.9044930859930598,0
FARM_08,FARM_08_C057,0.12824776744171096,0.4343560935912215,2,0,0.7,0.7681818181818182,0.8747540791273253,0.9039190200885413,0.8858367566925873,0
FARM_08,FARM_08_C058,0.11755905628733519,0.5298011334426234,4,0,0.7,0.7681818181818182,0.8607739222498503,0.9518006102907349,0.8953640637053865,0
FARM_08,FARM_08_C059,0.12976606683453618,0.5521220880222792,3,0,0.7,0.7681818181818182,0.8275217474407307,0.9060533316417032,0.8573637494371003,0
FARM_08,FARM_08_C060,0.11742980166962771,0.39371621181785516,4,0,0.7,0.7681818181818182,0.9493719408455528,0.9653274978543085,0.95543505250888,0
FARM_08,FARM_08_C061,0.12712640566912262,0.5980191609288917,4,0,0.7,0.7681818181818182,0.806802578380148,0.9316566651277637,0.854247131344242,0
FARM_08,FARM_08_C062,0.1301276388565656,0.5294936680382979,4,1,0.7,0.7681818181818182,0.8189632624936691,0.9240701795218434,0.8589038909643754,0
FARM_08,FARM_08_C063,0.1554239108259934,0.7048842685478024,9,2,0.7,0.7681818181818182,0.8137530866164017,0.9349274165462808,0.8597993319897558,0
FARM_08,FARM_08_C064,0.14586531837261746,0.5820822933990588,4,0,0.7,0.7681818181818182,0.8930916351883713,0.9042558976945829,0.8973340549407317,0
FARM_08,FARM_08_C065,0.15270485512952428,0.5609499197260845,11,0,0.7,0.7681818181818182,0.874507162555467,0.9158124727017368,0.8902031804110495,0
FARM_08,FARM_08_C066,0.148922841126673,0.5784408009617118,6,0,0.7,0.7681818181818182,0.8194266605946909,0.9142263558113248,0.8554505447770118,0
FARM_08,FARM_08_C067,0.17821348878352258,0.5609339203485495,7,1,0.7,0.7681818181818182,0.845705479619655,0.8681533920355874,0.8542356863377094,0
FARM_08,FARM_08_C068,0.1645187960917644,0.45543042493883523,8,1,0.7,0.7681818181818182,0.7968154586571454,0.9165646841828795,0.8423201643569244,0
FARM_08,FARM_08_C069,0.15577344126041134,0.634743261838856,7,0,0.7,0.7681818181818182,0.7921453997616715,0.8734449540873372,0.8230392304054246,0
FARM_08,FARM_08_C070,0.15268673832179183,0.5553212101734917,6,1,0.7,0.7681818181818182,0.8337904192963363,0.9259907126417891,0.8688265307676084,0
FARM_08,FARM_08_C071,0.147072672631298,0.5251561157703966,6,0,0.7,0.7681818181818182,0.8599715768820246,0.90296644790991,0.876309627872621,0
FARM_08,FARM_08_C072,0.1311763166330496,0.6649823170066705,4,1,0.7,0.7681818181818182,0.8730891041542611,0.9362960317466923,0.8971077366393849,0
FARM_08,FARM_08_C073,0.14095445917239494,0.5236140276753946,6,2,0.7,0.7681818181818182,0.7845694816419577,0.9328041507469145,0.8408986559018412,0
FARM_08,FARM_08_C074,0.12719982016372586,0.3862690918553901,2,0,0.7,0.7681818181818182,0.9288006777545671,0.9257694502148306,0.9276488112894672,0
FARM_08,FARM_08_C075,0.1226916118003539,0.39906071407651494,0,1,0.7,0.7681818181818182,0.8487532693163925,0.946895152922701,0.8860471850867897,0
FARM_08,FARM_08_C076,0.12000841036243168,0.47171752350915463,0,0,0.7,0.7681818181818182,0.8582171706199436,0.9442844507329148,0.8909227370628727,0
FARM_08,FARM_08_C077,0.12602768072852946,0.37991935051230524,1,0,0.7,0.7681818181818182,0.8609756343325355,0.9010404531153156,0.8762002654699921,0
FARM_08,FARM_08_C078,0.10792760931048245,0.46442520632381334,2,0,0.7,0.7681818181818182,0.9673137528733553,0.9448023365799794,0.9587594146818725,0
FARM_08,FARM_08_C079,0.12798379263208556,0.5278425641087886,3,0,0.7,0.7681818181818182,0.8388138178949606,0.9082873258858113,0.8652137509314839,0
FARM_08,FARM_08_C080,0.12497286377696946,0.5028864791331806,2,0,0.7,0.7681818181818182,0.8812839849295415,0.9464700705193955,0.906054697453686,0
FARM_09,FARM_09_C001,0.14837041761479333,0.5754314557232078,8,0,0.75,0.7136363636363636,0.8244736807499912,0.9274568284990694,0.8636072768946408,0
FARM_09,FARM_09_C002,0.1518278304785329,0.5027168823600687,9,1,0.75,0.7136363636363636,0.8095773117095788,0.9509471680999108,0.863297857137905,0
FARM_09,FARM_09_C003,0.14149375997185396,0.6297860694443289,5,2,0.75,0.7136363636363636,0.7865713473950473,0.9483299862070864,0.8480396301436222,0
FARM_09,FARM_09_C004,0.14380792515505056,0.4564787608109322,4,1,0.75,0.7136363636363636,0.8852413602220285,0.9037302642604595,0.8922671437566323,0
FARM_09,FARM_09_C005,0.14547482307897713,0.7096954034241483,5,1,0.75,0.7136363636363636,0.808096676802942,0.9251551052676837,0.8525788796195438,0
FARM_09,FARM_09_C006,0.13717662303336098,0.46887255954087126,5,0,0.75,0.7136363636363636,0.89659350939809,0.9453034244779145,0.9151032771284233,0
FARM_09,FARM_09_C007,0.12658270813001096,0.5574190597952704,1,1,0.75,0.7136363636363636,0.8456268494323333,0.9390163863478949,0.8811148734602468,0
FARM_09,FARM_09_C008,0.1285238171216015,0.47624905449754906,3,1,0.75,0.7136363636363636,0.885082094812073,0.9349567317765204,0.904034456858563,0
FARM_09,FARM_09_C009,0.11900139722855459,0.3856755062457892,0,0,0.75,0.7136363636363636,0.8672101470826044,0.961066674221299,0.9028756273953082,0
FARM_09,FARM_09_C010,0.11364094104700445,0.4746163168930634,2,1,0.75,0.7136363636363636,0.8661305492562208,0.9433645345714734,0.8954794636760168,0
FARM_09,FARM_09_C011,0.10359817795442638,0.3595820375705993,0,0,0.75,0.7136363636363636,0.9112261820727374,0.9556790810831649,0.9281182836966999,0
FARM_09,FARM_09_C012,0.10313623833665451,0.3765688324731813,0,0,0.75,0.7136363636363636,0.9243775172629818,0.9293661009800243,0.9262731790754579,0
FARM_09,FARM_09_C013,0.10944541868123481,0.42315537410645937,0,1,0.75,0.7136363636363636,0.8336556764780049,0.9129846378489541,0.8638006817989655,0
FARM_09,FARM_09_C014,0.11040882739790556,0.5827634496994679,2,1,0.75,0.7136363636363636,0.8988174674798045,0.9134956338348095,0.9043951706947064,0
FARM_09,FARM_09_C015,0.1111471603633365,0.4088525739961706,1,1,0.75,0.7136363636363636,0.9167617452457258,0.9395897161721797,0.9254363741977782,0
FARM_09,FARM_09_C016,0.11882801850369436,0.4586703356383596,1,1,0.75,0.7136363636363636,0.8463280707530219,0.961530550011444,0.8901050128712222,0
FARM_09,FARM_09_C017,0.12387890417401422,0.4944135130884369,6,0,0.75,0.7136363636363636,0.8900063454315643,0.9479527914196301,0.9120259949070293,0
FARM_09,FARM_09_C018,0.12372917115498397,0.5772803261168495,7,1,0.75,0.7136363636363636,0.8419564800681982,0.9522127249636112,0.8838538531284552,0
FARM_09,FARM_09_C019,0.13365517934948343,0.5388412983209244,3,1,0.75,0.7136363636363636,0.8308040022147226,0.91890858777746,0.8642837447285627,0
FARM_09,FARM_09_C020,0.13071625586475208,0.5241463916627451,6,0,0.75,0.7136363636363636,0.937166680382644,0.9464073830020155,0.9406781473780053,0
FARM_09,FARM_09_C021,0.1439966809565681,0.6180760632355342,11,1,0.75,0.7136363636363636,0.8696685662661421,0.9528614400178722,0.9012818582917994,0
FARM_09,FARM_09_C022,0.16049339281552985,0.5580698301609143,9,0,0.75,0.7136363636363636,0.8514526853399327,0.8957676573342687,0.8682923746977804,0
FARM_09,FARM_09_C023,0.16413479506549844,0.5855898773467549,8,2,0.75,0.7136363636363636,0.8406638561042448,0.9308024735702514,0.8749165307413272,0
FARM_09,FARM_09_C024,0.14606958440604273,0.503816999650057,6,0,0.75,0.7136363636363636,0.8542006021665828,0.8972909430221863,0.8705749316917122,0
FARM_09,FARM_09_C025,0.15439784862223918,0.43621794053216656,4,0,0.75,0.7136363636363636,0.7798850750143593,0.8860081517015003,0.8202118441554729,0
FARM_09,FARM_09_C026,0.1436315007724235,0.5424671752176966,4,1,0.75,0.7136363636363636,0.8292004132459824,0.8979332670501788,0.8553188976915771,0
FARM_09,FARM_09_C027,0.13626640013164573,0.5355309422326556,5,1,0.75,0.7136363636363636,0.8464578334538806,0.9529372858980756,0.8869200253826747,0
FARM_09,FARM_09_C028,0.13341359224213764,0.4968308743526095,3,1,0.75,0.7136363636363636,0.8886602386779816,0.9515128864907884,0.9125442448468482,0
FARM_09,FARM_09_C029,0.13026857377337506,0.44703323867012035,3,1,0.75,0.7136363636363636,0.8036565375147118,0.9453594639108667,0.8575036495452506,0
FARM_09,FARM_09_C030,0.12323896751357491,0.4928672974472741,3,2,0.75,0.7136363636363636,0.9344996863886468,0.9249472044077868,0.93086974323592,0
FARM_09,FARM_09_C031,0.11249989105059198,0.42438506963897094,1,2,0.75,0.7136363636363636,0.8005276737814743,0.9317066091410315,0.850375669218106,0
FARM_09,FARM_09_C032,0.11422275827807823,0.41346745429796383,1,0,0.75,0.7136363636363636,0.8319213674960362,0.947928243995192,0.8760039805657154,0
FARM_09,FARM_09_C033,0.11416589841913287,0.4267378326879542,2,1,0.75,0.7136363636363636,0.8573702377365001,0.9940586352710352,0.9093118287996235,0
FARM_09,FARM_09_C034,0.11418694997946102,0.36287175904314584,0,0,0.75,0.7136363636363636,0.9245326819463625,0.9443926362432815,0.9320794645791918,0
FARM_09,FARM_09_C035,0.11325784073178505,0.4656265184388115,3,0,0.75,0.7136363636363636,0.9048867096824851,0.9819526254698524,0.9341717576816846,0
FARM_09,FARM_09_C036,0.11318034417319482,0.5606038179627725,1,1,0.75,0.7136363636363636,0.8314461313015937,0.9026940964921211,0.8585203580739941,0
FARM_09,FARM_09_C037,0.12229278957899718,0.5772194589517814,3,3,0.75,0.7136363636363636,0.9038478598241397,0.9537719153871821,0.9228190009380959,0
FARM_09,FARM_09_C038,0.11348645154668441,0.5141495834779404,3,0,0.75,0.7136363636363636,0.9530982487989863,0.9543058328144233,0.9535571307248524,0
FARM_09,FARM_09_C039,0.12175010442099851,0.5730577642706981,7,2,0.75,0.7136363636363636,0.7907381806017012,0.9330306577872183,0.8448093219321977,0
FARM_09,FARM_09_C040,0.1325355415186885,0.47663298774501667,2,0,0.75,0.7136363636363636,0.8772455766499138,0.9418013949288928,0.9017767875959258,0
FARM_09,FARM_09_C041,0.12442190973121543,0.4737732534498713,2,0,0.75,0.7136363636363636,0.9123978062200432,0.9604854274290447,0.9306711022794638,0
FARM_09,FARM_09_C042,0.1386967306777887,0.5888304223494097,4,0,0.75,0.7136363636363636,0.8548818159293924,0.8953997897930622,0.8702786459975869,0
FARM_09,FARM_09_C043,0.13952288356269346,0.5534000349243434,3,1,0.75,0.7136363636363636,0.8278099278912888,0.9030035231179253,0.8563834940774107,0
FARM_09,FARM_09_C044,0.16132326009633227,0.696233401038338,8,1,0.75,0.7136363636363636,0.7747277613852552,0.9240098190858566,0.8314549433114837,0
FARM_09,FARM_09_C045,0.15752097086191313,0.47216273129082303,5,0,0.75,0.7136363636363636,0.8281277089669214,0.9143245381610854,0.8608825040607038,0
FARM_09,FARM_09_C046,0.1423823456861109,0.48156107572838525,5,2,0.75,0.7136363636363636,0.875332910904278,0.9446499099842043,0.90167337055465,0
FARM_09,FARM_09_C047,0.15170529899964377,0.6316158032914945,6,1,0.75,0.7136363636363636,0.8331798102734934,0.9491914377383409,0.8772642287101355,0
FARM_09,FARM_09_C048,0.15807293921190535,0.6495611043946926,6,0,0.75,0.7136363636363636,0.8317255594728294,0.9295564635217122,0.8689013030114048,0
FARM_09,FARM_09_C049,0.12774736350211335,0.45408829552964913,4,0,0.75,0.7136363636363636,0.8518181283619376,0.9583472845449714,0.8922992077114904,0
FARM_09,FARM_09_C050,0.12729164021843195,0.504214901582797,1,0,0.75,0.7136363636363636,0.9035527962411826,0.9491272370193158,0.9208710837368732,0
FARM_09,FARM_09_C051,0.12351509729983624,0.4587171318577515,2,1,0.75,0.7136363636363636,0.8597294865640576,0.9434042215547935,0.8915258858605373,0
FARM_09,FARM_09_C052,0.1207828000552254,0.45440499460010897,1,0,0.75,0.7136363636363636,0.8502781636397229,0.9134785938597371,0.8742943271233283,0
FARM_09,FARM_09_C053,0.1194860412812484,0.5108546981611928,1,0,0.75,0.7136363636363636,0.8462649673775257,0.9642046950205406,0.8910820638818714,0
FARM_09,FARM_09_C054,0.10422732906680719,0.5339217132434622,1,1,0.75,0.7136363636363636,0.8561153209568024,0.9780732826862103,0.9024593464139774,0
FARM_09,FARM_09_C055,0.09813325300283086,0.43078601339959494,1,0,0.75,0.7136363636363636,0.8622200343258772,0.9816026569644036,0.9075854309285172,0
FARM_09,FARM_09_C056,0.10997358922997222,0.46475981434037567,1,0,0.75,0.7136363636363636,0.8850960047782911,0.9120703615971227,0.8953462603694471,0
FARM_09,FARM_09_C057,0.11051330254555781,0.46557556752555396,2,2,0.75,0.7136363636363636,0.8723718022130094,0.9541452697993457,0.9034457198958172,0
FARM_09,FARM_09_C058,0.10671026001574123,0.4635393695717138,1,1,0.75,0.7136363636363636,0.853141302654931,0.9101480612084905,0.8748038709052836,0
FARM_09,FARM_09_C059,0.11215421206936017,0.44901395925678694,3,0,0.75,0.7136363636363636,0.7997349373661898,0.9489602485934736,0.8564405556325576,0
FARM_09,FARM_09_C060,0.11912547321907664,0.5283657030087533,3,2,0.75,0.7136363636363636,0.7713928875566848,0.9519071499663752,0.8399883072723671,0
FARM_09,FARM_09_C061,0.12704597799215836,0.4987090585971179,1,0,0.75,0.7136363636363636,0.852841391783044,0.9240286521821983,0.8798925507347226,0
FARM_09,FARM_09_C062,0.12743633146687766,0.6554809833867251,8,2,0.75,0.7136363636363636,0.8371815664053822,0.9619207943206738,0.884582473013193,0
FARM_09,FARM_09_C063,0.1262650735384415,0.5627016562345447,2,1,0.75,0.7136363636363636,0.8242523450264996,0.8991488128983973,0.8527130028178207,0
FARM_09,FARM_09_C064,0.14022637775198588,0.5484259805954852,6,0,0.75,0.7136363636363636,0.8092558916764712,0.9066782725972504,0.8462763964263673,0
FARM_09,FARM_09_C065,0.142882569028557,0.4688809310018246,1,1,0.75,0.7136363636363636,0.9412487869293165,0.9215154100380566,0.9337501037106377,0
FARM_09,FARM_09_C066,0.15930143298035157,0.5940299466875356,8,3,0.75,0.7136363636363636,0.7714637802878017,0.9009505844176887,0.8206687658571588,0
FARM_09,FARM_09_C067,0.14722264280358624,0.4222294143231244,4,0,0.75,0.7136363636363636,0.8072094591729584,0.9371151220559354,0.8565736110684896,0
FARM_09,FARM_09_C068,0.1459919268567426,0.5647387235584617,5,1,0.75,0.7136363636363636,0.8868390290956115,0.9210981676561362,0.899857501748611,0
FARM_09,FARM_09_C069,0.15127699305356962,0.7020755649973541,5,1,0.75,0.7136363636363636,0.8656581880812846,0.9135115506031338,0.8838424658395874,0
FARM_09,FARM_09_C070,0.13143667119082972,0.48571656083559284,2,0,0.75,0.7136363636363636,0.8650738936142706,0.940583922394946,0.8937677045509271,0
FARM_09,FARM_09_C071,0.1173696702575202,0.3604603765964956,2,0,0.75,0.7136363636363636,0.876599470919319,0.9360798448271473,0.8992020130042938,0
FARM_09,FARM_09_C072,0.12787328895717745,0.6318801708098559,2,1,0.75,0.7136363636363636,0.8358855904047179,0.9579236494204054,0.8822600528306792,0
FARM_09,FARM_09_C073,0.12417047284141383,0.40219154617874275,2,0,0.75,0.7136363636363636,0.8455158443084194,0.9794202693974793,0.8963995258422621,0
FARM_09,FARM_09_C074,0.11262169029162752,0.4559386916470463,1,0,0.75,0.7136363636363636,0.8994553730755229,0.9299501429875233,0.911043385642083,0
FARM_09,FARM_09_C075,0.11290998996309634,0.4293008217523061,0,0,0.75,0.7136363636363636,0.8403323495872943,0.9437800417736814,0.8796424726181213,0
FARM_09,FARM_09_C076,0.11516556343191517,0.4399441749727198,2,0,0.75,0.7136363636363636,0.8733104415771393,0.9514681919342739,0.9030103867128505,0
FARM_09,FARM_09_C077,0.11195473624229807,0.37844833433256675,1,0,0.75,0.7136363636363636,0.8933541289508089,0.9399135156835698,0.911046695909258,0
FARM_09,FARM_09_C078,0.11118240200457737,0.4299097488816185,2,1,0.75,0.7136363636363636,0.8858037745658299,0.9110781970176078,0.8954080550975057,0
FARM_09,FARM_09_C079,0.10590826879876299,0.36696470859217534,1,0,0.75,0.7136363636363636,0.8600544530603966,0.9768480765281277,0.9044360299781344,0
FARM_09,FARM_09_C080,0.11228404111576817,0.4622285425072403,4,0,0.75,0.7136363636363636,0.8949310644586028,1.0,0.9348572599643338,0
FARM_10,FARM_10_C001,0.13192385654963223,0.5004378745267737,3,0,0.8,0.6590909090909092,0.9099255884072925,0.9324499328343417,0.9184848392895713,0
FARM_10,FARM_10_C002,0.15055318645411997,0.5472364184382403,5,2,0.8,0.6590909090909092,0.7985977727738177,0.92950323809685,0.84834184959657,0
FARM_10,FARM_10_C003,0.14305145482891315,0.7288031623475185,8,3,0.8,0.6590909090909092,0.7754527675447687,0.9309785214998303,0.8345525540476921,0
FARM_10,FARM_10_C004,0.14639868581017185,0.3933155574142499,8,0,0.8,0.6590909090909092,0.8442638511250072,0.9520289284873428,0.8852145805226947,0
FARM_10,FARM_10_C005,0.13339296420010455,0.5115376655317151,1,0,0.8,0.6590909090909092,0.8372312045167057,0.9666815663348154,0.8864223420075874,0
FARM_10,FARM_10_C006,0.12500339110092226,0.5353777132564524,2,0,0.8,0.6590909090909092,0.8379673460704558,0.9157352876235286,0.8675191638606234,0
FARM_10,FARM_10_C007,0.11780931802127052,0.3555846619457917,0,0,0.8,0.6590909090909092,0.8766287381230364,0.9095785362471386,0.8891496614101952,0
FARM_10,FARM_10_C008,0.11840062272265026,0.5766222821521474,2,0,0.8,0.6590909090909092,0.8550923243300693,0.9531237277738003,0.8923442576386871,0
FARM_10,FARM_10_C009,0.11066327913826055,0.4790575624753836,1,0,0.8,0.6590909090909092,0.9630005386798802,0.9562181127565347,0.9604232168290089,0
FARM_10,FARM_10_C010,0.10585334099799222,0.4425750517907302,2,1,0.8,0.6590909090909092,0.8539814708472865,0.9313398206799974,0.8833776437837166,0
FARM_10,FARM_10_C011,0.10203346272499113,0.38808122724921323,1,0,0.8,0.6590909090909092,0.8777694923349567,0.9694386674591025,0.9126037788821322,0
FARM_10,FARM_10_C012,0.10148542520904984,0.432592397931158,1,0,0.8,0.6590909090909092,0.98,0.9306458452602957,0.9612454211989123,0
FARM_10,FARM_10_C013,0.10657846451903809,0.35372443001671644,0,1,0.8,0.6590909090909092,0.9301647479913513,0.9507928590282514,0.9380034301853734,0
FARM_10,FARM_10_C014,0.09431949575695087,0.42232360133278524,1,0,0.8,0.6590909090909092,0.907309549277835,0.9969141652301233,0.9413593033397046,0
FARM_10,FARM_10_C015,0.09564272982570145,0.3824027830171076,3,0,0.8,0.6590909090909092,0.9043591514036252,0.9905784149530537,0.937122471552408,0
FARM_10,FARM_10_C016,0.11373573947303252,0.4686256801980456,2,0,0.8,0.6590909090909092,0.8953720527827143,0.9834015918280665,0.9288232776199481,0
FARM_10,FARM_10_C017,0.11386626326082455,0.4197402882032434,0,0,0.8,0.6590909090909092,0.865024701508759,0.9984981606686028,0.9157446159894996,0
FARM_10,FARM_10_C018,0.11015995511868071,0.5329188112303996,2,0,0.8,0.6590909090909092,0.9040464889543857,0.9510703467126586,0.9219155549025293,0
FARM_10,FARM_10_C019,0.12065836480034121,0.4084678271807432,2,1,0.8,0.6590909090909092,0.8665865304238205,1.0,0.9172836488627687,0
FARM_10,FARM_10_C020,0.11222819019429427,0.421735498141952,3,0,0.8,0.6590909090909092,0.8400154277174172,0.975241365112018,0.8914012839273655,0
FARM_10,FARM_10_C021,0.13475789078371125,0.5740044025654797,8,0,0.8,0.6590909090909092,0.8704279124919561,0.9806473460214759,0.9123112972331735,0
FARM_10,FARM_10_C022,0.13045922365087376,0.4441235699548898,2,0,0.8,0.6590909090909092,0.8984850233054336,0.9526831445338733,0.9190803093722406,0
FARM_10,FARM_10_C023,0.1556410634811175,0.6193052967455922,8,1,0.8,0.6590909090909092,0.8476387376704767,0.9651624299468579,0.8922977407355015,0
FARM_10,FARM_10_C024,0.12914082909408717,0.47633087710500893,4,0,0.8,0.6590909090909092,0.8872115248910641,0.9238355142036437,0.9011286408298443,0
FARM_10,FARM_10_C025,0.13937858998449051,0.4639413680255313,2,0,0.8,0.6590909090909092,0.9289838490589067,0.97976712650249,0.9482814944874685,0
FARM_10,FARM_10_C026,0.12970855105296192,0.4433427228048418,1,1,0.8,0.6590909090909092,0.8592996390425327,0.9550927847314591,0.8957010344043247,0
FARM_10,FARM_10_C027,0.12119240523898964,0.39937164015098414,2,0,0.8,0.6590909090909092,0.8757383821590405,0.9541031711952065,0.9055170019927836,0
FARM_10,FARM_10_C028,0.12455795924259401,0.40040042970709616,1,0,0.8,0.6590909090909092,0.8887765829301082,0.9570474181932443,0.9147195003301,0
FARM_10,FARM_10_C029,0.1164471666194524,0.5359611588810367,2,1,0.8,0.6590909090909092,0.8614300538046188,0.9119758937403485,0.880637472980196,0
FARM_10,FARM_10_C030,0.12652236046701215,0.5413230368581801,1,1,0.8,0.6590909090909092,0.8853289452942136,0.9713911106450236,0.9180325681275214,0
FARM_10,FARM_10_C031,0.11681208232049606,0.437036386964776,1,0,0.8,0.6590909090909092,0.8825580137405143,0.9686415639730217,0.9152697628288672,0
FARM_10,FARM_10_C032,0.10155750606728696,0.3697001025171174,0,0,0.8,0.6590909090909092,0.8950201736636096,0.9483181650054644,0.9152734103735145,0
FARM_10,FARM_10_C033,0.09722027006503127,0.41163446166696727,0,1,0.8,0.6590909090909092,0.9229465447525963,0.9785244272846,0.9440661401147578,0
FARM_10,FARM_10_C034,0.09928459099639472,0.4755666535021349,1,1,0.8,0.6590909090909092,0.8917465669391121,0.9559071297537505,0.9161275808086747,0
FARM_10,FARM_10_C035,0.09370915580729615,0.34911773771211563,1,0,0.8,0.6590909090909092,0.9244417180881244,0.947196728270647,0.933088621957483,0
FARM_10,FARM_10_C036,0.09989350256061498,0.36769069544152444,1,0,0.8,0.6590909090909092,0.9346624584405037,0.9269402306537705,0.9317280118815452,0
FARM_10,FARM_10_C037,0.11373970754565223,0.649651411686311,2,1,0.8,0.6590909090909092,0.823256330594909,0.9544538796606319,0.8731113992398837,0
FARM_10,FARM_10_C038,0.10063014271122449,0.5118490618444259,2,0,0.8,0.6590909090909092,0.9434448279827169,0.9514712339236723,0.94649486224028,0
FARM_10,FARM_10_C039,0.11210654125913008,0.5418682033112749,2,0,0.8,0.6590909090909092,0.9234805074337382,0.9770125453276268,0.9438226818334159,0
FARM_10,FARM_10_C040,0.13254820235381512,0.5604637137355966,6,0,0.8,0.6590909090909092,0.8533275977805435,0.9246847257993017,0.8804433064276715,0
FARM_10,FARM_10_C041,0.12697231474660012,0.4609949814754133,5,0,0.8,0.6590909090909092,0.91318050186745,0.9853560089381029,0.9406071945542982,0
FARM_10,FARM_10_C042,0.1319023573472742,0.5072664779635983,8,1,0.8,0.6590909090909092,0.9106769155226998,0.9806596288039355,0.9372703465695693,0
FARM_10,FARM_10_C043,0.14395680411628703,0.5698815983437697,9,0,0.8,0.6590909090909092,0.8993173758358279,0.9278209192124379,0.9101487223189397,0
FARM_10,FARM_10_C044,0.13551235396703676,0.5124161436832512,1,0,0.8,0.6590909090909092,0.9160425845352622,0.975180111384133,0.9385148447378331,0
FARM_10,FARM_10_C045,0.1328008546222424,0.4449550304939056,2,0,0.8,0.6590909090909092,0.8390694504974364,0.8924423893343838,0.8593511672554764,0
FARM_10,FARM_10_C046,0.14652080941409767,0.5644725634271797,5,1,0.8,0.6590909090909092,0.9011234579093773,0.9523264923390911,0.9205806109926686,0
FARM_10,FARM_10_C047,0.14169212484979796,0.5208148745165759,6,1,0.8,0.6590909090909092,0.8707738511725496,0.9106664151683006,0.885933025490935,0
FARM_10,FARM_10_C048,0.13361224987072537,0.4159530973028255,4,0,0.8,0.6590909090909092,0.8446075410399577,0.9599898453083,0.8884528166619278,0
FARM_10,FARM_10_C049,0.12905778983722696,0.3542650548814726,0,0,0.8,0.6590909090909092,0.9102214647572545,0.9261866238968123,0.9162882252302864,0
FARM_10,FARM_10_C050,0.12946014959857685,0.4990488033911371,2,0,0.8,0.6590909090909092,0.8379621748916802,0.9896071341548918,0.8955872594117006,0
FARM_10,FARM_10_C051,0.11946143577195643,0.38942515180967907,2,0,0.8,0.6590909090909092,0.8893975625532523,0.9142993216436298,0.8988602310075958,0
FARM_10,FARM_10_C052,0.10852044302675241,0.3290140244396798,1,0,0.8,0.6590909090909092,0.9472807323570397,0.9401380110087442,0.9445664982446874,0
FARM_10,FARM_10_C053,0.10571035316256214,0.557882268728718,3,0,0.8,0.6590909090909092,0.8693337987335773,0.9963570480756783,0.9176026334835756,0
FARM_10,FARM_10_C054,0.09897620924388491,0.30776955339860895,1,0,0.8,0.6590909090909092,0.9210359963906734,0.9648878693222579,0.9376997081046754,0
FARM_10,FARM_10_C055,0.1018984453087779,0.47432456918256116,0,0,0.8,0.6590909090909092,0.8803484881184124,0.9784792211554724,0.9176381666724951,0
FARM_10,FARM_10_C056,0.09662066097698356,0.2870273311289818,0,0,0.8,0.6590909090909092,0.9379534204511346,0.9548751680252007,0.9443836845292797,0
FARM_10,FARM_10_C057,0.10087124009908208,0.511639201962852,1,1,0.8,0.6590909090909092,0.9113560197291026,0.9354914034232072,0.9205274655328624,0
FARM_10,FARM_10_C058,0.0943934877381759,0.3844437176976936,1,0,0.8,0.6590909090909092,0.9337490840650663,0.9753538244861983,0.9495588854250965,0
FARM_10,FARM_10_C059,0.10030744794476391,0.43761425764444917,3,0,0.8,0.6590909090909092,0.8837835881272146,0.9778467593441904,0.9195275931896654,0
FARM_10,FARM_10_C060,0.11363281026482629,0.5545282120279711,2,0,0.8,0.6590909090909092,0.8988884967854481,0.992575773613232,0.934489661980006,0
FARM_10,FARM_10_C061,0.11109816107600828,0.3345470719599675,1,0,0.8,0.6590909090909092,0.8716484204666616,0.981817002273045,0.9135124815530873,0
FARM_10,FARM_10_C062,0.1182674475274212,0.4250915060636412,1,0,0.8,0.6590909090909092,0.8858159855635864,0.9323593692202747,0.903502471353128,0
FARM_10,FARM_10_C063,0.13559679291137314,0.5237382309182144,3,0,0.8,0.6590909090909092,0.8791409477470723,0.9090678149185395,0.8905131572722298,0
FARM_10,FARM_10_C064,0.11226300121366574,0.35567293768491004,1,0,0.8,0.6590909090909092,0.951018095446154,0.9651905991728797,0.9564036468623097,0
FARM_10,FARM_10_C065,0.1411442119252969,0.47821245016297975,5,1,0.8,0.6590909090909092,0.9205619993272276,0.9642283192366184,0.9371552008927961,0
FARM_10,FARM_10_C066,0.1283644871608867,0.4833915735593346,3,0,0.8,0.6590909090909092,0.9192035700642116,0.9315360654095343,0.9238899182954342,0
FARM_10,FARM_10_C067,0.15836561022312926,0.5739368121268137,5,2,0.8,0.6590909090909092,0.8560572651109823,0.9547553215529636,0.8935625265589352,0
FARM_10,FARM_10_C068,0.13477178429309258,0.46450503351107264,2,1,0.8,0.6590909090909092,0.9261050756844886,0.975297783315296,0.9447983045841954,0
FARM_10,FARM_10_C069,0.13770796039817756,0.6695680166743456,2,1,0.8,0.6590909090909092,0.8533176806257188,0.9370398837982911,0.8851321178312962,0
FARM_10,FARM_10_C070,0.12490970990906414,0.4283300986715635,3,0,0.8,0.6590909090909092,0.8813357245778803,0.9400013749590623,0.9036286717227294,0
FARM_10,FARM_10_C071,0.11338561375920322,0.3780546588781139,1,0,0.8,0.6590909090909092,0.8959496391270138,0.9534225025133771,0.9177893272138318,0
FARM_10,FARM_10_C072,0.11295134168075445,0.35520278926391846,0,0,0.8,0.6590909090909092,0.8779311025963719,0.9795741084481273,0.9165554448200389,0
FARM_10,FARM_10_C073,0.10803412223972515,0.4860760919277082,0,1,0.8,0.6590909090909092,0.8690645191657389,0.957504508612107,0.9026717151553588,0
FARM_10,FARM_10_C074,0.10702522321800642,0.41171381671604945,1,0,0.8,0.6590909090909092,0.9449147585994832,0.9358502759951527,0.9414702552098375,0
FARM_10,FARM_10_C075,0.09910093470985097,0.43810554338369223,1,0,0.8,0.6590909090909092,0.9051440141566517,0.971568611270364,0.9303853610598624,0
FARM_10,FARM_10_C076,0.09796800522448186,0.35136301611824355,1,0,0.8,0.6590909090909092,0.9464648759717285,0.9696791895361563,0.955286315126211,0
FARM_10,FARM_10_C077,0.10425039611160357,0.45210138791325827,1,0,0.8,0.6590909090909092,0.8792464359094992,0.9434697603994737,0.9036512992156895,0
FARM_10,FARM_10_C078,0.10172486990879194,0.3956670558629162,0,0,0.8,0.6590909090909092,0.8996532103100161,0.9317901148925974,0.9118652340513971,0
FARM_10,FARM_10_C079,0.105815299268258,0.4529943881346632,0,0,0.8,0.6590909090909092,0.8829463633153546,0.9579223202757461,0.9114372269603033,0
FARM_10,FARM_10_C080,0.10323157820299578,0.43569871228040286,1,0,0.8,0.6590909090909092,0.9003976625423421,0.9639600467159746,0.9245513685283224,0
FARM_11,FARM_11_C001,0.12363063586180269,0.4159445083913362,2,0,0.85,0.6045454545454546,0.8470755795496429,0.9241259584243686,0.8763547235220386,0
FARM_11,FARM_11_C002,0.12602071075693042,0.369640613368748,1,1,0.85,0.6045454545454546,0.8810239161964177,0.954344468679507,0.9088857261399916,0
FARM_11,FARM_11_C003,0.12043970995826424,0.36728183317224394,2,0,0.85,0.6045454545454546,0.9029109243445668,0.9666490264633336,0.9271314031496982,0
FARM_11,FARM_11_C004,0.12647235221303788,0.519535580079211,2,1,0.85,0.6045454545454546,0.8468948873769051,0.9234244668291809,0.8759761275687699,0
FARM_11,FARM_11_C005,0.12807509860601826,0.4166550913292465,5,0,0.85,0.6045454545454546,0.8247754599997548,0.933307237736003,0.8660175355395291,0
FARM_11,FARM_11_C006,0.12253243369653738,0.3662032509006976,2,1,0.85,0.6045454545454546,0.8948835789585734,0.9819577893504867,0.9279717789075005,0
FARM_11,FARM_11_C007,0.11882351818521651,0.41549505353001426,1,0,0.85,0.6045454545454546,0.8813386259238634,0.9599794962391536,0.9112221566436737,0
FARM_11,FARM_11_C008,0.10037303071683355,0.3316518390091126,0,0,0.85,0.6045454545454546,0.9404211863583986,0.9617182599440971,0.9485140743209639,0
FARM_11,FARM_11_C009,0.10425336342751858,0.45477105228785863,0,1,0.85,0.6045454545454546,0.8848572014240675,0.9956909990620362,0.9269740445264956,0
FARM_11,FARM_11_C010,0.09099154328456018,0.30143107311645057,0,0,0.85,0.6045454545454546,0.98,0.9665073492034605,0.9748727926973151,0
FARM_11,FARM_11_C011,0.08881231429377305,0.49771323613974594,1,0,0.85,0.6045454545454546,0.8274261753308424,0.9369904738145662,0.8690606087546575,0
FARM_11,FARM_11_C012,0.08569852102586545,0.4796784487767427,1,1,0.85,0.6045454545454546,0.8827049122654533,0.9625572226561792,0.913048790213929,0
FARM_11,FARM_11_C013,0.08170347508589071,0.5798856283606976,2,1,0.85,0.6045454545454546,0.9394544217886115,1.0,0.9624617415089392,0
FARM_11,FARM_11_C014,0.09149744866642877,0.5559386009492585,1,0,0.85,0.6045454545454546,0.9401150657835412,0.9129865368031962,0.92980622477101,0
FARM_11,FARM_11_C015,0.08128834704329117,0.3040581514821402,0,0,0.85,0.6045454545454546,0.8884453112211907,0.9554099148895772,0.9138918606151776,0
FARM_11,FARM_11_C016,0.10381037364363259,0.49270776123166515,4,0,0.85,0.6045454545454546,0.8313819275283811,0.9688361538741712,0.8836145335397814,0
FARM_11,FARM_11_C017,0.09496007570341253,0.402412165907135,2,1,0.85,0.6045454545454546,0.8771813611693114,0.970107734681392,0.9124933831039022,0
FARM_11,FARM_11_C018,0.10032142803359062,0.45927404230177465,1,1,0.85,0.6045454545454546,0.8886084960243967,0.9653261006103898,0.9177611857670741,0
FARM_11,FARM_11_C019,0.11403705061148343,0.37820374397391504,3,0,0.85,0.6045454545454546,0.8584288443539245,0.9515864013449767,0.8938287160105244,0
FARM_11,FARM_11_C020,0.10636905446784617,0.5039547359438713,3,0,0.85,0.6045454545454546,0.8623145425927318,0.96624158743857,0.9018068196341502,0
FARM_11,FARM_11_C021,0.11397689878678013,0.43172149207060295,2,0,0.85,0.6045454545454546,0.8903166971672457,0.9592793291402046,0.9165224973169701,0
FARM_11,FARM_11_C022,0.12420079174806184,0.43337465772716255,2,0,0.85,0.6045454545454546,0.9073248502449414,0.9666200961911267,0.9298570437044917,0
FARM_11,FARM_11_C023,0.11519357027680271,0.4367987361878349,2,0,0.85,0.6045454545454546,0.8722568347748924,0.9708868840788659,0.9097362535104023,0
FARM_11,FARM_11_C024,0.12258681689190316,0.4556829632660048,0,0,0.85,0.6045454545454546,0.86266611839651,0.9238355572494952,0.8859105051606443,0
FARM_11,FARM_11_C025,0.1285900891405454,0.4469781911779399,4,1,0.85,0.6045454545454546,0.9165550867960642,1.0,0.9482641538135598,0
FARM_11,FARM_11_C026,0.13291964112589494,0.44184340826387075,6,0,0.85,0.6045454545454546,0.9300162077088692,0.9700507041863194,0.9452293163703003,0
FARM_11,FARM_11_C027,0.12422884598102166,0.35150434416821663,1,0,0.85,0.6045454545454546,0.8785515704291273,0.9225339326987008,0.8952648680915654,0
FARM_11,FARM_11_C028,0.12229812999875925,0.39622732044069603,4,0,0.85,0.6045454545454546,0.8764631371512063,0.9298259333356925,0.896740999701311,0
FARM_11,FARM_11_C029,0.1033560606084662,0.41042427286909333,1,0,0.85,0.6045454545454546,0.8369879014638779,0.9587845339651401,0.8832706218143576,0
FARM_11,FARM_11_C030,0.1107973953811043,0.447587356579755,0,0,0.85,0.6045454545454546,0.9075288316454699,0.9290905601882808,0.9157222884917381,0
FARM_11,FARM_11_C031,0.1007161563237399,0.440282948745453,0,0,0.85,0.6045454545454546,0.9170971717959906,0.9665890666104687,0.9359040918254923,0
FARM_11,FARM_11_C032,0.08883210944175376,0.29059628639205737,0,0,0.85,0.6045454545454546,0.9443252103302163,0.9863827006195317,0.9603070566401561,0
FARM_11,FARM_11_C033,0.08326482235546966,0.2834726313042789,0,0,0.85,0.6045454545454546,0.98,0.9912941488421095,0.9842917765600017,0
FARM_11,FARM_11_C034,0.09589966136554554,0.617514539800872,1,1,0.85,0.6045454545454546,0.8736162000320035,0.9849938768111829,0.9159397172080916,0
FARM_11,FARM_11_C035,0.08224927900526045,0.263367069415933,0,0,0.85,0.6045454545454546,0.9454131293767482,1.0,0.9661561402135839,0
FARM_11,FARM_11_C036,0.09484763716654944,0.5049770842373215,0,2,0.85,0.6045454545454546,0.904258918256238,0.9249749683097974,0.9121310172765906,0
FARM_11,FARM_11_C037,0.10261728862024046,0.4893494297409978,3,0,0.85,0.6045454545454546,0.8695645626058595,0.9876544318206341,0.9144387129074738,0
FARM_11,FARM_11_C038,0.11904018001459714,0.5799407644331325,1,0,0.85,0.6045454545454546,0.9392459400934431,0.9592507534318527,0.9468477691620387,0
FARM_11,FARM_11_C039,0.09481984395863102,0.3640144942306962,1,0,0.85,0.6045454545454546,0.9152764303604646,0.9113773141205304,0.9137947661892896,0
FARM_11,FARM_11_C040,0.10623744961845531,0.5009375402228415,4,0,0.85,0.6045454545454546,0.9017642780005856,0.9596497941230205,0.9237607741271108,0
FARM_11,FARM_11_C041,0.12189640661621388,0.6449358559537512,1,2,0.85,0.6045454545454546,0.8338445882764559,0.9353638662437712,0.8724219139040357,0
FARM_11,FARM_11_C042,0.10302893707231336,0.40923844950284133,2,0,0.85,0.6045454545454546,0.9217240780580278,0.9624685498022104,0.9372069773208171,0
FARM_11,FARM_11_C043,0.1250316087328361,0.45660105260397305,2,0,0.85,0.6045454545454546,0.8661951689664974,0.9736063352198943,0.9070114121427881,0
FARM_11,FARM_11_C044,0.12985687855835665,0.5167204846874359,1,0,0.85,0.6045454545454546,0.8720069023251273,0.933176495822969,0.8952513478543072,0
FARM_11,FARM_11_C045,0.12379621253139914,0.6056064993274002,3,0,0.85,0.6045454545454546,0.8624581071063062,0.9612743063449464,0.9000082628169894,0
FARM_11,FARM_11_C046,0.136776548366163,0.5146984891544567,4,0,0.85,0.6045454545454546,0.8159584650389614,0.9533202499298269,0.8681559432974904,0
FARM_11,FARM_11_C047,0.12233326920947962,0.3993295125449327,1,2,0.85,0.6045454545454546,0.8841453029168174,0.9423556226138735,0.9062652244016987,0
FARM_11,FARM_11_C048,0.11664361959794506,0.4321957238098043,1,0,0.85,0.6045454545454546,0.9387016138987871,0.9731323039793625,0.9517852761294059,0
FARM_11,FARM_11_C049,0.11403130417878311,0.4312928734327448,2,0,0.85,0.6045454545454546,0.8585053213317724,0.9328918187847344,0.8867721903638979,0
FARM_11,FARM_11_C050,0.11781103113486661,0.4987619274001853,2,1,0.85,0.6045454545454546,0.8386974799643516,0.9794551642354182,0.892185399987357,0
FARM_11,FARM_11_C051,0.09572668661879896,0.2947953792111357,0,0,0.85,0.6045454545454546,0.9637724795176555,0.9757876212743708,0.9683382333852073,0
FARM_11,FARM_11_C052,0.11354026929834536,0.3859600529366959,1,1,0.85,0.6045454545454546,0.909915239387989,0.9833880010792259,0.937834888830659,0
FARM_11,FARM_11_C053,0.091909400170938,0.4352099500323222,1,0,0.85,0.6045454545454546,0.8243015570527839,0.9680369408463027,0.8789210028943211,0
FARM_11,FARM_11_C054,0.08898130313224978,0.27178100617373113,0,0,0.85,0.6045454545454546,0.9118775272171546,1.0,0.9453640668746359,0
FARM_11,FARM_11_C055,0.09405421342875943,0.4497406597578298,1,1,0.85,0.6045454545454546,0.8616905730230815,0.9829555948581464,0.9077712813204062,0
FARM_11,FARM_11_C056,0.09990613805092605,0.5091244013997978,2,0,0.85,0.6045454545454546,0.858811079138235,0.9404263643808473,0.8898248875304278,0
FARM_11,FARM_11_C057,0.0865574883410685,0.303081589578821,0,0,0.85,0.6045454545454546,0.9706823225192929,0.9553840059073537,0.9648689622067561,0
FARM_11,FARM_11_C058,0.09306510256368644,0.3606943159786478,1,2,0.85,0.6045454545454546,0.9423794362400253,0.958003419794883,0.9483165499908712,0
FARM_11,FARM_11_C059,0.09464289152606414,0.36222367675421974,0,0,0.85,0.6045454545454546,0.9061276202713187,0.9304432019606008,0.9153675413132458,0
FARM_11,FARM_11_C060,0.09681341291759701,0.3187865486055683,0,0,0.85,0.6045454545454546,0.9010161455403013,0.9595812484193235,0.9232708846343297,0
FARM_11,FARM_11_C061,0.11205112005821413,0.35552038173378503,3,0,0.85,0.6045454545454546,0.9291154205144188,0.9418637804284359,0.9339597972817453,0
FARM_11,FARM_11_C062,0.11445532603475378,0.5436159422148066,2,0,0.85,0.6045454545454546,0.8916028412194418,0.9800143627290657,0.9251992193930989,0
FARM_11,FARM_11_C063,0.12413879552348811,0.43885797123350234,8,0,0.85,0.6045454545454546,0.9437773168975885,0.9193950226865756,0.9345120450974036,0
FARM_11,FARM_11_C064,0.1240644534241899,0.4351870743959545,3,0,0.85,0.6045454545454546,0.9085200195697725,0.9999019023731521,0.9432451350350568,0
FARM_11,FARM_11_C065,0.13306975919816258,0.5406058502063209,4,0,0.85,0.6045454545454546,0.861135905893448,0.8715870681070542,0.8651073475346184,0
FARM_11,FARM_11_C066,0.11511683684384859,0.399780526741875,4,0,0.85,0.6045454545454546,0.9380696674734506,0.9646167143508627,0.9481575452868671,0
FARM_11,FARM_11_C067,0.1281566273353248,0.47447583801408755,4,0,0.85,0.6045454545454546,0.8866636944584213,0.96390891242762,0.9160168772867168,0
FARM_11,FARM_11_C068,0.12852554307961953,0.5037329846106976,2,0,0.85,0.6045454545454546,0.8662837533987762,0.923420096485411,0.8879955637716974,0
FARM_11,FARM_11_C069,0.1264387132014077,0.47232889190459343,1,0,0.85,0.6045454545454546,0.828657169707817,0.9703383382280812,0.8824960137455173,0
FARM_11,FARM_11_C070,0.11183167808332041,0.5392749072878189,2,0,0.85,0.6045454545454546,0.8131264287985273,0.9982863538253065,0.8834872003087033,0
FARM_11,FARM_11_C071,0.10745331020871231,0.37409253326787345,0,0,0.85,0.6045454545454546,0.9289697895543733,0.9490335610109412,0.9365940227078691,0
FARM_11,FARM_11_C072,0.1116563095300787,0.4010068516314038,2,0,0.85,0.6045454545454546,0.8974384082369915,0.9459295488386845,0.9158650416656349,0
FARM_11,FARM_11_C073,0.09615008937469693,0.3278192231819216,1,0,0.85,0.6045454545454546,0.9662433399015575,0.9343211406837918,0.9541129041988066,0
FARM_11,FARM_11_C074,0.09947792183116021,0.3438706233796996,0,0,0.85,0.6045454545454546,0.9108943385397564,0.9577193254162377,0.9286878335528193,0
FARM_11,FARM_11_C075,0.09539452124202553,0.32548940521817765,1,0,0.85,0.6045454545454546,0.894240138558188,0.9263767153305755,0.9064520377316952,0
FARM_11,FARM_11_C076,0.09379433670454727,0.3000076468781111,0,0,0.85,0.6045454545454546,0.8501505782015227,0.9790639435960057,0.8991376570514262,0
FARM_11,FARM_11_C077,0.10191126201870862,0.45669981499540413,1,0,0.85,0.6045454545454546,0.8978666689863078,0.919688922172379,0.9061591251970149,0
FARM_11,FARM_11_C078,0.09460278025511505,0.44279795297515484,1,0,0.85,0.6045454545454546,0.8893221516194754,0.9546503201115467,0.9141468556464625,0
FARM_11,FARM_11_C079,0.09267538988802951,0.43002357230439797,0,0,0.85,0.6045454545454546,0.9003395771345479,0.9903152637251802,0.9345303380389882,0
FARM_11,FARM_11_C080,0.09621012402535495,0.38106308090586993,2,0,0.85,0.6045454545454546,0.9210263377539797,0.9517506880656881,0.9327015908724289,0
FARM_12,FARM_12_C001,0.1039578348104144,0.3689279303924665,1,0,0.9,0.55,0.9725840582426808,0.9488365128265586,0.9635599909845542,0
FARM_12,FARM_12_C002,0.12005164170175993,0.5999526047646158,1,0,0.9,0.55,0.853594918375958,0.9768704665766645,0.9004396266922265,0
FARM_12,FARM_12_C003,0.11574566914076558,0.34717227431731895,0,0,0.9,0.55,0.936395911877879,0.9777439975329145,0.9521081844267925,0
FARM_12,FARM_12_C004,0.12435816077492758,0.443582128566433,3,0,0.9,0.55,0.9259351999204893,0.9651308950720409,0.9408295640780788,0
FARM_12,FARM_12_C005,0.11548399590388021,0.5270460619911747,2,1,0.9,0.55,0.892795798120703,0.9540077197589616,0.9160563283432412,0
FARM_12,FARM_12_C006,0.10938206489404152,0.47349572497510856,5,0,0.9,0.55,0.8939759349018777,0.9657008837910269,0.9212314154797544,0
FARM_12,FARM_12_C007,0.10568310179314559,0.45852433942640636,0,0,0.9,0.55,0.8911945032981089,0.9706254036327824,0.9213782454252848,0
FARM_12,FARM_12_C008,0.08916811171800357,0.36029361030929913,1,0,0.9,0.55,0.928319027550921,0.9838003866932773,0.9494019440250164,0
FARM_12,FARM_12_C009,0.08925127969684546,0.282519682482678,0,0,0.9,0.55,0.9735084366780098,0.978209187480517,0.9752947219829626,0
FARM_12,FARM_12_C010,0.09046383316498989,0.31269231955821153,0,0,0.9,0.55,0.9436033565320852,1.0,0.9650340810498927,0
FARM_12,FARM_12_C011,0.08554059125274437,0.3316266533990178,0,0,0.9,0.55,0.8870803131094012,1.0,0.9299897941278287,0
FARM_12,FARM_12_C012,0.08440015029741595,0.316363613252964,0,0,0.9,0.55,0.9689938724766467,0.9915731872813576,0.9775740121024369,0
FARM_12,FARM_12_C013,0.08131589628596353,0.3029505347715845,0,0,0.9,0.55,0.8860922486453544,1.0,0.9293771941601198,0
FARM_12,FARM_12_C014,0.08230788672787621,0.3327737838955364,0,0,0.9,0.55,0.9497813380437679,0.9431653196785974,0.9472672510650031,0
FARM_12,FARM_12_C015,0.09564622646059151,0.40505691153383594,2,0,0.9,0.55,0.9187353195848811,1.0,0.9496158981426263,0
FARM_12,FARM_12_C016,0.09101023334284136,0.4307491046576025,1,0,0.9,0.55,0.9333978116611177,0.9892519304876639,0.9546223768152052,0
FARM_12,FARM_12_C017,0.09428803345408272,0.5817974129037683,0,1,0.9,0.55,0.8251624887372921,0.995323427753534,0.889823645563464,0
FARM_12,FARM_12_C018,0.08052944379280086,0.24960261174485096,0,0,0.9,0.55,0.9333236525326972,1.0,0.9586606645702723,0
FARM_12,FARM_12_C019,0.096892018371089,0.3579461480136714,1,0,0.9,0.55,0.9650697333099585,0.918606295940049,0.9474136271093928,0
FARM_12,FARM_12_C020,0.09765577344263417,0.4082242756697847,1,0,0.9,0.55,0.9081007574010125,0.8989288209308013,0.9046154215423323,0
FARM_12,FARM_12_C021,0.10535685666244486,0.35920774991301363,1,1,0.9,0.55,0.8448457066112066,0.9515395966099187,0.8853893848107173,0
FARM_12,FARM_12_C022,0.10826494814551273,0.47414561441075787,2,0,0.9,0.55,0.8402306783726236,0.9422931187596444,0.8790144057196915,0
FARM_12,FARM_12_C023,0.1291068153082419,0.5216215129350499,4,0,0.9,0.55,0.8556211285227749,0.980196376542608,0.9029597227703116,0
FARM_12,FARM_12_C024,0.12126236956739438,0.4957885496110064,4,1,0.9,0.55,0.8356033449601148,0.9907956878341738,0.8945764352522572,0
FARM_12,FARM_12_C025,0.11380326367526129,0.4586898547266512,0,0,0.9,0.55,0.8895088953570729,0.9667697847408075,0.918868033322892,0
FARM_12,FARM_12_C026,0.12643904536087477,0.357037559555287,1,0,0.9,0.55,0.8962937948820621,0.9645189828144339,0.9222193662963634,0
FARM_12,FARM_12_C027,0.10810494531587364,0.4455342241500688,2,0,0.9,0.55,0.8756734814520166,0.9793497488373606,0.9150704630584473,0
FARM_12,FARM_12_C028,0.10086071050854814,0.3013678892647814,0,0,0.9,0.55,0.9206780537038728,0.9898894333320888,0.9469783779625949,0
FARM_12,FARM_12_C029,0.11156639743555549,0.4287997112192955,0,0,0.9,0.55,0.9097851654391683,0.9632396021911817,0.9300978514049334,0
FARM_12,FARM_12_C030,0.09685899311195058,0.2732106992394257,0,0,0.9,0.55,0.8927590866982315,0.932046563544529,0.9076883278998246,0
FARM_12,FARM_12_C031,0.07753453587642657,0.3123183812531038,2,0,0.9,0.55,0.9183656643699605,0.9995770037194612,0.9492259733227708,0
FARM_12,FARM_12_C032,0.09262284572514809,0.3342619368086822,1,0,0.9,0.55,0.9374602750762135,0.9865209501351623,0.956103331598614,0
FARM_12,FARM_12_C033,0.08472903966316393,0.28395715283140033,0,0,0.9,0.55,0.8929084509071745,0.9980914882007095,0.9328780050787178,0
FARM_12,FARM_12_C034,0.0872034247211162,0.36202629244844153,1,0,0.9,0.55,0.8882140454927103,0.9868118264530029,0.9256812022576215,0
FARM_12,FARM_12_C035,0.08888284357883539,0.5262140468163153,1,1,0.9,0.55,0.8938908925416617,0.9868187403846722,0.9292034747220057,0
FARM_12,FARM_12_C036,0.08244919062335623,0.37942408131199956,2,0,0.9,0.55,0.8747278234596234,0.9766264642560907,0.913449306962281,0
FARM_12,FARM_12_C037,0.08154237043319655,0.29818725503409527,1,0,0.9,0.55,0.9350340902671104,0.9403527340807173,0.937055174916281,0
FARM_12,FARM_12_C038,0.08087916571407293,0.26401043214025205,0,0,0.9,0.55,0.947216354460098,0.9790691930969958,0.9593204331421192,0
FARM_12,FARM_12_C039,0.10118179632812682,0.5138641525656945,1,0,0.9,0.55,0.8582586568990415,0.9781147522537849,0.903803973133844,0
FARM_12,FARM_12_C040,0.09832270580839576,0.5012500462280837,3,0,0.9,0.55,0.9353308490429171,0.977727927684304,0.9514417389266442,0
FARM_12,FARM_12_C041,0.09555622908660753,0.3830305344780689,1,0,0.9,0.55,0.8894890396604204,0.9747357648790793,0.9218827952435108,0
FARM_12,FARM_12_C042,0.09593807671765477,0.4176660061812172,0,0,0.9,0.55,0.9425512666373372,1.0,0.9643817853151491,0
FARM_12,FARM_12_C043,0.11553727480405228,0.3276157556474714,1,0,0.9,0.55,0.8766542228198927,0.999587962782588,0.923369044005717,0
FARM_12,FARM_12_C044,0.11705874862272429,0.415278471493477,2,0,0.9,0.55,0.8868104266822812,0.9930068938550959,0.9271650842079507,0
FARM_12,FARM_12_C045,0.12283545962985573,0.4396605342058623,3,0,0.9,0.55,0.9186304953095797,0.9692059293989203,0.9378491602635292,0
FARM_12,FARM_12_C046,0.12113207285047123,0.34260160365465947,6,0,0.9,0.55,0.9050945019280728,0.9853274015658982,0.9355830037904465,0
FARM_12,FARM_12_C047,0.1229312467527433,0.3761384666234199,4,0,0.9,0.55,0.9114731816499339,0.9893660418215302,0.9410724685151405,0
FARM_12,FARM_12_C048,0.1182285560542999,0.5174651645832904,4,0,0.9,0.55,0.8988641940066123,0.9954100659868775,0.9355516253591132,0
FARM_12,FARM_12_C049,0.11790656616306411,0.40764603020298157,2,0,0.9,0.55,0.924137379320146,0.9662090281924166,0.9401246058916087,0
FARM_12,FARM_12_C050,0.10092063413580492,0.5732643609421132,1,1,0.9,0.55,0.8136608617703613,0.9880402629730485,0.8799250342273823,0
FARM_12,FARM_12_C051,0.09990702810611851,0.3344256980509697,1,0,0.9,0.55,0.870237564256383,0.9371864443600411,0.8956781386957731,0
FARM_12,FARM_12_C052,0.08694078004923894,0.4022327017760201,1,1,0.9,0.55,0.8853564433231669,1.0,0.9289209948603635,0
FARM_12,FARM_12_C053,0.09912889048599922,0.58745649990565,2,0,0.9,0.55,0.9104272870296763,0.9920536330230894,0.9414452985071733,0
FARM_12,FARM_12_C054,0.08988912484848198,0.29009143547037636,0,0,0.9,0.55,0.93106800762214,1.0,0.9572621647257268,0
FARM_12,FARM_12_C055,0.08261546144571082,0.4757485495889799,0,1,0.9,0.55,0.8101230137572148,0.9447903913109527,0.8612966172276352,0
FARM_12,FARM_12_C056,0.08367072448548245,0.4091088935755445,1,0,0.9,0.55,0.8755312022714518,0.9898506327058767,0.9189725858365332,0
FARM_12,FARM_12_C057,0.0878074183229029,0.46510757977377337,1,0,0.9,0.55,0.9022826877068727,0.9893957262659362,0.9353856423593169,0
FARM_12,FARM_12_C058,0.08734008592829996,0.36995742378222163,0,0,0.9,0.55,0.9036030497445915,0.9630710921273553,0.9262009058500418,0
FARM_12,FARM_12_C059,0.07938069441968788,0.4366186015239011,0,0,0.9,0.55,0.958963399637119,1.0,0.9745573077750137,0
FARM_12,FARM_12_C060,0.0898006648708148,0.49854111523342476,2,0,0.9,0.55,0.9013629321555628,0.9532007582999179,0.9210613060904178,0
FARM_12,FARM_12_C061,0.0866574721384816,0.4349754876373163,3,0,0.9,0.55,0.9370276483943011,0.9565916083799291,0.9444619531888397,0
FARM_12,FARM_12_C062,0.10148709898202031,0.6273927934945105,3,1,0.9,0.55,0.8896247211275794,1.0,0.9315673270990992,0
FARM_12,FARM_12_C063,0.10511507429826969,0.3648652291419085,2,0,0.9,0.55,0.9757837079313938,0.9297696433737612,0.9582983633994934,0
FARM_12,FARM_12_C064,0.11022994267870959,0.3965545044212556,3,0,0.9,0.55,0.8772965722636868,0.9545043960689613,0.906635545309691,0
FARM_12,FARM_12_C065,0.1127239863909186,0.471954159582361,2,0,0.9,0.55,0.9004775725261002,0.9468125534948754,0.9180848652942348,0
FARM_12,FARM_12_C066,0.11046771265969312,0.3496840582934936,0,1,0.9,0.55,0.9499977589614791,0.9792537627864603,0.961115040414972,0
FARM_12,FARM_12_C067,0.12434464450252979,0.41346450441160143,1,0,0.9,0.55,0.8350900910375202,0.9576716331155276,0.881671077027163,0
FARM_12,FARM_12_C068,0.1178647207211516,0.39349052415719793,1,0,0.9,0.55,0.8515653214011034,0.9560971790407566,0.8912874273041717,0
FARM_12,FARM_12_C069,0.10634693490623826,0.35242292213295945,1,0,0.9,0.55,0.8989153601120298,0.9535042049801221,0.9196591211619048,0
FARM_12,FARM_12_C070,0.1108121385643142,0.4003941825207147,1,0,0.9,0.55,0.9328635723802168,1.0,0.9583754148757344,0
FARM_12,FARM_12_C071,0.1043264880875339,0.3777410825122392,1,0,0.9,0.55,0.8588797821794336,0.9934774118528702,0.9100268814553395,0
FARM_12,FARM_12_C072,0.09368353880768124,0.3439904427518148,0,0,0.9,0.55,0.903140784307785,0.9849489452969088,0.9342278854836521,0
FARM_12,FARM_12_C073,0.09654956399850834,0.3697702267737412,0,0,0.9,0.55,0.9798830250782161,0.9543356544255396,0.970175024230199,0
FARM_12,FARM_12_C074,0.10545869540528335,0.4161809225405044,3,1,0.9,0.55,0.8558977425556427,0.9801846343749601,0.9031267614469833,0
FARM_12,FARM_12_C075,0.08820053401907972,0.35442183921841197,0,1,0.9,0.55,0.9618072736528243,0.9701058245045804,0.9649607229764916,0
FARM_12,FARM_12_C076,0.09247318895995978,0.3207907655700033,0,0,0.9,0.55,0.9339392797721292,1.0,0.9590423534587201,0
FARM_12,FARM_12_C077,0.09118746917758844,0.3849407578007126,1,0,0.9,0.55,0.98,0.9818102505280886,0.9806878952006737,0
FARM_12,FARM_12_C078,0.07846611377628472,0.32401627295510704,0,0,0.9,0.55,0.8856868414354493,1.0,0.9291258416899786,0
FARM_12,FARM_12_C079,0.083028837075644,0.3441672761178791,0,1,0.9,0.55,0.8591211659514797,0.9932337702865912,0.910083955598822,0
FARM_12,FARM_12_C080,0.08809207935297438,0.35235749551024653,1,0,0.9,0.55,0.8962858156301196,0.9950439454478774,0.9338139049608676,0
